session_id,customer_id,station_id,connection_id,date_id,kwh_charged,duration_minutes,revenue_usd,cost_usd
1001,945752108,507763,872667,20260809,34.96,101,13.98,6.29
1003,4206691649,507818,872793,20260815,63.56,44,25.42,11.44
1004,3630356937,507810,872784,20260904,52.89,64,21.16,9.52
1005,928631586,507807,872779,20260906,17.48,101,6.99,3.15
1006,3777134967,507763,872674,20260810,17.48,23,6.99,3.15
1007,4058636535,507763,872665,20260813,9.65,19,3.86,1.74
1008,2517344803,507996,873159,20260819,74.29,89,29.72,13.37
1009,940584763,507763,872661,20260904,53.09,25,21.24,9.56
1010,2252475184,508012,873187,20260904,61.65,63,24.66,11.1
1011,2401773506,507919,872978,20260819,6.65,104,2.66,1.2
1012,2815538481,507739,872626,20260906,82.59,115,33.04,14.87
1013,3348316481,507738,872624,20260808,71.6,98,28.64,12.89
1014,587592620,507763,872662,20260829,21.99,86,8.8,3.96
1015,138025231,507806,872776,20260822,19.55,79,7.82,3.52
1016,1805398712,507807,872781,20260819,19.67,53,7.87,3.54
1017,4267344724,507930,873007,20260813,29.34,82,11.74,5.28
1018,977137242,508016,873192,20260827,46.98,54,18.79,8.46
1019,2880027707,507738,872623,20260826,39.56,109,15.82,7.12
1020,849230422,508003,873173,20260906,28.3,65,11.32,5.09
1021,3293196591,507803,872770,20260810,53.95,116,21.58,9.71
1022,2254823928,507996,873159,20260903,16.16,93,6.46,2.91
1023,3848422742,507919,872977,20260827,28.37,91,11.35,5.11
1024,3254837508,507806,872777,20260904,34.31,116,13.72,6.18
1025,3848460415,507919,872984,20260826,41.49,66,16.6,7.47
1026,3091229601,508011,873186,20260812,67.81,30,27.12,12.21
1027,3343367651,507819,872795,20260819,20.97,77,8.39,3.77
1028,1153406706,507715,872554,20260812,46.14,59,18.46,8.31
1029,365777297,507771,872714,20260813,52.39,42,20.96,9.43
1030,3649385704,507919,872978,20260822,8.72,100,3.49,1.57
1031,550233562,507829,872813,20260826,53.6,16,21.44,9.65
1032,484257161,507819,872795,20260826,18.64,79,7.46,3.36
1033,191597805,507771,872713,20260818,10.2,24,4.08,1.84
1035,3881834083,507829,872812,20260903,82.25,41,32.9,14.8
1036,1530433532,507763,872665,20260816,69.67,84,27.87,12.54
1037,1063808404,507763,872662,20260827,29.37,29,11.75,5.29
1038,2103909611,507866,872874,20260904,12.81,97,5.12,2.31
1039,2662563501,507763,872663,20260824,59.74,24,23.9,10.75
1040,2180458703,507862,872868,20260819,40.21,57,16.08,7.24
1041,2506277267,507859,872864,20260823,14.76,80,5.9,2.66
1042,3698595992,508016,873192,20260821,44.61,30,17.84,8.03
1043,3433169144,507815,872789,20260818,7.75,51,3.1,1.4
1044,2656314607,507741,872629,20260818,77.75,35,31.1,14.0
1045,2881014442,507919,872987,20260827,25.7,117,10.28,4.63
1046,3121471029,507983,873114,20260815,58.0,23,23.2,10.44
1047,2977596297,507763,872670,20260815,29.94,66,11.98,5.39
1048,1233301152,507866,872873,20260904,46.61,46,18.64,8.39
1049,3965327326,507763,872659,20260906,48.74,67,19.5,8.77
1050,3649708951,508001,873171,20260905,19.79,30,7.92,3.56
1051,4200502876,507820,872799,20260826,82.57,91,33.03,14.86
1052,2127110445,508022,873199,20260815,67.01,78,26.8,12.06
1053,490179552,508020,873197,20260813,80.16,12,32.06,14.43
1054,1756661151,507863,872869,20260813,76.59,96,30.64,13.79
1055,809220928,508007,873179,20260816,52.83,99,21.13,9.51
1056,607168251,507802,872769,20260906,78.75,46,31.5,14.18
1057,4136470237,507746,872636,20260827,12.08,97,4.83,2.17
1058,2940329442,507741,872629,20260906,20.68,58,8.27,3.72
1059,4132145189,507807,872780,20260903,8.62,28,3.45,1.55
1060,3966651707,507820,872798,20260904,31.03,98,12.41,5.59
1061,3290274574,507763,872659,20260814,36.09,94,14.44,6.5
1062,2832743674,507807,872781,20260825,26.71,21,10.68,4.81
1063,238729076,507763,872664,20260822,71.3,70,28.52,12.83
1064,1237895044,507866,872874,20260816,33.54,50,13.42,6.04
1065,1442599493,507819,872795,20260808,27.47,42,10.99,4.94
1066,2439777679,507919,872986,20260901,48.42,59,19.37,8.72
1067,357484052,507864,872870,20260902,16.27,77,6.51,2.93
1068,964977180,507772,872715,20260823,69.18,115,27.67,12.45
1069,1638426293,507865,872871,20260816,10.96,80,4.38,1.97
1070,2520992813,507861,872867,20260816,83.95,95,33.58,15.11
1071,1310525294,507806,872774,20260906,66.78,42,26.71,12.02
1072,3491204554,507816,872791,20260901,20.9,90,8.36,3.76
1073,1802203264,507763,872657,20260814,5.44,33,2.18,0.98
1074,2966482631,508017,873193,20260823,70.24,70,28.1,12.64
1075,3952752362,507779,872725,20260811,61.55,70,24.62,11.08
1076,757345073,507961,873060,20260905,63.32,107,25.33,11.4
1077,1717584730,507810,872784,20260812,66.7,37,26.68,12.01
1078,46888756,507772,872715,20260812,10.92,67,4.37,1.97
1079,2232359740,507920,872988,20260814,33.68,52,13.47,6.06
1080,668000437,507866,872874,20260904,14.27,50,5.71,2.57
1082,2865167822,508002,873172,20260818,54.86,95,21.94,9.87
1083,3455309147,507806,872777,20260823,31.47,58,12.59,5.66
1084,3971524963,507826,872809,20260826,10.08,26,4.03,1.81
1085,3827994564,507744,872633,20260902,29.88,107,11.95,5.38
1086,519986554,507807,872780,20260814,31.01,79,12.4,5.58
1087,807695504,507739,872626,20260819,63.37,119,25.35,11.41
1088,646541302,507824,872805,20260825,56.0,79,22.4,10.08
1089,4250566142,507890,872915,20260906,75.98,107,30.39,13.68
1090,3199662089,507816,872791,20260906,42.78,74,17.11,7.7
1091,2248888621,507746,872635,20260808,14.57,83,5.83,2.62
1092,3395830272,507806,872775,20260811,62.06,94,24.82,11.17
1093,4235788067,508005,873175,20260811,65.86,14,26.34,11.85
1094,273113139,507824,872805,20260824,49.9,11,19.96,8.98
1095,2601464721,507806,872775,20260902,66.68,31,26.67,12.0
1096,3673227503,507922,872997,20260822,44.5,66,17.8,8.01
1097,3191305701,507869,872878,20260819,46.82,75,18.73,8.43
1098,1164765045,507919,872987,20260905,39.2,83,15.68,7.06
1099,810345575,507763,872675,20260820,7.03,107,2.81,1.27
1101,2033434088,507763,872674,20260813,7.51,60,3.0,1.35
1102,2675566805,507811,872785,20260829,55.91,48,22.36,10.06
1104,32855983,507983,873114,20260831,45.69,85,18.28,8.22
1105,3381219083,507815,872789,20260813,77.61,97,31.04,13.97
1106,2727370518,508009,873181,20260828,24.94,49,9.98,4.49
1107,2404419103,507919,872979,20260813,37.83,47,15.13,6.81
1108,3454400264,508009,873181,20260817,65.44,69,26.18,11.78
1109,1148599391,507890,872915,20260903,23.3,68,9.32,4.19
1110,3255824464,507863,872869,20260815,11.16,19,4.46,2.01
1111,653777687,507806,872777,20260817,28.18,108,11.27,5.07
1112,3360460322,507763,872674,20260831,17.9,73,7.16,3.22
1113,2726242008,507931,873009,20260812,79.38,72,31.75,14.29
1114,2266416671,507922,872996,20260904,69.65,58,27.86,12.54
1115,2083335098,507763,872662,20260811,55.67,73,22.27,10.02
1116,4285373405,507742,872630,20260813,74.72,41,29.89,13.45
1117,475638268,507763,872667,20260816,69.29,16,27.72,12.47
1118,468813756,507771,872713,20260901,19.93,30,7.97,3.59
1119,2343254296,508022,873199,20260819,76.4,29,30.56,13.75
1120,1442950517,507771,872714,20260811,48.15,35,19.26,8.67
1121,93592440,507919,872978,20260827,69.6,77,27.84,12.53
1122,3263079797,508013,873188,20260827,76.69,119,30.68,13.8
1123,1617899886,507746,872635,20260830,30.44,95,12.18,5.48
1125,2837239234,507866,872874,20260816,23.23,113,9.29,4.18
1126,3192229528,508013,873188,20260823,39.17,94,15.67,7.05
1127,2219566084,507920,872989,20260811,70.44,88,28.18,12.68
1128,1142025144,507959,873058,20260823,73.86,95,29.54,13.29
1129,787799932,507812,872786,20260811,5.56,101,2.22,1.0
1130,2249489322,508001,873171,20260902,45.86,23,18.34,8.25
1131,1268689674,507724,872600,20260811,38.39,36,15.36,6.91
1132,1380417017,507763,872668,20260817,22.77,114,9.11,4.1
1134,3140998231,507816,872791,20260820,32.01,67,12.8,5.76
1135,832576436,507829,872813,20260814,80.43,37,32.17,14.48
1136,1601735312,507763,872667,20260905,30.86,35,12.34,5.55
1137,854343120,507820,872799,20260812,46.5,72,18.6,8.37
1138,2391252662,507919,872981,20260905,61.24,75,24.5,11.02
1139,3608859090,507771,872714,20260821,34.09,34,13.64,6.14
1140,4161208473,507919,872986,20260823,82.74,12,33.1,14.89
1141,3683694672,507714,872553,20260821,82.0,81,32.8,14.76
1142,2451400842,507815,872789,20260815,25.14,53,10.06,4.53
1143,4223739969,507929,873006,20260830,44.78,106,17.91,8.06
1144,335366152,507780,872727,20260812,29.07,51,11.63,5.23
1145,4138624700,507930,873007,20260830,27.79,108,11.12,5.0
1146,360483984,507763,872666,20260812,7.95,15,3.18,1.43
1147,2942466477,508022,873199,20260902,53.77,48,21.51,9.68
1148,3212118634,507821,872800,20260815,45.21,61,18.08,8.14
1149,3373343843,507930,873007,20260811,9.12,32,3.65,1.64
1150,2186164754,508017,873193,20260826,27.29,98,10.92,4.91
1151,3145271749,507803,872770,20260816,77.66,59,31.06,13.98
1152,1255986331,507771,872713,20260904,24.16,52,9.66,4.35
1153,715023538,507866,872872,20260907,16.59,28,6.64,2.99
1154,2828002655,507772,872715,20260904,44.16,78,17.66,7.95
1155,3406218692,507990,873122,20260813,83.85,60,33.54,15.09
1156,3011127377,507959,873058,20260821,24.36,20,9.74,4.38
1157,2524958777,507714,872553,20260813,58.77,21,23.51,10.58
1158,893608940,508015,873190,20260821,65.93,83,26.37,11.87
1159,2496796435,507825,872808,20260907,24.01,17,9.6,4.32
1161,901303656,507736,872615,20260821,34.42,101,13.77,6.2
1162,4212663207,507763,872667,20260820,55.58,50,22.23,10.0
1163,526423805,507863,872869,20260813,55.68,45,22.27,10.02
1164,1810964990,507823,872803,20260822,47.86,110,19.14,8.61
1165,604316012,507809,872783,20260808,12.22,94,4.89,2.2
1166,1555160987,507744,872633,20260814,71.82,81,28.73,12.93
1167,3478331843,507809,872783,20260816,30.66,64,12.26,5.52
1168,70607102,508005,873175,20260904,19.92,18,7.97,3.59
1169,3401062449,507763,872659,20260904,8.26,56,3.3,1.49
1170,3723646281,507763,872660,20260814,52.27,24,20.91,9.41
1171,2028296787,507921,872994,20260815,59.21,57,23.68,10.66
1172,3848209590,507746,872636,20260826,6.33,119,2.53,1.14
1173,2620115409,507961,873060,20260829,45.97,113,18.39,8.27
1175,1168682530,507763,872671,20260826,56.61,51,22.64,10.19
1176,956070464,507920,872991,20260826,18.95,69,7.58,3.41
1177,2891584360,508000,873170,20260820,60.28,93,24.11,10.85
1178,427943400,507779,872724,20260825,35.94,79,14.38,6.47
1179,944174914,507815,872789,20260816,79.94,21,31.98,14.39
1180,2791179328,507959,873058,20260816,16.0,11,6.4,2.88
1181,3963644751,508017,873193,20260828,32.29,16,12.92,5.81
1182,3933515834,507919,872978,20260817,14.08,89,5.63,2.53
1183,1408684195,507806,872775,20260828,78.98,12,31.59,14.22
1184,1521968540,507990,873122,20260821,75.19,118,30.08,13.53
1185,964851996,507804,872771,20260813,25.64,12,10.26,4.62
1186,1672652760,507823,872804,20260810,57.8,36,23.12,10.4
1187,2194182913,507890,872915,20260819,70.38,116,28.15,12.67
1188,72608429,507866,872872,20260830,49.42,49,19.77,8.9
1190,2519145373,507933,873011,20260819,24.35,42,9.74,4.38
1191,2437825064,507919,872985,20260818,12.45,101,4.98,2.24
1192,3295547893,507763,872669,20260824,76.78,10,30.71,13.82
1193,485194781,507811,872785,20260812,77.03,17,30.81,13.87
1194,1670092965,507807,872779,20260825,55.65,110,22.26,10.02
1195,3332620721,507746,872635,20260903,32.12,41,12.85,5.78
1196,3223497029,507829,872812,20260809,32.94,57,13.18,5.93
1197,1517441996,507737,872617,20260821,63.08,116,25.23,11.35
1198,688580903,508011,873186,20260905,76.77,110,30.71,13.82
1200,1022479384,507807,872780,20260906,67.39,103,26.96,12.13
1201,3801604976,508011,873186,20260825,56.36,79,22.54,10.14
1202,1268450353,507806,872777,20260829,11.73,119,4.69,2.11
1203,3287761988,507715,872554,20260827,17.93,28,7.17,3.23
1204,512469214,507763,872657,20260821,76.88,41,30.75,13.84
1205,2052669696,507745,872634,20260829,53.51,18,21.4,9.63
1206,2770330688,507807,872780,20260902,5.74,21,2.3,1.03
1207,503610507,507746,872636,20260826,13.12,20,5.25,2.36
1208,2347762365,507739,872626,20260812,58.08,55,23.23,10.45
1210,3610808152,507763,872657,20260823,17.86,10,7.14,3.21
1211,3256095705,507932,873010,20260828,48.9,72,19.56,8.8
1212,3152058687,507808,872782,20260828,60.35,118,24.14,10.86
1213,3093425616,507819,872795,20260904,57.16,30,22.86,10.29
1214,3013631737,507921,872994,20260817,22.94,39,9.18,4.13
1215,4121333685,507806,872775,20260827,61.97,22,24.79,11.15
1216,119061882,507990,873122,20260907,23.98,43,9.59,4.32
1217,1439064472,507763,872672,20260828,31.03,13,12.41,5.59
1218,1271679443,508005,873176,20260823,64.72,37,25.89,11.65
1219,5179262,508007,873179,20260818,56.97,111,22.79,10.25
1220,2100706625,507920,872991,20260905,72.94,104,29.18,13.13
1221,838162660,507810,872784,20260831,57.61,68,23.04,10.37
1222,644613516,507920,872991,20260830,50.46,36,20.18,9.08
1224,2378306358,507801,872768,20260816,34.42,34,13.77,6.2
1225,2155369804,507763,872663,20260822,26.22,12,10.49,4.72
1226,2360018759,507763,872663,20260813,24.52,106,9.81,4.41
1227,2727738758,507919,872980,20260823,82.84,77,33.14,14.91
1228,2154538574,507861,872867,20260818,36.45,34,14.58,6.56
1229,3691886083,507919,872978,20260809,76.36,29,30.54,13.74
1230,2385901302,507895,872922,20260820,55.49,43,22.2,9.99
1231,3422365998,507920,872989,20260907,68.58,35,27.43,12.34
1232,3392082047,507743,872632,20260830,45.21,14,18.08,8.14
1233,3089212158,507763,872664,20260905,51.15,108,20.46,9.21
1234,904597321,507745,872634,20260827,44.4,70,17.76,7.99
1235,2080352366,507891,872917,20260828,20.62,101,8.25,3.71
1236,2137033086,507829,872812,20260815,62.8,102,25.12,11.3
1237,1345189883,507763,872666,20260813,27.46,18,10.98,4.94
1238,2807236056,507811,872785,20260819,6.95,111,2.78,1.25
1239,1725473372,507802,872769,20260902,56.64,59,22.66,10.2
1241,825650280,507983,873114,20260814,80.24,92,32.1,14.44
1242,3856131040,507919,872984,20260815,81.31,69,32.52,14.64
1243,882794070,507763,872674,20260903,78.19,53,31.28,14.07
1244,3754750296,507919,872978,20260830,34.61,20,13.84,6.23
1245,1073077627,507780,872728,20260904,6.24,75,2.5,1.12
1246,978007877,507819,872795,20260816,79.27,56,31.71,14.27
1247,4048121853,507920,872988,20260830,39.25,117,15.7,7.06
1248,2899849012,507811,872785,20260820,82.33,117,32.93,14.82
1249,3845899606,507763,872658,20260902,82.09,82,32.84,14.78
1250,3870358933,507919,872983,20260820,73.24,94,29.3,13.18
1251,2277386641,508000,873170,20260830,28.56,97,11.42,5.14
1252,2282304497,507763,872664,20260822,35.81,107,14.32,6.45
1253,313913425,507742,872630,20260821,73.09,95,29.24,13.16
1254,718692195,507990,873122,20260824,30.35,12,12.14,5.46
1255,3121005605,507725,872601,20260815,18.56,85,7.42,3.34
1256,4132699492,507763,872662,20260819,49.54,101,19.82,8.92
1257,736641281,507808,872782,20260816,79.89,39,31.96,14.38
1258,1152174513,507779,872724,20260811,60.68,99,24.27,10.92
1259,383095588,507892,872918,20260828,50.6,30,20.24,9.11
1260,3686643427,507921,872994,20260903,12.77,37,5.11,2.3
1261,892308455,507920,872993,20260828,54.2,99,21.68,9.76
1262,1503989604,507806,872775,20260818,84.2,71,33.68,15.16
1263,331266327,507890,872915,20260827,16.21,42,6.48,2.92
1265,3854608368,507779,872724,20260831,75.19,44,30.08,13.53
1266,2511324669,507866,872874,20260825,64.26,61,25.7,11.57
1267,3509010636,507714,872553,20260827,60.76,43,24.3,10.94
1268,3717755640,507867,872876,20260903,61.2,50,24.48,11.02
1269,51111675,507815,872789,20260901,33.76,60,13.5,6.08
1270,2234161491,507919,872986,20260821,28.49,56,11.4,5.13
1271,3566652801,507820,872797,20260901,69.75,91,27.9,12.56
1273,3417025070,508002,873172,20260828,74.37,84,29.75,13.39
1274,575512171,507921,872994,20260831,78.06,66,31.22,14.05
1275,1066692907,507771,872713,20260903,45.91,32,18.36,8.26
1276,1567886459,507801,872768,20260827,45.12,57,18.05,8.12
1277,313005347,507820,872799,20260812,68.86,31,27.54,12.39
1278,2157286966,507806,872776,20260815,57.0,26,22.8,10.26
1279,449226396,507744,872633,20260817,61.16,78,24.46,11.01
1280,3044371207,508008,873180,20260821,68.66,117,27.46,12.36
1281,2983221006,507990,873122,20260824,76.2,20,30.48,13.72
1283,640684706,507824,872805,20260825,35.05,24,14.02,6.31
1284,945713595,507744,872633,20260822,12.52,100,5.01,2.25
1285,835894203,507742,872630,20260820,51.26,44,20.5,9.23
1286,540730938,508009,873181,20260831,7.88,42,3.15,1.42
1288,3001543105,507929,873006,20260825,48.41,25,19.36,8.71
1289,59978070,507959,873058,20260811,27.92,43,11.17,5.03
1291,372135594,507744,872633,20260818,7.44,108,2.98,1.34
1292,1927769160,507931,873009,20260816,7.99,49,3.2,1.44
1293,3850756967,507763,872659,20260814,70.81,37,28.32,12.75
1294,39087989,507791,872757,20260814,33.82,56,13.53,6.09
1295,2540090374,507746,872636,20260831,15.16,48,6.06,2.73
1296,987438074,508013,873188,20260826,46.78,79,18.71,8.42
1297,762411333,507746,872636,20260907,66.6,82,26.64,11.99
1299,3975384015,507891,872917,20260813,54.83,10,21.93,9.87
1300,2228756034,507763,872669,20260823,11.83,81,4.73,2.13
1301,2606167416,508005,873175,20260827,9.13,96,3.65,1.64
1302,1356897246,507811,872785,20260812,47.51,72,19.0,8.55
1303,2611788884,508008,873180,20260813,48.25,76,19.3,8.68
1304,1801738138,508013,873188,20260906,55.99,13,22.4,10.08
1305,1263785086,507740,872628,20260905,63.09,67,25.24,11.36
1306,1036190820,508020,873197,20260825,83.07,34,33.23,14.95
1307,3321223132,507763,872659,20260826,46.3,56,18.52,8.33
1308,3218354317,507919,872977,20260902,30.84,47,12.34,5.55
1309,253964148,508009,873181,20260809,68.61,24,27.44,12.35
1310,1396950871,508004,873174,20260901,26.67,72,10.67,4.8
1311,879779455,507956,873053,20260829,40.12,30,16.05,7.22
1313,1769508095,507814,872788,20260829,7.03,66,2.81,1.27
1314,952607564,507805,872773,20260902,82.01,62,32.8,14.76
1315,2228365584,507824,872805,20260907,71.88,55,28.75,12.94
1316,3731229879,507809,872783,20260831,60.68,23,24.27,10.92
1317,2914286809,507815,872789,20260906,37.72,109,15.09,6.79
1319,4097434538,507763,872672,20260812,17.51,26,7.0,3.15
1320,1083792412,507821,872800,20260830,25.02,48,10.01,4.5
1321,3286204022,507919,872987,20260831,48.94,18,19.58,8.81
1322,3074731655,507824,872805,20260824,62.17,108,24.87,11.19
1323,4283691104,507763,872657,20260901,57.82,86,23.13,10.41
1324,3972890215,507724,872600,20260817,27.39,88,10.96,4.93
1325,3814960087,507919,872987,20260818,81.39,91,32.56,14.65
1326,3330103315,508021,873198,20260821,64.03,106,25.61,11.53
1327,2086398336,508004,873174,20260822,49.35,15,19.74,8.88
1328,1205756792,507763,872664,20260904,53.94,100,21.58,9.71
1329,4208933483,507763,872657,20260902,38.57,32,15.43,6.94
1330,973137083,507983,873114,20260812,24.82,68,9.93,4.47
1331,3654162365,507806,872775,20260828,33.48,100,13.39,6.03
1332,293824879,507930,873007,20260904,65.63,107,26.25,11.81
1333,2713066367,507815,872789,20260831,6.15,55,2.46,1.11
1334,1069672871,507763,872672,20260830,14.29,47,5.72,2.57
1335,400719248,507859,872865,20260813,8.68,23,3.47,1.56
1336,523366224,507746,872636,20260819,8.26,109,3.3,1.49
1339,1922136205,507820,872796,20260831,42.93,44,17.17,7.73
1340,3341184224,507771,872714,20260829,12.83,28,5.13,2.31
1341,92078060,507919,872982,20260825,44.33,39,17.73,7.98
1342,3571367208,507996,873159,20260821,42.88,87,17.15,7.72
1343,3526341747,507822,872802,20260820,18.86,93,7.54,3.39
1344,3991572643,508018,873194,20260814,39.71,34,15.88,7.15
1345,2190702201,507959,873058,20260823,36.88,49,14.75,6.64
1346,2417055880,507724,872600,20260903,54.27,97,21.71,9.77
1347,3557359182,508001,873171,20260817,55.81,23,22.32,10.05
1348,3777630736,507821,872800,20260901,8.62,35,3.45,1.55
1349,462680663,507763,872665,20260906,34.97,111,13.99,6.29
1350,3583188347,507763,872673,20260813,55.07,96,22.03,9.91
1351,1571840209,507815,872789,20260823,45.25,31,18.1,8.14
1352,3136551700,507763,872668,20260826,73.52,57,29.41,13.23
1353,3151311581,507763,872666,20260823,57.7,92,23.08,10.39
1354,2187680246,508001,873171,20260903,18.03,119,7.21,3.25
1355,3168697593,507771,872713,20260821,10.65,60,4.26,1.92
1356,1916841684,507817,872792,20260811,56.39,12,22.56,10.15
1357,2920324560,507820,872796,20260814,7.12,51,2.85,1.28
1358,2837863339,508016,873192,20260813,51.86,28,20.74,9.33
1359,1943468806,507806,872774,20260905,80.22,82,32.09,14.44
1360,1891073227,507829,872813,20260831,51.04,37,20.42,9.19
1361,2453017963,507805,872773,20260830,36.05,93,14.42,6.49
1362,3969810911,507815,872789,20260817,56.46,54,22.58,10.16
1363,708490856,507930,873007,20260820,41.66,80,16.66,7.5
1364,3668103973,507921,872995,20260814,48.65,87,19.46,8.76
1365,3209511455,507812,872786,20260828,80.32,72,32.13,14.46
1366,974725992,507743,872632,20260812,35.89,82,14.36,6.46
1367,119152070,507763,872662,20260816,81.9,28,32.76,14.74
1368,2019804552,507919,872978,20260904,77.43,56,30.97,13.94
1369,1345841620,507818,872793,20260812,20.66,23,8.26,3.72
1370,2470148775,507741,872629,20260814,10.55,47,4.22,1.9
1371,156368759,507714,872553,20260907,13.06,62,5.22,2.35
1372,2993953264,507828,872811,20260903,6.46,70,2.58,1.16
1374,2671891153,507815,872789,20260823,59.64,49,23.86,10.74
1375,1208040194,507772,872715,20260823,10.7,90,4.28,1.93
1376,2256655652,507919,872983,20260907,30.52,39,12.21,5.49
1377,1682176789,508001,873171,20260818,72.59,18,29.04,13.07
1378,2720736437,507919,872979,20260821,6.86,73,2.74,1.23
1379,1881892890,508003,873173,20260816,70.16,42,28.06,12.63
1380,4161025565,507724,872600,20260817,27.55,61,11.02,4.96
1381,1611645857,507763,872667,20260816,14.45,98,5.78,2.6
1382,3769056816,507763,872658,20260828,60.74,23,24.3,10.93
1385,2598933877,507739,872627,20260819,63.81,108,25.52,11.49
1386,1552572107,507865,872871,20260822,69.28,114,27.71,12.47
1387,2004557272,508009,873181,20260812,27.56,68,11.02,4.96
1388,3814250839,508001,873171,20260821,19.2,87,7.68,3.46
1391,1956957577,507763,872671,20260815,84.24,77,33.7,15.16
1392,2567625624,507740,872628,20260815,38.01,77,15.2,6.84
1393,1990633394,507823,872803,20260811,34.76,101,13.9,6.26
1394,3695232767,507864,872870,20260823,67.11,17,26.84,12.08
1395,3148311921,507740,872628,20260829,32.26,11,12.9,5.81
1396,2252021982,507862,872868,20260831,79.46,114,31.78,14.3
1397,2432316883,507806,872774,20260828,73.67,119,29.47,13.26
1398,1988906196,507811,872785,20260901,39.32,95,15.73,7.08
1399,4160612705,507763,872665,20260829,65.07,50,26.03,11.71
1400,759043602,507861,872867,20260906,65.36,64,26.14,11.76
1401,4189078427,508003,873173,20260829,13.25,25,5.3,2.38
1404,994524003,507771,872713,20260819,71.12,57,28.45,12.8
1406,2943502872,507772,872715,20260817,76.64,21,30.66,13.8
1407,2746389830,507780,872727,20260902,36.14,44,14.46,6.51
1408,3851921595,507895,872922,20260822,5.87,20,2.35,1.06
1409,903691599,507738,872623,20260906,77.43,73,30.97,13.94
1410,1502858726,507780,872727,20260901,12.3,119,4.92,2.21
1411,3770570352,507828,872811,20260831,30.55,59,12.22,5.5
1412,1128027705,507895,872922,20260828,81.0,94,32.4,14.58
1413,3943815659,507811,872785,20260824,81.05,30,32.42,14.59
1414,2767792554,507816,872791,20260816,50.88,78,20.35,9.16
1415,2662683195,507771,872714,20260828,55.55,57,22.22,10.0
1416,1628957840,507763,872666,20260822,40.88,29,16.35,7.36
1417,162212169,507866,872874,20260904,28.46,110,11.38,5.12
1418,4049511291,507739,872627,20260830,31.29,76,12.52,5.63
1419,3600551892,507920,872990,20260823,58.8,53,23.52,10.58
1420,1199888535,507806,872777,20260824,65.19,42,26.08,11.73
1421,2184968794,507804,872771,20260828,68.33,82,27.33,12.3
1422,3057455697,507919,872987,20260903,68.17,70,27.27,12.27
1423,3870037536,507859,872865,20260828,12.3,18,4.92,2.21
1424,3305366290,507823,872803,20260817,44.55,77,17.82,8.02
1425,593592203,507807,872780,20260901,9.6,44,3.84,1.73
1426,3020015256,507807,872779,20260811,48.96,90,19.58,8.81
1427,3374304094,507738,872623,20260821,40.32,107,16.13,7.26
1429,3934285884,507890,872915,20260901,33.07,105,13.23,5.95
1430,2671093468,507827,872810,20260810,14.37,74,5.75,2.59
1431,2789933517,507819,872795,20260816,16.44,17,6.58,2.96
1432,1561895535,507746,872636,20260904,65.92,54,26.37,11.87
1433,1545419895,507819,872795,20260904,54.46,96,21.78,9.8
1434,2195088033,507859,872865,20260813,13.09,56,5.24,2.36
1435,126685964,507931,873009,20260814,11.73,49,4.69,2.11
1436,3695300911,507890,872915,20260814,61.08,85,24.43,10.99
1437,211055119,507983,873114,20260901,10.82,63,4.33,1.95
1438,1445985187,507827,872810,20260902,70.75,85,28.3,12.74
1439,1669564368,507738,872624,20260828,61.5,55,24.6,11.07
1440,138066352,507763,872668,20260831,11.51,56,4.6,2.07
1441,3418587581,507814,872788,20260830,11.79,24,4.72,2.12
1443,635741320,508008,873180,20260906,34.94,28,13.98,6.29
1444,535289754,507815,872789,20260812,34.65,35,13.86,6.24
1445,3275565918,507739,872627,20260828,70.02,61,28.01,12.6
1446,1697388007,507763,872666,20260902,80.78,102,32.31,14.54
1447,2804924471,508013,873188,20260808,83.88,31,33.55,15.1
1448,3664837958,507919,872981,20260823,65.27,113,26.11,11.75
1449,2345696196,507859,872864,20260815,35.1,30,14.04,6.32
1450,2702496610,507824,872805,20260903,11.68,60,4.67,2.1
1451,1806093315,507919,872981,20260825,67.17,47,26.87,12.09
1452,1850582618,508017,873193,20260904,49.67,29,19.87,8.94
1453,2182448794,507931,873009,20260830,38.94,38,15.58,7.01
1454,1196081844,507763,872668,20260817,77.51,60,31.0,13.95
1455,4249150581,507867,872875,20260905,13.9,13,5.56,2.5
1457,2572417416,507801,872768,20260810,5.91,80,2.36,1.06
1458,3887314026,507813,872787,20260831,42.49,101,17.0,7.65
1459,1273808313,507741,872629,20260827,9.5,37,3.8,1.71
1460,3108907105,507919,872981,20260901,14.51,13,5.8,2.61
1461,3706111290,507714,872553,20260814,14.4,31,5.76,2.59
1462,2040096123,507956,873053,20260813,56.94,85,22.78,10.25
1463,2084690891,507983,873114,20260813,64.68,54,25.87,11.64
1464,2489567481,507803,872770,20260809,51.67,76,20.67,9.3
1465,2348323741,507864,872870,20260828,81.97,95,32.79,14.75
1466,681984261,507919,872980,20260812,34.99,117,14.0,6.3
1467,1463912124,507746,872636,20260821,27.86,75,11.14,5.01
1468,9489133,507827,872810,20260827,74.49,97,29.8,13.41
1469,1145648822,508021,873198,20260824,22.89,43,9.16,4.12
1470,629205937,507824,872805,20260824,82.06,100,32.82,14.77
1471,2134011201,507763,872670,20260903,5.97,64,2.39,1.07
1472,363994601,507821,872800,20260907,82.59,114,33.04,14.87
1473,3537240534,507930,873007,20260820,8.45,10,3.38,1.52
1474,3914761068,507823,872804,20260819,76.29,81,30.52,13.73
1476,1121757395,507826,872809,20260813,84.44,47,33.78,15.2
1477,3810736561,507891,872917,20260816,10.9,15,4.36,1.96
1478,2452827620,507820,872799,20260810,49.31,95,19.72,8.88
1479,3626997552,508001,873171,20260824,82.54,34,33.02,14.86
1480,3667737535,507763,872671,20260822,46.85,91,18.74,8.43
1481,2890882664,507802,872769,20260826,55.35,26,22.14,9.96
1482,957510284,507919,872977,20260815,60.66,70,24.26,10.92
1483,3864482679,507866,872874,20260903,41.36,21,16.54,7.44
1484,929276698,507779,872726,20260905,55.2,15,22.08,9.94
1485,1093388756,508019,873196,20260816,51.75,99,20.7,9.32
1486,310936314,508005,873175,20260812,77.09,36,30.84,13.88
1487,952877744,507822,872802,20260820,8.64,17,3.46,1.56
1488,1061210013,507891,872917,20260905,27.48,92,10.99,4.95
1489,3995905764,508000,873170,20260819,81.03,115,32.41,14.59
1490,1442711405,507714,872553,20260820,76.22,74,30.49,13.72
1491,298894217,507822,872802,20260821,41.45,66,16.58,7.46
1493,4145739065,507806,872774,20260904,27.19,118,10.88,4.89
1494,8442316,507919,872980,20260812,20.05,108,8.02,3.61
1495,3641211812,508008,873180,20260825,42.1,49,16.84,7.58
1496,429653061,508017,873193,20260829,33.27,23,13.31,5.99
1497,3918957902,507825,872808,20260830,51.69,44,20.68,9.3
1498,2830934722,507920,872989,20260818,11.22,57,4.49,2.02
1499,3038840995,507919,872983,20260901,82.95,118,33.18,14.93
1501,2356780844,507806,872775,20260905,60.85,65,24.34,10.95
1502,4202920877,507931,873009,20260905,47.89,58,19.16,8.62
1503,3736877629,507920,872991,20260822,29.76,22,11.9,5.36
1504,2902785885,507779,872725,20260827,70.1,70,28.04,12.62
1505,903315628,507763,872660,20260809,59.78,111,23.91,10.76
1506,3249806828,507820,872796,20260907,18.01,58,7.2,3.24
1508,1848344297,508020,873197,20260907,70.8,71,28.32,12.74
1509,227073175,507828,872811,20260819,80.98,17,32.39,14.58
1510,1989717287,507763,872662,20260820,63.06,52,25.22,11.35
1511,4278615686,507808,872782,20260813,54.07,29,21.63,9.73
1512,163004476,507823,872804,20260823,38.46,106,15.38,6.92
1514,653070079,507803,872770,20260815,74.29,48,29.72,13.37
1515,4125473287,507763,872676,20260822,8.62,94,3.45,1.55
1516,647291637,507738,872623,20260828,7.11,58,2.84,1.28
1517,4046450302,507741,872629,20260818,35.12,73,14.05,6.32
1518,2822359645,507810,872784,20260903,69.84,71,27.94,12.57
1519,3885529198,507920,872991,20260903,83.98,115,33.59,15.12
1520,3926574876,508018,873194,20260816,17.03,116,6.81,3.07
1521,3135531745,507763,872657,20260901,52.53,63,21.01,9.46
1522,855743096,507919,872986,20260825,35.47,114,14.19,6.38
1523,2902980819,507919,872976,20260831,82.59,18,33.04,14.87
1524,1422291967,508007,873179,20260815,72.37,97,28.95,13.03
1525,3679041470,507802,872769,20260827,72.07,46,28.83,12.97
1526,2904858227,507867,872875,20260813,42.5,58,17.0,7.65
1527,1145320641,507922,872996,20260809,38.19,50,15.28,6.87
1528,2131267261,507890,872915,20260903,26.87,26,10.75,4.84
1530,2234367545,507763,872676,20260821,74.18,30,29.67,13.35
1531,2988778154,507715,872554,20260826,70.03,60,28.01,12.61
1532,3712693990,507763,872666,20260819,84.98,68,33.99,15.3
1533,803560453,507919,872978,20260809,84.73,48,33.89,15.25
1534,2510439021,507806,872777,20260907,49.43,64,19.77,8.9
1535,863751075,507780,872727,20260811,66.52,50,26.61,11.97
1536,3741261288,507933,873011,20260823,80.58,48,32.23,14.5
1537,823748398,507920,872988,20260814,72.97,22,29.19,13.13
1538,3832164478,507742,872630,20260810,24.79,73,9.92,4.46
1539,3064806139,508002,873172,20260823,41.04,20,16.42,7.39
1540,327758758,507811,872785,20260814,15.33,119,6.13,2.76
1541,773242073,507763,872670,20260820,81.32,28,32.53,14.64
1542,2629726113,507919,872986,20260827,53.49,20,21.4,9.63
1544,2113914099,507920,872988,20260906,58.74,55,23.5,10.57
1545,3854389447,507959,873058,20260828,54.45,54,21.78,9.8
1547,3809217806,508013,873188,20260822,14.08,49,5.63,2.53
1548,3785228382,507825,872807,20260826,58.73,117,23.49,10.57
1549,1649717060,507919,872983,20260830,46.62,28,18.65,8.39
1550,3229487325,508018,873194,20260820,66.79,85,26.72,12.02
1551,752069801,507930,873007,20260813,46.61,81,18.64,8.39
1552,582750141,507919,872979,20260904,73.17,81,29.27,13.17
1553,386409058,508000,873170,20260811,49.15,70,19.66,8.85
1554,965470525,507919,872984,20260822,49.88,118,19.95,8.98
1555,1243493882,507771,872714,20260814,75.13,21,30.05,13.52
1556,1791115863,507920,872991,20260813,37.28,70,14.91,6.71
1557,3850606096,507919,872985,20260906,15.72,42,6.29,2.83
1558,3283651921,507814,872788,20260811,7.3,54,2.92,1.31
1559,2098627143,507811,872785,20260820,65.41,99,26.16,11.77
1560,968636902,507818,872793,20260905,54.62,112,21.85,9.83
1561,2983243519,507956,873053,20260811,61.33,101,24.53,11.04
1562,2516969499,507921,872994,20260906,22.04,78,8.82,3.97
1563,4167759411,508022,873199,20260819,15.91,17,6.36,2.86
1564,3754606294,507809,872783,20260815,6.16,34,2.46,1.11
1565,500800200,507818,872793,20260822,33.05,100,13.22,5.95
1566,2440261305,507919,872982,20260814,52.19,55,20.88,9.39
1567,535135794,507763,872658,20260817,36.38,96,14.55,6.55
1568,3952607393,507820,872797,20260809,40.0,39,16.0,7.2
1569,547982188,507808,872782,20260809,77.33,118,30.93,13.92
1570,3125811323,507817,872792,20260820,32.86,56,13.14,5.91
1571,2958110602,507828,872811,20260809,46.12,96,18.45,8.3
1572,1926911534,507825,872807,20260821,67.69,58,27.08,12.18
1573,1210091159,507990,873122,20260814,36.72,56,14.69,6.61
1574,2769427279,507763,872659,20260903,54.77,93,21.91,9.86
1575,978336724,507763,872674,20260811,73.99,91,29.6,13.32
1576,297480183,507763,872677,20260830,80.96,27,32.38,14.57
1578,366738754,507867,872875,20260830,79.13,77,31.65,14.24
1580,476144427,507806,872775,20260902,25.66,42,10.26,4.62
1581,33766504,507746,872635,20260830,41.73,45,16.69,7.51
1582,2285208683,507919,872976,20260811,83.4,91,33.36,15.01
1583,821861460,507892,872918,20260828,44.41,110,17.76,7.99
1584,1043363084,507827,872810,20260813,31.3,28,12.52,5.63
1585,315657627,507990,873122,20260830,55.67,37,22.27,10.02
1586,1919591843,507920,872989,20260812,24.21,49,9.68,4.36
1587,3864398752,507919,872976,20260907,11.07,93,4.43,1.99
1588,1048860830,507745,872634,20260811,15.31,106,6.12,2.76
1589,1078938662,507805,872773,20260821,15.24,85,6.1,2.74
1590,1716755002,507919,872977,20260827,17.15,24,6.86,3.09
1591,3780790805,507867,872876,20260830,16.11,50,6.44,2.9
1592,1213018677,508009,873181,20260813,56.27,48,22.51,10.13
1593,2112670320,507737,872617,20260904,19.55,11,7.82,3.52
1594,27106928,508007,873179,20260829,32.65,72,13.06,5.88
1595,193138278,507866,872874,20260819,76.74,38,30.7,13.81
1596,3829805594,507920,872992,20260825,42.92,114,17.17,7.73
1597,88679025,507715,872554,20260828,58.4,83,23.36,10.51
1598,3334097103,507861,872867,20260813,18.79,75,7.52,3.38
1599,1820232806,507821,872800,20260829,20.38,60,8.15,3.67
1601,583179106,507919,872977,20260816,18.51,86,7.4,3.33
1602,1730374469,507983,873114,20260811,27.29,19,10.92,4.91
1603,976077532,507996,873159,20260812,19.16,23,7.66,3.45
1604,2098601544,508016,873192,20260829,12.1,91,4.84,2.18
1605,3629021698,507806,872777,20260826,14.65,60,5.86,2.64
1606,2141270012,507921,872994,20260904,41.86,82,16.74,7.53
1607,578076443,507806,872777,20260906,21.51,48,8.6,3.87
1608,3529089147,507817,872792,20260814,34.14,37,13.66,6.15
1609,2535288990,507919,872981,20260825,45.27,12,18.11,8.15
1610,777404607,507921,872994,20260811,60.23,93,24.09,10.84
1611,3359955286,507738,872624,20260906,8.14,79,3.26,1.47
1612,3276223744,507867,872876,20260825,68.95,36,27.58,12.41
1613,329717986,507829,872812,20260905,55.23,11,22.09,9.94
1614,1013739675,507891,872917,20260816,11.54,102,4.62,2.08
1615,3515269185,507779,872724,20260819,74.89,47,29.96,13.48
1616,3515671109,507920,872989,20260825,78.67,12,31.47,14.16
1617,1903765309,507763,872671,20260814,9.89,25,3.96,1.78
1619,1105130576,507961,873060,20260829,69.5,49,27.8,12.51
1620,1862796069,507738,872623,20260907,64.86,11,25.94,11.67
1621,822276182,507868,872877,20260810,19.76,90,7.9,3.56
1622,3583491789,508012,873187,20260821,21.75,50,8.7,3.92
1623,2086763855,508004,873174,20260825,34.64,21,13.86,6.24
1624,2988857894,507738,872623,20260808,43.76,44,17.5,7.88
1626,4175892400,507919,872979,20260812,34.51,74,13.8,6.21
1628,4106198161,507920,872988,20260903,64.8,54,25.92,11.66
1629,2246587724,507780,872728,20260826,7.93,88,3.17,1.43
1630,3947175447,507742,872630,20260830,25.19,99,10.08,4.53
1631,4246566705,507814,872788,20260816,62.07,110,24.83,11.17
1632,2406906197,507866,872874,20260823,76.62,94,30.65,13.79
1633,2342870114,507826,872809,20260905,45.93,71,18.37,8.27
1634,3990423684,507806,872775,20260811,47.57,58,19.03,8.56
1635,3195418242,507919,872986,20260816,13.57,104,5.43,2.44
1637,2310771319,507829,872812,20260830,47.61,32,19.04,8.57
1638,4212511729,507866,872874,20260901,24.4,33,9.76,4.39
1639,2981852446,507819,872795,20260828,26.54,47,10.62,4.78
1640,2604008254,507919,872977,20260819,35.18,37,14.07,6.33
1641,3411295902,507812,872786,20260825,6.61,30,2.64,1.19
1642,1411082944,507763,872659,20260814,30.77,63,12.31,5.54
1643,3292558057,507920,872990,20260906,21.92,116,8.77,3.95
1644,1306901465,507736,872615,20260903,31.2,27,12.48,5.62
1645,1542308792,507990,873122,20260810,14.58,45,5.83,2.62
1646,2013652199,507743,872632,20260827,76.24,108,30.5,13.72
1647,3953938406,507859,872865,20260809,52.49,54,21.0,9.45
1648,3160490177,507807,872779,20260823,59.33,82,23.73,10.68
1649,338859155,507746,872636,20260815,68.13,62,27.25,12.26
1650,1898158856,507740,872628,20260822,44.88,111,17.95,8.08
1651,2806784117,507738,872624,20260814,11.95,39,4.78,2.15
1652,708106465,507811,872785,20260901,47.97,69,19.19,8.63
1653,3510562223,507804,872771,20260817,51.95,117,20.78,9.35
1654,2890788696,507737,872617,20260827,64.64,107,25.86,11.64
1655,2852161754,508021,873198,20260901,39.53,41,15.81,7.12
1657,1817106851,507809,872783,20260810,27.7,76,11.08,4.99
1658,3165281169,507763,872671,20260809,34.05,37,13.62,6.13
1659,3214801368,507920,872991,20260812,56.67,53,22.67,10.2
1660,208012571,507763,872668,20260905,50.66,88,20.26,9.12
1661,3793405522,508004,873174,20260905,33.49,50,13.4,6.03
1662,2676294914,507806,872776,20260828,83.92,72,33.57,15.11
1663,3358913346,507920,872989,20260814,53.46,32,21.38,9.62
1664,1704256293,507813,872787,20260809,23.98,113,9.59,4.32
1665,3170136948,507865,872871,20260816,13.14,84,5.26,2.37
1666,293165611,507779,872724,20260826,17.23,57,6.89,3.1
1667,3405869002,508017,873193,20260829,24.68,41,9.87,4.44
1668,88388004,508017,873193,20260820,17.85,66,7.14,3.21
1669,2111061203,507763,872668,20260906,19.93,109,7.97,3.59
1670,1749809256,507772,872715,20260903,27.81,42,11.12,5.01
1671,4284475945,507823,872804,20260827,18.87,33,7.55,3.4
1673,4072458557,508008,873180,20260824,11.42,43,4.57,2.06
1674,3180868241,507738,872623,20260812,46.96,65,18.78,8.45
1675,2227871410,507823,872804,20260903,37.83,37,15.13,6.81
1676,4254609336,508007,873179,20260825,83.59,46,33.44,15.05
1677,4210149057,507866,872873,20260815,13.96,16,5.58,2.51
1678,2832555298,507869,872878,20260813,36.83,77,14.73,6.63
1679,3537743009,507803,872770,20260821,82.56,46,33.02,14.86
1680,3170321265,507763,872658,20260817,74.24,65,29.7,13.36
1681,4284282641,508012,873187,20260812,70.37,74,28.15,12.67
1682,2911935712,508022,873199,20260901,25.63,74,10.25,4.61
1683,2440732419,507810,872784,20260905,18.67,56,7.47,3.36
1684,1622493229,507763,872665,20260905,58.49,29,23.4,10.53
1685,2550445,507822,872802,20260823,79.35,28,31.74,14.28
1686,2274105454,508015,873190,20260829,49.54,38,19.82,8.92
1687,856260268,507763,872669,20260831,50.73,83,20.29,9.13
1688,724773668,508004,873174,20260823,27.4,69,10.96,4.93
1689,821605548,507740,872628,20260906,66.56,27,26.62,11.98
1690,2989675793,507859,872864,20260825,19.96,101,7.98,3.59
1691,2184202973,507961,873060,20260823,30.89,44,12.36,5.56
1692,572216261,507919,872979,20260830,39.03,52,15.61,7.03
1693,2161138736,507865,872871,20260811,45.61,104,18.24,8.21
1694,1495425416,507746,872636,20260822,24.39,100,9.76,4.39
1695,3500332336,507930,873007,20260813,14.19,20,5.68,2.55
1696,2549941810,507829,872813,20260831,53.85,58,21.54,9.69
1697,838921744,507725,872601,20260830,28.09,47,11.24,5.06
1698,2607890459,507919,872977,20260824,51.5,73,20.6,9.27
1699,726260468,507921,872995,20260901,17.35,78,6.94,3.12
1700,688805067,507763,872666,20260811,43.49,17,17.4,7.83
1701,634799352,507919,872980,20260813,47.61,43,19.04,8.57
1702,3905012706,507863,872869,20260812,9.15,57,3.66,1.65
1703,3238271658,507919,872987,20260810,31.93,65,12.77,5.75
1704,1636272340,507771,872713,20260829,15.75,85,6.3,2.84
1705,3402889252,507919,872981,20260903,10.07,111,4.03,1.81
1706,3319327978,507780,872727,20260826,84.2,74,33.68,15.16
1708,3069624965,507817,872792,20260828,69.79,13,27.92,12.56
1709,3448491115,508019,873196,20260906,25.37,118,10.15,4.57
1710,1591635755,507983,873114,20260824,59.52,59,23.81,10.71
1712,2613706652,507920,872989,20260904,52.65,39,21.06,9.48
1713,3224390541,507919,872981,20260822,42.73,97,17.09,7.69
1714,3723181987,508012,873187,20260906,37.95,68,15.18,6.83
1715,3766889207,507816,872791,20260824,32.91,76,13.16,5.92
1716,3744012426,507825,872808,20260905,79.36,84,31.74,14.28
1717,809235849,507810,872784,20260825,71.45,54,28.58,12.86
1718,281243912,507763,872661,20260827,82.2,13,32.88,14.8
1719,375776589,507819,872795,20260906,14.94,35,5.98,2.69
1720,3747318486,507919,872985,20260823,63.47,36,25.39,11.42
1721,2615995142,507810,872784,20260824,80.07,55,32.03,14.41
1722,735397044,507920,872988,20260903,19.5,116,7.8,3.51
1723,2695294556,508005,873175,20260829,10.32,73,4.13,1.86
1725,3712059375,507866,872874,20260823,50.96,115,20.38,9.17
1726,1942715298,507829,872812,20260819,72.35,60,28.94,13.02
1727,3721616877,507738,872624,20260901,16.18,59,6.47,2.91
1728,2109975941,507922,872996,20260819,68.62,15,27.45,12.35
1729,3814673140,507826,872809,20260816,21.13,68,8.45,3.8
1730,1604309236,507780,872728,20260823,18.09,24,7.24,3.26
1731,318385721,507921,872994,20260902,18.14,39,7.26,3.27
1732,1424907744,507806,872775,20260824,70.17,51,28.07,12.63
1733,1915019859,507861,872867,20260906,58.22,110,23.29,10.48
1734,4061450117,507814,872788,20260816,46.85,46,18.74,8.43
1735,1029870286,507829,872813,20260817,33.71,51,13.48,6.07
1736,373468861,507819,872795,20260829,75.18,110,30.07,13.53
1737,3178246773,508013,873188,20260828,36.4,44,14.56,6.55
1738,3468193226,507818,872793,20260820,70.33,96,28.13,12.66
1739,3707027725,508002,873172,20260907,40.13,15,16.05,7.22
1740,684113495,507724,872600,20260830,35.16,77,14.06,6.33
1741,2963480037,507933,873011,20260903,42.01,27,16.8,7.56
1742,1855936935,507801,872768,20260823,29.11,82,11.64,5.24
1743,1601631696,507763,872660,20260818,64.81,38,25.92,11.67
1745,1020420447,507892,872918,20260831,23.58,68,9.43,4.24
1746,1250172093,507921,872995,20260827,76.97,56,30.79,13.85
1747,1849833540,508002,873172,20260816,35.71,26,14.28,6.43
1748,3575658431,507809,872783,20260907,48.48,118,19.39,8.73
1749,3485940064,507920,872991,20260820,77.52,105,31.01,13.95
1750,2324197952,507921,872995,20260831,54.94,31,21.98,9.89
1751,3994197535,507919,872984,20260904,14.35,77,5.74,2.58
1752,289217774,507736,872615,20260902,80.19,78,32.08,14.43
1753,3637527317,507763,872662,20260822,55.22,46,22.09,9.94
1754,871873624,507820,872799,20260816,31.79,114,12.72,5.72
1755,2442030780,507806,872777,20260830,16.14,58,6.46,2.91
1756,1542853730,507891,872917,20260829,68.52,22,27.41,12.33
1757,3096281544,507810,872784,20260819,54.61,43,21.84,9.83
1758,1889933616,507823,872803,20260825,47.68,118,19.07,8.58
1759,3178546510,508008,873180,20260828,76.51,95,30.6,13.77
1760,1446325792,507865,872871,20260827,68.09,62,27.24,12.26
1761,4011148718,507920,872991,20260820,17.13,96,6.85,3.08
1762,970380428,508001,873171,20260812,29.94,60,11.98,5.39
1763,888762051,507959,873058,20260819,24.88,12,9.95,4.48
1764,1971859129,507859,872864,20260824,64.52,51,25.81,11.61
1765,3378143607,507919,872978,20260824,7.68,107,3.07,1.38
1766,2560747370,508000,873170,20260815,50.59,41,20.24,9.11
1767,41915865,507827,872810,20260822,66.0,118,26.4,11.88
1768,555577312,507861,872867,20260815,75.14,60,30.06,13.53
1769,1871202273,507919,872986,20260830,32.37,94,12.95,5.83
1770,543925303,507817,872792,20260812,70.7,55,28.28,12.73
1771,2010325678,507823,872803,20260821,13.85,117,5.54,2.49
1772,2239905296,507812,872786,20260815,72.72,30,29.09,13.09
1774,3288660191,507763,872669,20260820,36.78,20,14.71,6.62
1775,2207980588,507802,872769,20260814,68.78,112,27.51,12.38
1776,1092533697,507824,872805,20260820,16.99,77,6.8,3.06
1777,2996643745,507763,872669,20260830,23.34,10,9.34,4.2
1778,1255098471,507983,873114,20260814,62.78,101,25.11,11.3
1779,2817155674,507791,872757,20260906,62.6,72,25.04,11.27
1780,949960017,507802,872769,20260902,56.29,33,22.52,10.13
1781,3432931129,507806,872776,20260815,60.52,108,24.21,10.89
1782,2696466166,507920,872993,20260829,48.42,22,19.37,8.72
1783,3620422002,507818,872793,20260907,25.14,107,10.06,4.53
1784,1217149793,508011,873186,20260820,32.66,20,13.06,5.88
1785,2215401623,507958,873057,20260817,19.53,109,7.81,3.52
1786,1540366511,508013,873188,20260903,77.68,60,31.07,13.98
1787,833770991,507820,872796,20260811,51.67,26,20.67,9.3
1788,4234524948,507763,872664,20260827,37.07,108,14.83,6.67
1789,2367026412,507802,872769,20260810,41.96,91,16.78,7.55
1790,3810984257,507820,872799,20260826,80.78,113,32.31,14.54
1791,3945110201,507807,872780,20260809,17.27,95,6.91,3.11
1792,2259841285,507863,872869,20260811,51.9,33,20.76,9.34
1793,2473054505,507780,872727,20260820,45.47,28,18.19,8.18
1794,187054077,507822,872802,20260905,53.92,46,21.57,9.71
1795,2037272911,507725,872601,20260815,6.45,112,2.58,1.16
1796,2424347956,507961,873060,20260825,74.77,94,29.91,13.46
1797,3881424196,507763,872671,20260817,79.57,17,31.83,14.32
1798,2595253994,507818,872793,20260831,50.21,37,20.08,9.04
1799,2444774395,507741,872629,20260815,60.73,14,24.29,10.93
1800,1879309728,507743,872632,20260830,78.8,26,31.52,14.18
1801,3039767793,508001,873171,20260822,61.58,110,24.63,11.08
1802,426060351,507820,872798,20260810,17.2,45,6.88,3.1
1804,867631437,507921,872995,20260823,53.54,73,21.42,9.64
1805,893044658,507763,872665,20260904,38.93,100,15.57,7.01
1806,3339254458,507725,872601,20260820,63.92,107,25.57,11.51
1807,2698749101,508005,873176,20260817,79.75,20,31.9,14.35
1808,1565949824,507820,872796,20260825,79.05,63,31.62,14.23
1809,3534592045,507920,872990,20260824,41.07,54,16.43,7.39
1810,1699249371,507920,872992,20260814,14.06,56,5.62,2.53
1811,3132201766,507919,872982,20260829,83.79,21,33.52,15.08
1812,3638783813,507829,872813,20260829,72.11,30,28.84,12.98
1813,3757256757,507791,872757,20260825,14.97,20,5.99,2.69
1814,2116455568,507743,872632,20260901,78.67,112,31.47,14.16
1815,1830362086,507812,872786,20260826,74.59,101,29.84,13.43
1816,3355467033,507920,872992,20260812,46.51,14,18.6,8.37
1817,1532393195,507763,872668,20260812,52.3,90,20.92,9.41
1819,496166481,507890,872915,20260904,9.38,29,3.75,1.69
1820,1114177465,507921,872995,20260824,31.82,50,12.73,5.73
1821,2966698776,507763,872657,20260812,69.23,55,27.69,12.46
1822,3049778891,508007,873179,20260822,5.37,21,2.15,0.97
1823,1573775015,507743,872632,20260830,31.68,79,12.67,5.7
1824,3894237607,507763,872677,20260816,36.85,26,14.74,6.63
1825,1156266458,507763,872677,20260825,47.99,28,19.2,8.64
1826,928551682,508004,873174,20260810,78.59,35,31.44,14.15
1827,969613929,507822,872802,20260907,32.71,57,13.08,5.89
1828,4147193852,507763,872660,20260821,32.76,117,13.1,5.9
1829,471302032,507811,872785,20260812,64.0,117,25.6,11.52
1830,3969491088,507763,872669,20260826,41.18,61,16.47,7.41
1831,2131348324,508002,873172,20260810,22.97,105,9.19,4.13
1832,2209294682,507919,872976,20260907,41.2,79,16.48,7.42
1833,784267844,508017,873193,20260810,16.27,64,6.51,2.93
1834,1905647435,508013,873188,20260811,19.11,109,7.64,3.44
1835,3844127993,508020,873197,20260826,44.87,111,17.95,8.08
1836,2434263538,507807,872779,20260827,38.51,84,15.4,6.93
1838,504531173,507866,872874,20260830,33.99,71,13.6,6.12
1839,2138640919,507919,872985,20260826,51.45,97,20.58,9.26
1840,3787742417,507919,872983,20260812,55.58,32,22.23,10.0
1841,2783384673,507821,872800,20260903,6.05,24,2.42,1.09
1842,362785096,508011,873186,20260827,58.08,36,23.23,10.45
1843,1805039818,507919,872979,20260822,19.24,84,7.7,3.46
1844,2890203512,507823,872803,20260814,81.89,73,32.76,14.74
1845,3804102678,508005,873175,20260817,16.89,90,6.76,3.04
1846,4028066661,508020,873197,20260902,38.17,60,15.27,6.87
1847,2694694371,507745,872634,20260904,11.83,62,4.73,2.13
1848,2231972131,508018,873194,20260821,84.75,87,33.9,15.26
1849,1753643549,507763,872664,20260830,45.18,100,18.07,8.13
1850,2506773285,507806,872774,20260907,52.63,91,21.05,9.47
1851,3973342609,508022,873199,20260901,10.37,101,4.15,1.87
1852,1861938369,507806,872775,20260814,65.0,60,26.0,11.7
1853,939846965,507815,872789,20260812,21.79,56,8.72,3.92
1855,257114472,507771,872714,20260812,21.41,16,8.56,3.85
1856,1688139895,507809,872783,20260825,20.26,118,8.1,3.65
1857,1470860692,507779,872726,20260904,7.92,44,3.17,1.43
1858,3115228411,508001,873171,20260823,42.77,57,17.11,7.7
1859,3852980851,507763,872658,20260817,50.19,82,20.08,9.03
1860,1832618500,507771,872714,20260902,10.26,81,4.1,1.85
1862,3529715961,507892,872918,20260815,41.26,90,16.5,7.43
1863,1637494013,507919,872985,20260901,46.95,90,18.78,8.45
1864,2766814394,508013,873188,20260826,40.26,106,16.1,7.25
1865,1725797679,507920,872990,20260831,37.06,105,14.82,6.67
1866,965741111,507820,872798,20260907,49.77,81,19.91,8.96
1867,3848379537,507739,872626,20260811,17.42,28,6.97,3.14
1868,2695431392,507807,872781,20260827,19.55,72,7.82,3.52
1869,1633925116,507820,872797,20260903,73.94,47,29.58,13.31
1870,1937180868,507820,872796,20260828,80.69,76,32.28,14.52
1871,2233240471,507919,872986,20260814,34.86,68,13.94,6.27
1872,716089649,507763,872657,20260812,26.66,78,10.66,4.8
1873,2231535952,507807,872781,20260831,56.52,22,22.61,10.17
1874,145596678,507815,872789,20260814,37.7,56,15.08,6.79
1875,1401115462,508022,873199,20260814,7.03,119,2.81,1.27
1876,1827087383,508011,873186,20260902,17.49,70,7.0,3.15
1878,326307729,507919,872978,20260823,57.71,89,23.08,10.39
1879,1317349815,507763,872668,20260816,7.17,105,2.87,1.29
1880,285134809,507996,873159,20260819,22.76,31,9.1,4.1
1881,1464261339,507807,872779,20260902,23.49,102,9.4,4.23
1882,1924433508,507763,872677,20260812,58.75,95,23.5,10.58
1883,634190186,507816,872791,20260818,6.58,52,2.63,1.18
1884,3599554484,507763,872675,20260814,13.33,76,5.33,2.4
1886,3192319297,507745,872634,20260902,19.28,19,7.71,3.47
1888,2564533304,507823,872803,20260816,24.05,73,9.62,4.33
1889,1670988240,508013,873188,20260905,12.96,30,5.18,2.33
1890,549801008,508005,873175,20260810,24.45,89,9.78,4.4
1891,1601642760,507820,872797,20260810,62.78,85,25.11,11.3
1892,781165121,507919,872982,20260818,73.46,75,29.38,13.22
1893,735380406,507763,872670,20260810,71.42,50,28.57,12.86
1894,1872207256,507920,872989,20260904,36.77,33,14.71,6.62
1895,3644082876,507822,872802,20260823,58.45,44,23.38,10.52
1896,1901328324,507891,872917,20260820,21.4,65,8.56,3.85
1897,1226056663,507817,872792,20260823,28.45,39,11.38,5.12
1898,996653052,507929,873006,20260812,76.71,66,30.68,13.81
1899,2622562751,507990,873122,20260816,6.04,103,2.42,1.09
1900,251962100,507922,872996,20260828,11.84,56,4.74,2.13
1901,469528852,507919,872982,20260831,21.63,44,8.65,3.89
1902,1998648085,507763,872659,20260825,7.12,28,2.85,1.28
1903,2698766973,508015,873190,20260823,19.51,17,7.8,3.51
1904,3962018598,507740,872628,20260825,51.64,35,20.66,9.3
1905,3061990981,507919,872980,20260814,38.71,113,15.48,6.97
1906,1619170031,507825,872808,20260902,76.41,80,30.56,13.75
1907,2748692984,508016,873192,20260824,70.4,39,28.16,12.67
1908,1498809508,507812,872786,20260831,32.35,16,12.94,5.82
1909,3066512870,507738,872623,20260821,25.75,76,10.3,4.64
1910,2056957294,507763,872662,20260820,35.38,74,14.15,6.37
1911,2329574069,507807,872780,20260813,52.22,45,20.89,9.4
1912,2089438407,508007,873179,20260822,26.45,34,10.58,4.76
1913,1638863010,508011,873186,20260907,54.93,46,21.97,9.89
1914,3001068056,507737,872617,20260820,37.75,10,15.1,6.8
1915,2053534111,507816,872791,20260824,49.16,24,19.66,8.85
1916,3015470222,508007,873179,20260817,39.89,46,15.96,7.18
1917,2502276687,507740,872628,20260901,28.56,22,11.42,5.14
1919,548975242,507920,872990,20260901,66.09,17,26.44,11.9
1920,3325059552,507933,873011,20260813,16.21,14,6.48,2.92
1921,4073108664,507919,872983,20260902,74.48,69,29.79,13.41
1922,3503994392,507819,872795,20260820,43.99,82,17.6,7.92
1923,1773168687,507780,872728,20260905,76.56,10,30.62,13.78
1924,2162674659,508009,873181,20260811,68.99,45,27.6,12.42
1925,2148321901,507919,872981,20260822,39.02,44,15.61,7.02
1926,814374149,507921,872995,20260906,6.8,75,2.72,1.22
1927,2544924933,507763,872662,20260822,26.49,72,10.6,4.77
1928,134024402,507920,872990,20260813,48.33,113,19.33,8.7
1929,415439184,507859,872865,20260815,55.68,32,22.27,10.02
1930,2618560235,507892,872918,20260826,25.63,18,10.25,4.61
1931,3761988587,507828,872811,20260826,16.15,43,6.46,2.91
1932,3490631910,507825,872808,20260828,71.79,55,28.72,12.92
1933,2200451658,507763,872665,20260905,83.75,87,33.5,15.08
1934,756284397,507772,872715,20260826,47.06,13,18.82,8.47
1935,3251985993,507827,872810,20260812,18.73,39,7.49,3.37
1936,4020356757,507895,872922,20260902,26.78,104,10.71,4.82
1937,2520579275,507922,872996,20260904,6.47,111,2.59,1.16
1938,4247026266,507820,872797,20260907,78.14,84,31.26,14.07
1939,1325246537,507890,872915,20260814,14.42,108,5.77,2.6
1940,4012952499,508000,873170,20260827,51.12,81,20.45,9.2
1941,2712363974,507739,872627,20260825,26.92,12,10.77,4.85
1942,40672906,507919,872986,20260815,49.33,23,19.73,8.88
1943,3976152142,507763,872661,20260906,57.11,69,22.84,10.28
1944,2133886695,507824,872805,20260901,71.38,86,28.55,12.85
1945,705950908,507812,872786,20260810,21.51,54,8.6,3.87
1946,1012090693,507825,872808,20260815,5.88,105,2.35,1.06
1947,240774711,507763,872668,20260831,15.95,43,6.38,2.87
1948,270539767,507891,872917,20260815,77.0,54,30.8,13.86
1949,2478779102,507932,873010,20260824,74.91,70,29.96,13.48
1950,718128538,507714,872553,20260816,52.79,92,21.12,9.5
1951,3890846918,507990,873122,20260907,53.04,111,21.22,9.55
1952,1473090774,507920,872988,20260906,58.2,25,23.28,10.48
1953,1062264093,507895,872922,20260902,19.03,75,7.61,3.43
1954,1244264846,507743,872632,20260904,78.15,49,31.26,14.07
1955,4251511410,507801,872768,20260831,38.5,26,15.4,6.93
1956,47415456,507933,873011,20260826,35.65,43,14.26,6.42
1957,3995738186,507863,872869,20260813,46.51,115,18.6,8.37
1958,3656991747,508021,873198,20260905,8.76,25,3.5,1.58
1959,501251744,507922,872997,20260809,18.3,111,7.32,3.29
1960,2026108317,508022,873199,20260821,64.04,69,25.62,11.53
1961,815025584,507919,872983,20260811,11.62,75,4.65,2.09
1962,910918357,507743,872632,20260816,53.25,75,21.3,9.58
1963,2759178807,507805,872773,20260815,24.63,99,9.85,4.43
1965,1177968291,508000,873170,20260817,28.1,65,11.24,5.06
1966,1644823386,507763,872672,20260830,33.45,40,13.38,6.02
1967,2923536434,507820,872797,20260828,62.52,43,25.01,11.25
1968,1840792917,507919,872982,20260828,28.77,48,11.51,5.18
1969,3766336447,507921,872994,20260828,50.31,76,20.12,9.06
1970,3858442706,507763,872670,20260811,43.08,17,17.23,7.75
1971,1661808569,507738,872624,20260902,58.09,96,23.24,10.46
1972,3676769060,508017,873193,20260904,79.95,87,31.98,14.39
1973,3586913613,507809,872783,20260831,63.61,64,25.44,11.45
1974,137474,507771,872714,20260823,22.2,36,8.88,4.0
1975,3738460172,507823,872804,20260830,7.49,102,3.0,1.35
1976,1035749579,508001,873171,20260904,25.98,112,10.39,4.68
1977,2727617447,507725,872601,20260821,52.61,62,21.04,9.47
1978,3280749012,508001,873171,20260817,9.11,48,3.64,1.64
1979,1458033908,507892,872918,20260822,44.71,74,17.88,8.05
1981,3605900455,507807,872779,20260822,31.74,114,12.7,5.71
1982,865858170,507763,872668,20260901,66.67,39,26.67,12.0
1983,761931424,507920,872988,20260831,13.53,62,5.41,2.44
1984,733862176,507763,872669,20260904,11.01,22,4.4,1.98
1985,860760854,507771,872713,20260822,63.26,30,25.3,11.39
1986,330504118,507922,872997,20260905,44.64,28,17.86,8.04
1987,3947305006,507820,872798,20260827,60.07,62,24.03,10.81
1988,1068644177,507931,873009,20260815,39.79,28,15.92,7.16
1989,1293859629,507817,872792,20260810,24.71,66,9.88,4.45
1990,349417964,507919,872976,20260812,70.53,34,28.21,12.7
1991,3213602724,507920,872993,20260830,68.95,95,27.58,12.41
1992,2297758452,507920,872990,20260831,60.58,40,24.23,10.9
1993,3014596364,507810,872784,20260818,26.77,90,10.71,4.82
1994,3351400147,507919,872986,20260904,52.22,64,20.89,9.4
1995,463624575,508001,873171,20260815,33.88,32,13.55,6.1
1996,547730527,507763,872676,20260907,12.33,41,4.93,2.22
1997,952643767,507867,872875,20260820,78.39,71,31.36,14.11
1998,1786147865,507801,872768,20260903,15.95,83,6.38,2.87
1999,4191318692,508015,873190,20260819,81.02,19,32.41,14.58
2001,3878519555,507763,872673,20260824,19.81,81,7.92,3.57
2002,108367868,507746,872636,20260813,48.35,63,19.34,8.7
2003,1988241199,507818,872793,20260808,74.84,61,29.94,13.47
2004,1666960333,507919,872976,20260828,63.58,29,25.43,11.44
2005,4227919146,507829,872813,20260831,69.52,41,27.81,12.51
2006,3517102561,507930,873007,20260822,57.7,23,23.08,10.39
2007,3128585074,507816,872791,20260822,60.38,59,24.15,10.87
2008,2282963322,507714,872553,20260812,72.94,37,29.18,13.13
2009,747862502,507820,872796,20260903,24.97,119,9.99,4.49
2010,2753079802,507821,872800,20260817,44.15,62,17.66,7.95
2011,3899958082,508011,873186,20260817,22.7,33,9.08,4.09
2012,3981845636,508008,873180,20260827,84.01,88,33.6,15.12
2013,3769742935,507921,872995,20260817,80.52,31,32.21,14.49
2014,824005502,507763,872677,20260810,8.15,39,3.26,1.47
2015,172715194,507919,872984,20260823,61.45,72,24.58,11.06
2016,3790201784,507983,873114,20260824,79.02,13,31.61,14.22
2017,1674586654,507920,872993,20260830,19.45,86,7.78,3.5
2018,943591396,507859,872864,20260815,50.44,68,20.18,9.08
2019,1385367261,507828,872811,20260821,78.24,96,31.3,14.08
2021,1309821165,507996,873159,20260816,60.79,91,24.32,10.94
2022,1840468585,507866,872873,20260821,28.79,21,11.52,5.18
2023,362728357,507919,872986,20260809,78.95,40,31.58,14.21
2024,3093826736,507825,872808,20260822,82.68,87,33.07,14.88
2025,2309217753,507801,872768,20260817,80.54,43,32.22,14.5
2026,461478196,507809,872783,20260829,42.94,91,17.18,7.73
2027,592011693,508005,873176,20260812,73.96,107,29.58,13.31
2028,808966041,507867,872875,20260813,72.56,84,29.02,13.06
2029,1717442327,507807,872781,20260815,30.53,114,12.21,5.5
2030,300121671,507895,872922,20260824,71.31,85,28.52,12.84
2031,2206459019,507741,872629,20260808,7.96,58,3.18,1.43
2032,1298704230,507825,872807,20260827,52.7,88,21.08,9.49
2033,2230475307,507920,872991,20260830,23.4,66,9.36,4.21
2034,2520525502,507866,872874,20260824,14.65,104,5.86,2.64
2035,3875615268,507867,872875,20260905,11.16,102,4.46,2.01
2036,4019293599,507763,872677,20260821,60.7,35,24.28,10.93
2038,2319813940,507739,872627,20260814,62.98,105,25.19,11.34
2039,2675594521,507763,872671,20260823,10.23,95,4.09,1.84
2041,1062600184,508012,873187,20260814,48.16,90,19.26,8.67
2042,351958788,507827,872810,20260826,68.26,96,27.3,12.29
2043,1609855495,507763,872664,20260819,30.5,97,12.2,5.49
2044,1033939555,507919,872982,20260831,55.07,59,22.03,9.91
2045,1080386954,507763,872664,20260830,75.88,17,30.35,13.66
2046,1371908474,507958,873057,20260828,54.27,50,21.71,9.77
2047,3428162167,507919,872986,20260903,23.64,15,9.46,4.26
2048,1915331387,507725,872601,20260820,6.95,78,2.78,1.25
2049,2590423183,507763,872675,20260903,74.61,53,29.84,13.43
2050,1184180930,507892,872918,20260903,6.7,73,2.68,1.21
2051,2230785555,507771,872713,20260812,74.98,38,29.99,13.5
2052,707670669,507763,872658,20260811,47.31,37,18.92,8.52
2053,4165004039,507920,872990,20260905,80.13,20,32.05,14.42
2054,2548230086,507815,872789,20260816,68.9,74,27.56,12.4
2055,950993548,507829,872812,20260902,84.83,116,33.93,15.27
2056,1139196435,508021,873198,20260814,33.06,28,13.22,5.95
2057,3593750663,507869,872878,20260905,66.38,18,26.55,11.95
2058,3692004779,507763,872659,20260813,37.15,36,14.86,6.69
2060,2514101851,507961,873060,20260815,55.2,53,22.08,9.94
2061,1690067099,507866,872874,20260830,74.89,77,29.96,13.48
2062,1027192880,507825,872807,20260904,83.73,109,33.49,15.07
2063,1799230483,508022,873199,20260823,66.46,91,26.58,11.96
2064,4249135551,507921,872994,20260827,38.42,24,15.37,6.92
2065,1463103705,507990,873122,20260808,38.71,60,15.48,6.97
2066,538618190,507739,872627,20260905,64.01,22,25.6,11.52
2067,3860671895,508020,873197,20260810,24.1,92,9.64,4.34
2068,4158762834,507746,872636,20260825,13.84,58,5.54,2.49
2069,612653079,507808,872782,20260903,33.37,79,13.35,6.01
2070,2044644764,507820,872797,20260811,27.98,65,11.19,5.04
2071,2744511359,507807,872780,20260810,28.7,85,11.48,5.17
2072,2043270897,507763,872662,20260828,23.69,60,9.48,4.26
2073,4191629435,507919,872981,20260815,8.37,46,3.35,1.51
2074,690877375,507763,872664,20260826,6.43,26,2.57,1.16
2075,521305551,507763,872664,20260830,84.02,67,33.61,15.12
2076,120235077,507919,872983,20260826,39.22,96,15.69,7.06
2077,273177489,507779,872724,20260903,35.75,99,14.3,6.44
2078,1731587250,507821,872800,20260825,59.37,38,23.75,10.69
2079,4182055215,507738,872624,20260817,22.46,42,8.98,4.04
2080,2103655106,507741,872629,20260903,81.0,69,32.4,14.58
2081,1682621700,507826,872809,20260819,67.91,100,27.16,12.22
2082,3729723397,507744,872633,20260809,12.15,98,4.86,2.19
2083,2879841308,507820,872799,20260831,38.41,64,15.36,6.91
2084,170396604,507862,872868,20260903,75.33,19,30.13,13.56
2085,284220849,507866,872872,20260819,80.58,56,32.23,14.5
2086,1132574026,507919,872980,20260831,42.39,32,16.96,7.63
2087,3834560702,507763,872676,20260816,54.07,94,21.63,9.73
2089,1900884487,507959,873058,20260810,84.29,116,33.72,15.17
2091,1013740464,508004,873174,20260820,80.42,110,32.17,14.48
2092,3139246209,507780,872728,20260811,56.97,42,22.79,10.25
2093,2650405863,507779,872725,20260906,53.62,33,21.45,9.65
2094,2826166807,507779,872726,20260830,46.02,117,18.41,8.28
2095,396193758,507763,872659,20260820,23.45,20,9.38,4.22
2096,324881319,508018,873194,20260828,19.12,26,7.65,3.44
2097,1712219365,507866,872874,20260820,22.64,77,9.06,4.08
2098,1043868793,508020,873197,20260811,19.92,56,7.97,3.59
2099,2736476282,507809,872783,20260902,67.37,34,26.95,12.13
2100,2715136156,507922,872997,20260820,33.01,103,13.2,5.94
2101,22970542,508009,873181,20260905,9.63,82,3.85,1.73
2102,3355452403,507763,872675,20260820,82.53,30,33.01,14.86
2103,1953972779,507807,872781,20260815,75.7,93,30.28,13.63
2104,2295642237,507920,872988,20260828,79.22,92,31.69,14.26
2105,594270016,507813,872787,20260822,84.59,92,33.84,15.23
2106,935662898,507919,872987,20260904,18.91,21,7.56,3.4
2107,4235258128,507813,872787,20260829,36.7,46,14.68,6.61
2108,1511988382,507724,872600,20260810,65.66,51,26.26,11.82
2109,576834013,507920,872989,20260827,60.68,26,24.27,10.92
2110,2527648794,507820,872797,20260828,17.31,110,6.92,3.12
2111,3409516577,507996,873159,20260815,70.27,57,28.11,12.65
2112,1831835582,507771,872714,20260826,22.96,112,9.18,4.13
2114,4247360236,507919,872983,20260820,47.96,50,19.18,8.63
2115,2541785512,507859,872864,20260823,52.44,108,20.98,9.44
2116,782838063,508011,873186,20260831,51.41,56,20.56,9.25
2117,3612239602,507821,872800,20260904,12.32,27,4.93,2.22
2118,810876954,507919,872978,20260828,75.2,87,30.08,13.54
2120,2731075489,507919,872986,20260821,15.36,117,6.14,2.76
2121,429243805,507822,872802,20260824,76.1,114,30.44,13.7
2122,3770107667,507803,872770,20260830,81.45,80,32.58,14.66
2123,528966960,507867,872875,20260813,73.97,114,29.59,13.31
2124,1093875408,507920,872993,20260811,69.76,22,27.9,12.56
2125,3694009460,507763,872666,20260826,57.42,91,22.97,10.34
2126,847749750,507808,872782,20260812,49.07,110,19.63,8.83
2127,888072567,507866,872874,20260906,11.96,22,4.78,2.15
2128,2037505479,508005,873176,20260831,37.68,109,15.07,6.78
2129,651963767,507862,872868,20260824,34.82,40,13.93,6.27
2130,3941944726,508007,873179,20260809,25.78,11,10.31,4.64
2131,694011285,507820,872799,20260817,62.87,25,25.15,11.32
2132,3562257779,507820,872799,20260831,44.67,18,17.87,8.04
2133,1045940498,507737,872617,20260906,11.48,82,4.59,2.07
2134,2036279463,507869,872878,20260827,22.61,47,9.04,4.07
2135,2095702436,507818,872793,20260904,59.66,84,23.86,10.74
2136,259096187,507724,872600,20260822,11.09,63,4.44,2.0
2137,1662960545,508004,873174,20260831,73.1,65,29.24,13.16
2138,5056999,507742,872630,20260823,44.61,95,17.84,8.03
2139,10328928,508017,873193,20260826,43.45,106,17.38,7.82
2140,815657097,507922,872997,20260831,52.39,109,20.96,9.43
2141,3816105144,507820,872797,20260831,70.97,118,28.39,12.77
2142,3241152323,507807,872780,20260818,32.82,96,13.13,5.91
2143,2005333787,508017,873193,20260823,59.24,54,23.7,10.66
2144,1227612756,507861,872867,20260810,50.26,118,20.1,9.05
2145,837391543,507806,872777,20260815,26.36,43,10.54,4.74
2146,3943939050,507801,872768,20260821,75.29,18,30.12,13.55
2147,3393356450,508020,873197,20260822,68.79,97,27.52,12.38
2148,3608203595,507812,872786,20260818,57.68,17,23.07,10.38
2149,57153746,507763,872674,20260819,73.05,16,29.22,13.15
2150,1002872423,508022,873199,20260905,74.38,45,29.75,13.39
2151,4212452576,507763,872663,20260901,61.67,27,24.67,11.1
2152,1275920742,508022,873199,20260821,71.96,12,28.78,12.95
2153,3825319263,507740,872628,20260901,60.8,37,24.32,10.94
2154,998513775,507823,872804,20260816,59.41,79,23.76,10.69
2155,2916476587,507919,872982,20260816,54.49,117,21.8,9.81
2156,2998884070,507739,872626,20260904,65.22,53,26.09,11.74
2157,4016792943,508008,873180,20260817,17.69,30,7.08,3.18
2158,385254860,507864,872870,20260903,75.47,37,30.19,13.58
2160,854375025,507763,872662,20260808,7.34,63,2.94,1.32
2161,4132653670,507820,872799,20260815,71.07,63,28.43,12.79
2162,2978383800,507826,872809,20260811,15.31,74,6.12,2.76
2163,571731088,507919,872976,20260809,31.81,109,12.72,5.73
2164,3223299213,507779,872726,20260902,64.48,30,25.79,11.61
2165,3347535218,507804,872771,20260826,17.86,116,7.14,3.21
2166,784229663,507763,872672,20260907,70.44,108,28.18,12.68
2167,199456474,507990,873122,20260901,71.57,22,28.63,12.88
2168,454800806,507864,872870,20260808,45.6,66,18.24,8.21
2169,2591087449,507959,873058,20260809,5.51,58,2.2,0.99
2170,2056297353,507929,873006,20260903,27.96,63,11.18,5.03
2171,2266032829,507817,872792,20260903,54.35,19,21.74,9.78
2173,1147286004,507813,872787,20260817,55.55,53,22.22,10.0
2174,3652875676,507920,872993,20260813,25.78,56,10.31,4.64
2175,679056097,507820,872799,20260820,55.72,62,22.29,10.03
2176,3372184581,507829,872812,20260903,48.2,83,19.28,8.68
2178,2862187862,507920,872989,20260827,13.56,22,5.42,2.44
2179,3690175222,507763,872658,20260826,65.88,46,26.35,11.86
2180,2456871175,507763,872675,20260830,48.3,111,19.32,8.69
2181,1597622485,507807,872779,20260819,82.04,33,32.82,14.77
2182,3255550082,507869,872878,20260812,32.35,11,12.94,5.82
2183,1612031321,508002,873172,20260813,55.61,95,22.24,10.01
2185,379829742,507763,872662,20260904,13.2,109,5.28,2.38
2186,2289036175,507869,872878,20260811,79.98,23,31.99,14.4
2187,1098415687,507725,872601,20260816,60.03,19,24.01,10.81
2188,391540241,507815,872789,20260901,10.43,44,4.17,1.88
2190,3033314033,507763,872670,20260903,61.65,12,24.66,11.1
2192,1990750016,507865,872871,20260905,51.57,26,20.63,9.28
2194,2688570004,508009,873181,20260812,54.67,63,21.87,9.84
2195,1868458474,507866,872874,20260904,8.66,33,3.46,1.56
2196,2454528384,507866,872872,20260817,74.72,38,29.89,13.45
2198,909517904,507807,872781,20260906,82.51,34,33.0,14.85
2199,3747318486,507920,872990,20260827,64.97,109,25.99,11.69
2200,403018657,507738,872623,20260823,15.41,69,6.16,2.77
2201,2329090067,508020,873197,20260905,65.66,99,26.26,11.82
2202,3570499326,508003,873173,20260905,6.97,111,2.79,1.25
2203,3695372003,507826,872809,20260903,6.77,74,2.71,1.22
2204,1018030035,508018,873194,20260827,30.89,93,12.36,5.56
2205,2609068310,507806,872777,20260812,44.09,37,17.64,7.94
2206,1646326974,507746,872635,20260811,66.63,25,26.65,11.99
2207,1754666196,507920,872988,20260829,59.66,56,23.86,10.74
2208,2135935510,507822,872802,20260812,40.67,90,16.27,7.32
2209,2721263382,507892,872918,20260907,26.89,113,10.76,4.84
2210,1942987800,507763,872668,20260824,84.77,101,33.91,15.26
2211,1119232134,507763,872674,20260821,39.09,67,15.64,7.04
2212,3062395616,507741,872629,20260901,41.11,85,16.44,7.4
2214,3093412377,507822,872802,20260829,68.58,62,27.43,12.34
2215,2128824578,507922,872996,20260906,60.49,51,24.2,10.89
2216,3839802348,507763,872668,20260812,22.66,68,9.06,4.08
2217,2527019513,507763,872663,20260820,11.59,56,4.64,2.09
2218,4124692375,507808,872782,20260812,59.44,103,23.78,10.7
2219,2731525515,507983,873114,20260816,57.36,114,22.94,10.32
2220,3437883019,507763,872673,20260816,26.86,43,10.74,4.83
2221,2931805715,507867,872876,20260824,81.07,46,32.43,14.59
2222,783884684,507919,872986,20260813,17.08,15,6.83,3.07
2223,2596858508,507865,872871,20260808,39.59,16,15.84,7.13
2224,2942969490,507990,873122,20260830,80.49,105,32.2,14.49
2225,2246657389,507919,872977,20260821,38.58,105,15.43,6.94
2226,2871239157,508011,873186,20260815,56.08,34,22.43,10.09
2227,4116836732,507771,872713,20260817,36.81,42,14.72,6.63
2228,4121543470,507919,872976,20260830,26.94,64,10.78,4.85
2229,630183024,507763,872664,20260813,83.72,67,33.49,15.07
2230,2646827413,507921,872995,20260812,37.75,16,15.1,6.8
2231,2611116327,508019,873196,20260904,76.53,66,30.61,13.78
2232,1612969147,507892,872918,20260906,23.4,21,9.36,4.21
2233,1890518934,507819,872795,20260827,22.05,25,8.82,3.97
2235,1749029114,507865,872871,20260827,57.13,52,22.85,10.28
2237,2418739483,507919,872983,20260905,74.15,86,29.66,13.35
2238,3050679141,507919,872983,20260827,42.86,16,17.14,7.71
2239,1910089852,507808,872782,20260815,82.46,109,32.98,14.84
2240,905523409,507863,872869,20260823,19.84,60,7.94,3.57
2241,4110405430,507763,872664,20260901,74.49,82,29.8,13.41
2242,2084769142,507865,872871,20260811,67.13,41,26.85,12.08
2243,682492554,507996,873159,20260829,66.67,84,26.67,12.0
2244,3768204983,507862,872868,20260829,72.58,17,29.03,13.06
2245,1361234507,507745,872634,20260901,65.88,106,26.35,11.86
2246,3798823227,507869,872878,20260826,55.1,96,22.04,9.92
2247,1584100901,507818,872793,20260820,15.5,98,6.2,2.79
2248,4220603597,507801,872768,20260906,7.6,81,3.04,1.37
2249,145612096,507763,872670,20260830,78.67,54,31.47,14.16
2250,2096147748,507919,872986,20260815,54.33,95,21.73,9.78
2251,3736810578,507763,872662,20260808,68.72,68,27.49,12.37
2252,2108171793,507806,872775,20260824,43.52,13,17.41,7.83
2253,760654338,508013,873188,20260824,14.38,113,5.75,2.59
2254,1041444194,507737,872617,20260824,15.01,76,6.0,2.7
2255,3082883693,507742,872630,20260906,59.85,38,23.94,10.77
2256,3423099549,507828,872811,20260823,39.42,114,15.77,7.1
2257,1334865518,507810,872784,20260906,21.04,38,8.42,3.79
2258,1055690830,507763,872671,20260831,44.33,107,17.73,7.98
2259,1971751524,508004,873174,20260817,10.14,107,4.06,1.83
2260,1597292428,507805,872773,20260824,51.56,37,20.62,9.28
2261,1183573659,507746,872636,20260901,26.52,86,10.61,4.77
2262,75443200,508001,873171,20260824,68.8,88,27.52,12.38
2263,753507420,507806,872774,20260822,29.83,96,11.93,5.37
2264,3154843197,508011,873186,20260826,41.42,53,16.57,7.46
2265,1592675168,507806,872776,20260905,5.93,99,2.37,1.07
2266,3576749528,507807,872781,20260906,10.8,13,4.32,1.94
2267,2538439734,507827,872810,20260904,36.4,99,14.56,6.55
2268,3491107725,507763,872676,20260831,43.4,113,17.36,7.81
2269,4217081533,508013,873188,20260829,53.0,18,21.2,9.54
2270,516869461,507714,872553,20260812,28.33,14,11.33,5.1
2271,2706473037,507818,872793,20260901,60.6,65,24.24,10.91
2274,3865248775,507990,873122,20260829,8.17,59,3.27,1.47
2275,2202491860,507812,872786,20260812,43.44,84,17.38,7.82
2276,2903351193,507779,872726,20260906,13.39,24,5.36,2.41
2278,3163324156,507738,872623,20260903,83.93,37,33.57,15.11
2279,776050417,507763,872672,20260904,16.4,31,6.56,2.95
2280,3750308257,507725,872601,20260826,44.91,114,17.96,8.08
2281,3770676049,507862,872868,20260813,54.45,26,21.78,9.8
2282,4173460531,507808,872782,20260825,61.2,68,24.48,11.02
2283,4077909495,508011,873186,20260907,49.77,99,19.91,8.96
2284,3274128050,507825,872808,20260904,5.78,117,2.31,1.04
2285,272657589,507736,872615,20260824,31.12,80,12.45,5.6
2286,1939832680,507779,872726,20260813,46.42,115,18.57,8.36
2287,1721951585,507815,872789,20260813,12.03,66,4.81,2.17
2288,1978254441,507743,872632,20260819,33.05,35,13.22,5.95
2289,4101038062,507763,872671,20260830,7.66,34,3.06,1.38
2290,2705771433,507919,872977,20260827,11.29,19,4.52,2.03
2291,4093434470,507958,873057,20260906,36.75,54,14.7,6.61
2292,502725076,507763,872668,20260825,15.62,92,6.25,2.81
2293,4285907292,507746,872635,20260901,50.4,20,20.16,9.07
2294,2848418151,507920,872991,20260822,60.16,86,24.06,10.83
2295,2571399658,507919,872984,20260812,69.05,62,27.62,12.43
2296,285189098,507863,872869,20260815,21.01,81,8.4,3.78
2297,3037216277,507932,873010,20260823,18.4,113,7.36,3.31
2298,1468873499,508012,873187,20260830,13.37,77,5.35,2.41
2300,2833094684,507919,872985,20260825,61.52,37,24.61,11.07
2301,2479488668,507929,873006,20260813,7.53,84,3.01,1.36
2303,1226579269,508019,873196,20260811,9.16,74,3.66,1.65
2304,377601632,507741,872629,20260810,48.3,58,19.32,8.69
2305,226703170,507956,873053,20260809,61.72,56,24.69,11.11
2306,565634976,507822,872802,20260813,74.68,61,29.87,13.44
2307,3206462487,507919,872987,20260820,62.13,111,24.85,11.18
2308,3583261729,507738,872624,20260904,69.14,97,27.66,12.45
2309,983995853,507745,872634,20260824,32.16,63,12.86,5.79
2310,88244559,507920,872992,20260831,70.19,69,28.08,12.63
2312,859725297,507919,872979,20260817,76.59,56,30.64,13.79
2313,895197870,507763,872666,20260827,48.81,40,19.52,8.79
2314,1864884377,507921,872995,20260907,70.38,114,28.15,12.67
2315,2519204229,507919,872983,20260830,41.19,55,16.48,7.41
2317,451479833,507763,872659,20260819,47.11,14,18.84,8.48
2318,2633087957,507825,872808,20260822,63.53,93,25.41,11.44
2319,2927813637,508017,873193,20260905,11.53,61,4.61,2.08
2320,4168843669,507763,872676,20260903,9.83,114,3.93,1.77
2321,3328377869,507746,872635,20260826,24.77,84,9.91,4.46
2322,3856624610,507763,872671,20260818,17.76,63,7.1,3.2
2323,736956113,507818,872793,20260814,74.74,42,29.9,13.45
2324,3961760719,508021,873198,20260901,22.54,59,9.02,4.06
2325,1016484646,508009,873181,20260906,83.07,47,33.23,14.95
2326,4201676947,508000,873170,20260907,31.95,36,12.78,5.75
2327,2587791256,507826,872809,20260906,19.57,107,7.83,3.52
2329,1859931639,508013,873188,20260830,57.7,105,23.08,10.39
2330,3493598597,507959,873058,20260823,44.86,70,17.94,8.07
2331,2120342846,507820,872799,20260815,49.43,30,19.77,8.9
2332,1964090270,507919,872986,20260814,62.54,55,25.02,11.26
2333,2132194666,507930,873007,20260823,23.28,78,9.31,4.19
2334,2847257197,508016,873192,20260817,84.71,15,33.88,15.25
2335,3238332892,507919,872980,20260815,82.98,47,33.19,14.94
2336,631265182,507763,872664,20260828,57.03,71,22.81,10.27
2337,1353811882,507763,872668,20260905,20.96,95,8.38,3.77
2338,1331718747,508001,873171,20260829,59.42,71,23.77,10.7
2339,3952965669,507806,872776,20260901,10.78,91,4.31,1.94
2340,3448990061,507919,872980,20260904,7.45,87,2.98,1.34
2341,3240985448,507919,872985,20260901,25.61,83,10.24,4.61
2342,4210589065,507807,872780,20260815,42.01,55,16.8,7.56
2343,3623370339,507895,872922,20260823,74.46,22,29.78,13.4
2344,669223419,507829,872812,20260811,63.17,104,25.27,11.37
2345,964391021,507919,872986,20260809,64.42,103,25.77,11.6
2346,1338507208,507890,872915,20260815,39.04,12,15.62,7.03
2347,814468066,507919,872976,20260827,32.67,103,13.07,5.88
2348,3270532914,507763,872663,20260828,34.68,15,13.87,6.24
2349,4239154993,507824,872805,20260828,84.01,102,33.6,15.12
2351,2718513020,507824,872805,20260812,74.36,53,29.74,13.38
2352,2458172390,507813,872787,20260819,51.29,118,20.52,9.23
2353,1368708970,507866,872872,20260810,40.09,116,16.04,7.22
2354,3878921873,507771,872713,20260819,63.02,117,25.21,11.34
2355,2252457719,507920,872991,20260816,43.93,42,17.57,7.91
2356,1116147024,507746,872636,20260905,74.87,90,29.95,13.48
2357,3911969755,507763,872662,20260904,77.06,84,30.82,13.87
2358,3775380344,507763,872660,20260905,38.74,86,15.5,6.97
2359,3034942247,507763,872662,20260821,27.15,59,10.86,4.89
2360,2720401032,507919,872980,20260903,52.39,20,20.96,9.43
2361,1312255914,507763,872663,20260830,77.99,104,31.2,14.04
2362,2635083103,507866,872872,20260829,21.85,37,8.74,3.93
2363,2955043535,507763,872672,20260820,54.84,117,21.94,9.87
2365,3581547206,507745,872634,20260821,63.65,50,25.46,11.46
2366,1428626941,508011,873186,20260812,15.53,25,6.21,2.8
2367,4274910063,508003,873173,20260814,62.27,77,24.91,11.21
2368,2485754726,508003,873173,20260818,77.72,108,31.09,13.99
2369,3522918063,507827,872810,20260907,19.37,57,7.75,3.49
2370,2414463145,507763,872670,20260816,24.0,65,9.6,4.32
2371,1051206001,507895,872922,20260818,82.71,73,33.08,14.89
2372,3274743749,507861,872867,20260811,19.48,68,7.79,3.51
2373,2668270479,507919,872978,20260903,73.35,99,29.34,13.2
2374,2892165073,507743,872632,20260906,44.38,71,17.75,7.99
2375,1096687669,507820,872797,20260824,24.78,85,9.91,4.46
2377,3116627871,507823,872804,20260902,40.62,110,16.25,7.31
2378,2607043618,507861,872867,20260815,46.19,98,18.48,8.31
2379,2300676073,507763,872665,20260811,33.74,27,13.5,6.07
2380,1934176713,508007,873179,20260814,52.44,28,20.98,9.44
2381,1475043415,507930,873007,20260820,18.08,96,7.23,3.25
2382,1598792968,507806,872775,20260824,36.29,64,14.52,6.53
2383,3696375686,507771,872713,20260827,82.55,111,33.02,14.86
2384,46433834,507920,872993,20260815,25.65,91,10.26,4.62
2385,370705734,507807,872779,20260828,57.54,35,23.02,10.36
2386,3256792637,507763,872666,20260830,31.02,15,12.41,5.58
2387,77816863,507859,872865,20260813,66.88,13,26.75,12.04
2388,487665146,508002,873172,20260902,15.47,117,6.19,2.78
2389,1303874801,507865,872871,20260826,82.59,38,33.04,14.87
2390,1245077218,507763,872668,20260901,41.3,68,16.52,7.43
2391,3657613427,507819,872795,20260905,23.88,107,9.55,4.3
2392,135636454,508005,873176,20260813,10.88,26,4.35,1.96
2393,2543705192,507807,872779,20260826,18.58,116,7.43,3.34
2394,749372618,507919,872979,20260903,46.58,52,18.63,8.38
2395,2061179886,508003,873173,20260819,31.96,89,12.78,5.75
2396,4040584193,508021,873198,20260818,71.31,75,28.52,12.84
2397,4011892310,508019,873196,20260821,39.47,43,15.79,7.1
2398,2898908394,508002,873172,20260822,24.9,17,9.96,4.48
2399,2077003097,507738,872623,20260904,54.37,22,21.75,9.79
2400,4218342211,508017,873193,20260905,61.54,115,24.62,11.08
2403,3352244458,507780,872728,20260830,7.93,105,3.17,1.43
2404,3990912416,507817,872792,20260814,63.91,109,25.56,11.5
2405,3388880903,507823,872804,20260830,58.1,103,23.24,10.46
2406,1034151597,507829,872812,20260808,42.97,74,17.19,7.73
2407,1268143859,507859,872865,20260818,72.53,52,29.01,13.06
2408,97329162,507715,872554,20260823,69.45,48,27.78,12.5
2409,1020733612,507780,872728,20260821,51.83,90,20.73,9.33
2410,4057120663,507763,872675,20260826,74.46,68,29.78,13.4
2411,509390311,508004,873174,20260812,21.47,93,8.59,3.86
2412,1218196505,507890,872915,20260816,13.95,97,5.58,2.51
2413,2353566003,507746,872636,20260827,26.58,95,10.63,4.78
2414,3529155627,507763,872675,20260820,9.57,102,3.83,1.72
2415,2404285731,507738,872624,20260813,47.49,95,19.0,8.55
2416,3439617295,507763,872662,20260808,79.93,53,31.97,14.39
2417,571968373,507959,873058,20260831,8.15,18,3.26,1.47
2418,4218689944,507806,872776,20260815,14.77,46,5.91,2.66
2419,2136133298,507866,872873,20260902,41.18,83,16.47,7.41
2420,1293641433,507919,872977,20260809,79.71,45,31.88,14.35
2421,4190566590,507919,872986,20260825,30.29,110,12.12,5.45
2422,3872465541,507829,872813,20260829,45.58,101,18.23,8.2
2423,1141641336,507771,872714,20260831,8.33,37,3.33,1.5
2424,561121734,507865,872871,20260819,16.87,51,6.75,3.04
2425,3544424504,507823,872804,20260812,83.93,52,33.57,15.11
2426,3434480665,507826,872809,20260813,82.21,94,32.88,14.8
2427,2999602844,508005,873175,20260826,5.4,97,2.16,0.97
2428,1071179570,508013,873188,20260815,81.14,51,32.46,14.61
2429,2843123541,507763,872660,20260815,56.13,113,22.45,10.1
2430,415160094,507743,872632,20260811,74.43,75,29.77,13.4
2431,898198241,507771,872713,20260907,41.38,64,16.55,7.45
2432,973353391,507771,872714,20260830,46.25,81,18.5,8.32
2433,127548545,508020,873197,20260818,44.11,57,17.64,7.94
2434,2242940896,507742,872630,20260828,58.35,100,23.34,10.5
2435,722898804,507763,872659,20260819,16.17,31,6.47,2.91
2436,394598499,507817,872792,20260813,7.4,110,2.96,1.33
2437,1674168800,507919,872983,20260814,29.63,36,11.85,5.33
2438,1239996782,507919,872978,20260825,61.37,102,24.55,11.05
2439,1243532925,507921,872994,20260823,21.15,76,8.46,3.81
2440,1752051169,508017,873193,20260820,58.87,117,23.55,10.6
2441,2869870774,507919,872983,20260812,82.59,22,33.04,14.87
2442,1885095399,507919,872976,20260904,12.51,54,5.0,2.25
2443,3721844823,507817,872792,20260809,58.81,19,23.52,10.59
2444,3455028264,507806,872776,20260818,40.5,109,16.2,7.29
2445,3799131823,507932,873010,20260827,74.45,18,29.78,13.4
2446,1534078978,507763,872668,20260811,19.17,63,7.67,3.45
2447,1571265574,507859,872864,20260901,60.41,36,24.16,10.87
2448,2574308222,507919,872980,20260814,72.05,43,28.82,12.97
2449,113576901,507763,872667,20260901,80.57,10,32.23,14.5
2450,1596693063,507820,872796,20260903,59.66,41,23.86,10.74
2451,637013059,508012,873187,20260826,44.77,98,17.91,8.06
2452,3661955626,507921,872994,20260815,54.43,102,21.77,9.8
2453,1153028847,507958,873057,20260905,74.51,80,29.8,13.41
2454,3682126069,507823,872803,20260826,50.65,76,20.26,9.12
2455,2757826492,507741,872629,20260831,7.43,93,2.97,1.34
2456,2605280200,507806,872777,20260809,79.48,29,31.79,14.31
2457,3294920358,507869,872878,20260809,60.16,103,24.06,10.83
2458,2642706909,508015,873190,20260819,59.12,44,23.65,10.64
2459,2985185323,507744,872633,20260811,22.25,108,8.9,4.0
2460,4282779960,507715,872554,20260902,57.71,112,23.08,10.39
2461,2011231691,507805,872773,20260901,36.51,100,14.6,6.57
2462,854886540,507822,872802,20260829,57.1,99,22.84,10.28
2463,3756627323,507806,872775,20260812,13.53,87,5.41,2.44
2464,2502096420,507763,872674,20260822,57.63,26,23.05,10.37
2465,2223647113,507813,872787,20260823,84.95,27,33.98,15.29
2466,1755881650,507820,872798,20260902,8.86,54,3.54,1.59
2467,1560033293,507826,872809,20260816,83.17,102,33.27,14.97
2468,1428394310,507763,872669,20260827,37.55,93,15.02,6.76
2469,2029471128,507715,872554,20260823,74.66,62,29.86,13.44
2470,2783579865,507922,872997,20260820,67.59,100,27.04,12.17
2471,1586619109,507919,872980,20260820,50.36,91,20.14,9.06
2472,3018785094,507779,872726,20260829,64.08,77,25.63,11.53
2473,2162788196,507763,872672,20260830,75.28,74,30.11,13.55
2474,2113230036,507866,872874,20260823,37.33,10,14.93,6.72
2475,2026995195,507961,873060,20260814,31.16,67,12.46,5.61
2476,3521653636,507807,872780,20260815,58.41,35,23.36,10.51
2477,2944124831,507929,873006,20260816,69.63,118,27.85,12.53
2478,3069532277,508003,873173,20260825,65.98,29,26.39,11.88
2479,4059697680,507861,872867,20260816,68.83,96,27.53,12.39
2480,4105466481,507763,872657,20260814,39.85,19,15.94,7.17
2481,2435314689,507869,872878,20260814,70.43,68,28.17,12.68
2482,330837268,507740,872628,20260824,14.62,84,5.85,2.63
2483,365729670,507919,872981,20260821,48.56,50,19.42,8.74
2484,550145500,507736,872615,20260821,5.46,114,2.18,0.98
2485,4201824229,507919,872987,20260901,30.97,14,12.39,5.57
2486,2424504432,507763,872658,20260902,34.32,74,13.73,6.18
2487,2190370386,507824,872805,20260811,36.69,26,14.68,6.6
2488,3070493646,508007,873179,20260905,60.64,31,24.26,10.92
2489,4186098278,507919,872979,20260826,36.08,107,14.43,6.49
2490,2736858677,508005,873176,20260821,40.9,118,16.36,7.36
2491,1704562464,507891,872917,20260905,24.0,50,9.6,4.32
2492,1843435688,507919,872976,20260819,34.86,102,13.94,6.27
2493,897194212,507820,872798,20260810,23.18,77,9.27,4.17
2494,4046071224,507763,872668,20260820,10.86,78,4.34,1.95
2495,2877583383,507891,872917,20260831,53.28,20,21.31,9.59
2496,800700219,507737,872617,20260827,58.46,65,23.38,10.52
2497,2484404329,507826,872809,20260817,54.56,60,21.82,9.82
2498,1043624852,507779,872725,20260904,42.08,30,16.83,7.57
2499,4008000826,508020,873197,20260819,35.38,108,14.15,6.37
2500,398578482,507919,872987,20260820,74.07,85,29.63,13.33
2501,2005436520,507863,872869,20260824,46.53,35,18.61,8.38
2502,2431828861,507763,872661,20260812,43.33,28,17.33,7.8
2503,489043808,507919,872981,20260814,7.05,118,2.82,1.27
2504,1138752140,507763,872666,20260817,32.3,69,12.92,5.81
2505,1203083228,507810,872784,20260902,35.42,80,14.17,6.38
2506,3606362471,507919,872981,20260828,36.91,56,14.76,6.64
2507,3356458278,508011,873186,20260831,51.41,80,20.56,9.25
2508,3147581774,507890,872915,20260823,47.69,35,19.08,8.58
2509,1878516643,507958,873057,20260812,53.63,49,21.45,9.65
2510,2231415035,507763,872659,20260809,66.19,14,26.48,11.91
2511,4220076220,507869,872878,20260818,70.04,30,28.02,12.61
2512,3862479963,507823,872804,20260905,62.45,87,24.98,11.24
2513,338201737,507829,872812,20260820,81.44,13,32.58,14.66
2514,1771916917,507806,872777,20260826,6.46,32,2.58,1.16
2515,4084196361,507828,872811,20260818,20.66,115,8.26,3.72
2516,3528726646,507779,872725,20260815,5.61,93,2.24,1.01
2517,3155082700,507763,872658,20260828,56.8,24,22.72,10.22
2519,965736803,507763,872668,20260809,24.48,102,9.79,4.41
2520,3608115857,507959,873058,20260808,79.16,17,31.66,14.25
2521,879574720,507931,873009,20260823,9.82,50,3.93,1.77
2522,2447100740,507802,872769,20260818,79.75,28,31.9,14.35
2523,180350519,507859,872865,20260829,33.13,112,13.25,5.96
2524,4110224043,507859,872865,20260811,13.11,55,5.24,2.36
2526,4082439495,507808,872782,20260810,25.54,119,10.22,4.6
2527,3755887837,507763,872665,20260902,27.79,100,11.12,5.0
2528,1917741184,507763,872676,20260826,29.58,77,11.83,5.32
2529,2628875568,507813,872787,20260812,69.24,24,27.7,12.46
2530,3716682059,507803,872770,20260902,48.13,108,19.25,8.66
2531,1766426708,507779,872726,20260827,29.9,46,11.96,5.38
2533,2630472687,507771,872713,20260829,62.29,76,24.92,11.21
2534,2513968193,507763,872658,20260820,26.81,33,10.72,4.83
2535,4145718486,507780,872727,20260821,38.08,36,15.23,6.85
2536,799305798,508022,873199,20260827,14.75,49,5.9,2.66
2537,2296488988,507922,872996,20260824,19.49,72,7.8,3.51
2539,4284226200,508004,873174,20260812,19.52,45,7.81,3.51
2540,2095122662,508008,873180,20260815,47.01,107,18.8,8.46
2541,361946534,507919,872984,20260816,61.72,102,24.69,11.11
2542,3937500382,508004,873174,20260816,13.55,33,5.42,2.44
2543,1006208276,508021,873198,20260831,50.38,33,20.15,9.07
2544,139240380,507825,872808,20260828,25.53,115,10.21,4.6
2545,2767477915,508022,873199,20260903,82.03,13,32.81,14.77
2546,654047218,507824,872805,20260818,43.68,76,17.47,7.86
2547,3632237657,507763,872677,20260823,69.48,43,27.79,12.51
2548,2150199343,507919,872982,20260821,49.02,66,19.61,8.82
2549,163554767,507746,872636,20260813,8.47,58,3.39,1.52
2550,491491429,507920,872990,20260823,55.65,96,22.26,10.02
2551,2429016597,507919,872983,20260819,81.11,62,32.44,14.6
2552,2664623343,507822,872802,20260815,53.13,32,21.25,9.56
2553,1340215513,507818,872793,20260820,70.54,118,28.22,12.7
2554,131576340,508012,873187,20260827,75.74,78,30.3,13.63
2555,1758534899,507744,872633,20260823,23.25,104,9.3,4.18
2556,1106933541,507861,872867,20260817,21.96,62,8.78,3.95
2557,4189439928,507930,873007,20260828,53.88,71,21.55,9.7
2559,3429141837,507823,872804,20260813,72.19,66,28.88,12.99
2560,1531262414,507920,872988,20260813,77.0,69,30.8,13.86
2561,1706314139,507919,872985,20260814,33.27,63,13.31,5.99
2562,1693696253,507739,872627,20260811,23.95,79,9.58,4.31
2563,1774987419,507744,872633,20260814,67.44,110,26.98,12.14
2564,657074022,507865,872871,20260828,26.98,66,10.79,4.86
2565,891472629,507820,872797,20260812,70.81,19,28.32,12.75
2566,3107427407,507763,872658,20260812,38.9,49,15.56,7.0
2567,537735350,507763,872662,20260811,58.4,16,23.36,10.51
2568,268772132,508019,873196,20260830,12.64,112,5.06,2.28
2569,1020890788,508013,873188,20260813,54.91,47,21.96,9.88
2570,3982118547,507930,873007,20260814,41.14,94,16.46,7.41
2571,3412494230,507867,872875,20260831,51.93,70,20.77,9.35
2572,2826057944,507920,872988,20260816,18.44,93,7.38,3.32
2574,1340266977,508001,873171,20260810,74.02,60,29.61,13.32
2575,2775449900,507740,872628,20260829,22.34,95,8.94,4.02
2576,3522691398,507919,872985,20260825,12.66,56,5.06,2.28
2577,1693726295,508005,873176,20260817,6.89,77,2.76,1.24
2578,3168868254,507801,872768,20260822,56.36,101,22.54,10.14
2579,929887172,507825,872808,20260815,53.57,85,21.43,9.64
2580,1497136116,508016,873192,20260907,48.74,47,19.5,8.77
2581,4100233964,507920,872991,20260822,23.56,45,9.42,4.24
2582,1898481110,507929,873006,20260828,36.27,50,14.51,6.53
2583,4252700833,507763,872677,20260811,52.56,78,21.02,9.46
2585,3166397772,507919,872985,20260815,84.02,96,33.61,15.12
2586,3739841918,507763,872665,20260818,15.92,67,6.37,2.87
2587,1161226282,507829,872813,20260904,60.61,59,24.24,10.91
2588,3087291463,507763,872660,20260827,37.35,39,14.94,6.72
2589,2884444179,507930,873007,20260831,39.26,71,15.7,7.07
2590,3930868931,507779,872726,20260825,62.41,110,24.96,11.23
2591,1620884212,507740,872628,20260827,60.39,34,24.16,10.87
2592,1616948093,507811,872785,20260817,84.3,36,33.72,15.17
2593,4009590680,507919,872982,20260824,15.27,60,6.11,2.75
2594,2085838265,507919,872982,20260810,13.33,87,5.33,2.4
2595,4114407223,507958,873057,20260811,62.95,66,25.18,11.33
2597,3779558896,508018,873194,20260905,26.93,109,10.77,4.85
2598,444950680,507771,872714,20260816,11.35,48,4.54,2.04
2599,3170137350,507864,872870,20260820,11.85,25,4.74,2.13
2600,985054901,507866,872872,20260821,76.54,31,30.62,13.78
2601,2062386660,507820,872796,20260819,20.35,94,8.14,3.66
2602,1029990760,507867,872876,20260825,30.87,63,12.35,5.56
2603,1857524215,507892,872918,20260817,23.13,30,9.25,4.16
2605,2484761561,508015,873190,20260826,10.55,25,4.22,1.9
2606,2200829717,507743,872632,20260825,46.52,68,18.61,8.37
2607,1407002363,507828,872811,20260904,10.41,40,4.16,1.87
2608,1843250811,507746,872635,20260901,69.03,51,27.61,12.43
2609,3862716682,507827,872810,20260817,23.7,83,9.48,4.27
2610,1724667440,507763,872663,20260810,48.2,41,19.28,8.68
2611,1748279944,508002,873172,20260811,75.41,68,30.16,13.57
2612,1293883625,507867,872875,20260906,57.07,43,22.83,10.27
2613,1916488658,507820,872796,20260809,47.64,18,19.06,8.58
2614,3638898064,507812,872786,20260808,30.95,90,12.38,5.57
2615,863410702,508016,873192,20260907,31.64,20,12.66,5.7
2616,1170619375,507763,872677,20260814,58.56,105,23.42,10.54
2618,2484989792,507763,872659,20260811,57.95,95,23.18,10.43
2619,2744306284,508009,873181,20260815,49.62,26,19.85,8.93
2620,669737311,507763,872675,20260814,63.45,77,25.38,11.42
2621,3104952287,507859,872865,20260812,42.22,57,16.89,7.6
2622,716902525,507823,872804,20260827,9.81,61,3.92,1.77
2623,3754797245,507868,872877,20260824,49.98,34,19.99,9.0
2624,3132397027,507763,872672,20260824,81.61,30,32.64,14.69
2625,3811756540,508013,873188,20260816,19.02,110,7.61,3.42
2626,2519489767,507763,872660,20260901,60.2,111,24.08,10.84
2627,1034165845,507823,872804,20260817,21.07,74,8.43,3.79
2628,1968973435,508003,873173,20260819,47.87,72,19.15,8.62
2629,3443581774,507866,872873,20260827,12.73,98,5.09,2.29
2630,2700479653,507827,872810,20260822,41.03,60,16.41,7.39
2631,2182756408,507763,872671,20260817,65.49,45,26.2,11.79
2632,2343620176,507958,873057,20260905,32.81,90,13.12,5.91
2633,2556969118,507763,872662,20260905,58.19,114,23.28,10.47
2634,1912374313,507919,872978,20260817,68.64,97,27.46,12.36
2635,3024744926,507931,873009,20260907,79.17,75,31.67,14.25
2637,3720966174,507736,872615,20260901,36.95,24,14.78,6.65
2638,1995542686,507863,872869,20260824,17.19,105,6.88,3.09
2639,820118352,507823,872804,20260820,84.4,48,33.76,15.19
2640,2102382357,507780,872728,20260824,79.16,79,31.66,14.25
2641,3338148254,507806,872775,20260812,48.2,10,19.28,8.68
2642,3639114315,507829,872813,20260830,72.36,32,28.94,13.02
2643,377457905,507921,872994,20260821,46.68,48,18.67,8.4
2645,4017813199,507807,872779,20260825,12.13,90,4.85,2.18
2646,3136881490,507763,872674,20260813,65.42,43,26.17,11.78
2647,1674677081,507771,872713,20260810,15.22,50,6.09,2.74
2648,1089067650,507763,872658,20260829,71.09,102,28.44,12.8
2649,1051250187,507820,872799,20260816,67.56,82,27.02,12.16
2650,3367891796,507763,872664,20260901,61.7,22,24.68,11.11
2651,3298639306,507930,873007,20260825,7.89,79,3.16,1.42
2652,1482044640,507990,873122,20260813,29.25,15,11.7,5.26
2653,2420714688,507958,873057,20260905,26.05,93,10.42,4.69
2654,609248841,507739,872627,20260816,33.81,61,13.52,6.09
2655,3549836721,507829,872812,20260812,12.01,12,4.8,2.16
2656,3886570754,508020,873197,20260822,79.96,90,31.98,14.39
2657,4016684226,507763,872672,20260824,49.3,72,19.72,8.87
2658,3277694212,508013,873188,20260813,29.44,58,11.78,5.3
2660,1347677888,507771,872713,20260826,40.78,56,16.31,7.34
2661,1631122764,507772,872715,20260812,53.05,118,21.22,9.55
2662,2716909534,507780,872728,20260825,46.25,64,18.5,8.32
2663,270139061,508021,873198,20260810,78.55,73,31.42,14.14
2665,3648965087,507919,872982,20260816,84.37,90,33.75,15.19
2666,3563186630,507741,872629,20260813,73.11,76,29.24,13.16
2667,2359770070,507895,872922,20260818,21.68,99,8.67,3.9
2668,3634103773,507864,872870,20260828,79.45,24,31.78,14.3
2669,4206005837,507808,872782,20260822,14.31,109,5.72,2.58
2670,2548558002,507919,872983,20260820,70.4,41,28.16,12.67
2671,980829422,508018,873194,20260811,35.45,105,14.18,6.38
2673,1821147684,507919,872984,20260816,74.44,27,29.78,13.4
2675,1206879741,507961,873060,20260829,68.2,52,27.28,12.28
2676,3369592475,507809,872783,20260822,29.37,44,11.75,5.29
2677,2491235857,507823,872804,20260818,11.47,113,4.59,2.06
2678,3999411814,507920,872990,20260809,37.24,87,14.9,6.7
2679,1278851903,507802,872769,20260816,18.88,67,7.55,3.4
2680,1697728523,507865,872871,20260812,60.6,42,24.24,10.91
2681,3587215194,508005,873176,20260814,32.69,23,13.08,5.88
2682,567204037,507919,872982,20260827,83.05,43,33.22,14.95
2683,2024519695,507920,872988,20260901,56.28,70,22.51,10.13
2684,1161027054,507820,872796,20260813,70.8,13,28.32,12.74
2685,3143034207,507866,872874,20260817,15.6,97,6.24,2.81
2686,1150172769,507929,873006,20260827,73.96,68,29.58,13.31
2687,2069912445,507959,873058,20260817,78.82,38,31.53,14.19
2688,2838460342,507919,872977,20260810,43.96,92,17.58,7.91
2690,196051337,507804,872771,20260821,66.18,106,26.47,11.91
2691,4073411327,508016,873192,20260821,18.99,58,7.6,3.42
2692,2871052462,507763,872674,20260815,45.21,49,18.08,8.14
2693,3111177329,507812,872786,20260812,36.89,92,14.76,6.64
2694,3205012782,507743,872632,20260903,16.71,74,6.68,3.01
2695,2406823558,507920,872993,20260906,34.4,78,13.76,6.19
2697,1712507432,508001,873171,20260827,7.06,89,2.82,1.27
2699,2230322685,507933,873011,20260905,82.05,113,32.82,14.77
2700,3561641487,507763,872670,20260831,48.96,22,19.58,8.81
2701,599244954,507820,872796,20260812,82.27,73,32.91,14.81
2702,4085344534,507763,872660,20260810,39.6,71,15.84,7.13
2703,1262591802,507772,872715,20260814,29.95,108,11.98,5.39
2704,207001724,507817,872792,20260817,45.49,28,18.2,8.19
2705,693850807,507919,872985,20260818,40.16,85,16.06,7.23
2706,4006397395,507932,873010,20260814,13.45,89,5.38,2.42
2707,582845269,507763,872676,20260829,56.27,52,22.51,10.13
2708,3906151653,507919,872981,20260829,22.28,83,8.91,4.01
2709,2976005913,507763,872662,20260815,54.57,98,21.83,9.82
2710,3461438765,507806,872777,20260824,57.02,29,22.81,10.26
2711,3333370307,507919,872985,20260812,17.16,104,6.86,3.09
2712,2255486886,507859,872865,20260904,9.91,77,3.96,1.78
2713,1443279734,507738,872623,20260904,67.46,53,26.98,12.14
2714,259440764,507919,872976,20260822,41.78,32,16.71,7.52
2715,3005414525,507743,872632,20260809,9.65,11,3.86,1.74
2716,2587935851,507869,872878,20260814,84.59,31,33.84,15.23
2717,2685149883,507929,873006,20260815,9.62,66,3.85,1.73
2718,1437444299,507866,872872,20260905,60.6,110,24.24,10.91
2719,2495751585,507808,872782,20260813,83.69,81,33.48,15.06
2720,3398996388,507867,872875,20260822,24.13,16,9.65,4.34
2721,3693123331,507763,872659,20260828,16.38,87,6.55,2.95
2722,1658504474,507866,872872,20260827,14.71,65,5.88,2.65
2723,2388883944,507807,872779,20260905,29.26,76,11.7,5.27
2724,2560965573,507738,872624,20260810,13.08,25,5.23,2.35
2725,1922721195,507825,872807,20260822,60.37,92,24.15,10.87
2726,2298792131,507763,872664,20260815,9.98,60,3.99,1.8
2727,3712239129,507828,872811,20260810,45.75,91,18.3,8.24
2728,2396286585,507763,872676,20260824,84.74,89,33.9,15.25
2729,142065296,507763,872674,20260811,70.12,81,28.05,12.62
2730,224848250,507739,872627,20260821,54.22,106,21.69,9.76
2731,3486864948,507820,872797,20260809,29.5,21,11.8,5.31
2732,3286525752,507920,872990,20260823,54.91,62,21.96,9.88
2733,1406541046,507763,872674,20260822,47.16,84,18.86,8.49
2734,1252353203,507920,872990,20260813,39.09,14,15.64,7.04
2735,757587320,507919,872984,20260815,15.46,36,6.18,2.78
2736,2800210028,508019,873196,20260830,75.93,21,30.37,13.67
2737,2774516022,507715,872554,20260821,40.98,26,16.39,7.38
2738,2551444710,507763,872659,20260907,20.57,15,8.23,3.7
2739,4130966980,507736,872615,20260817,34.42,106,13.77,6.2
2740,3244025982,507813,872787,20260818,38.13,14,15.25,6.86
2741,2206839560,507806,872776,20260901,71.2,66,28.48,12.82
2742,1568128564,507763,872677,20260811,63.69,37,25.48,11.46
2743,95203396,508000,873170,20260811,66.54,87,26.62,11.98
2744,1225435921,508017,873193,20260902,5.88,78,2.35,1.06
2745,683514011,507959,873058,20260815,38.29,68,15.32,6.89
2748,595443454,507820,872797,20260820,25.79,59,10.32,4.64
2749,4076731729,507808,872782,20260830,65.82,114,26.33,11.85
2750,1501821987,507822,872802,20260826,15.97,28,6.39,2.87
2751,1992634195,507763,872670,20260821,47.82,95,19.13,8.61
2752,3399884812,507742,872630,20260831,22.22,78,8.89,4.0
2753,1854544927,507809,872783,20260814,5.97,75,2.39,1.07
2755,4067047617,508021,873198,20260901,83.07,56,33.23,14.95
2756,2089915587,507919,872987,20260817,69.12,48,27.65,12.44
2757,892876248,507746,872635,20260906,81.77,77,32.71,14.72
2758,3550992662,507763,872667,20260825,44.03,42,17.61,7.93
2759,3165540894,507922,872997,20260821,13.78,22,5.51,2.48
2760,310989752,508013,873188,20260822,48.84,93,19.54,8.79
2761,937396712,507983,873114,20260827,41.35,63,16.54,7.44
2762,3244432362,507736,872615,20260816,72.55,16,29.02,13.06
2763,500490611,507932,873010,20260819,12.85,88,5.14,2.31
2764,1670280241,508007,873179,20260818,44.06,96,17.62,7.93
2765,2716432676,507809,872783,20260828,17.0,23,6.8,3.06
2766,3306281329,507763,872675,20260809,30.97,96,12.39,5.57
2767,613189109,507820,872798,20260815,63.99,28,25.6,11.52
2768,2561871820,507919,872979,20260906,43.08,63,17.23,7.75
2769,3584908190,507714,872553,20260819,35.07,102,14.03,6.31
2770,817603131,508019,873196,20260907,36.56,29,14.62,6.58
2771,426657897,507861,872867,20260822,41.76,38,16.7,7.52
2772,2287237858,507809,872783,20260826,67.8,33,27.12,12.2
2773,99357932,508005,873176,20260830,76.37,91,30.55,13.75
2774,3663804352,507919,872976,20260819,81.43,72,32.57,14.66
2775,582572094,507791,872757,20260823,67.95,83,27.18,12.23
2776,540109086,507763,872660,20260906,30.23,114,12.09,5.44
2777,708038431,507958,873057,20260809,60.05,66,24.02,10.81
2778,2552139757,507863,872869,20260904,40.01,17,16.0,7.2
2779,614576209,507746,872636,20260823,25.37,99,10.15,4.57
2780,3635884136,507958,873057,20260901,72.27,71,28.91,13.01
2781,2900877503,507996,873159,20260824,8.07,38,3.23,1.45
2782,3955313613,507930,873007,20260824,77.14,83,30.86,13.89
2783,1369119801,507930,873007,20260821,41.92,26,16.77,7.55
2785,695201996,507737,872617,20260902,57.75,15,23.1,10.4
2786,1702533580,507867,872876,20260811,76.61,67,30.64,13.79
2787,726356477,507920,872990,20260824,55.93,78,22.37,10.07
2788,1556441359,507741,872629,20260809,54.11,37,21.64,9.74
2789,1214861822,507867,872876,20260822,10.33,71,4.13,1.86
2790,3224853683,507866,872872,20260828,46.47,50,18.59,8.36
2791,4266839680,507812,872786,20260827,17.01,78,6.8,3.06
2793,1661889588,507862,872868,20260825,45.98,99,18.39,8.28
2795,1911606809,507859,872864,20260826,8.33,50,3.33,1.5
2796,3892825382,507809,872783,20260816,11.78,58,4.71,2.12
2797,334762189,508022,873199,20260822,62.31,100,24.92,11.22
2798,1662886455,507763,872665,20260831,10.77,58,4.31,1.94
2800,34538655,507828,872811,20260824,5.97,80,2.39,1.07
2801,2922514197,507763,872673,20260819,81.52,12,32.61,14.67
2802,290550815,507741,872629,20260819,64.0,19,25.6,11.52
2803,1971280831,507861,872867,20260829,33.26,107,13.3,5.99
2804,2680394156,507996,873159,20260826,28.72,98,11.49,5.17
2805,3294114679,507829,872812,20260906,32.98,44,13.19,5.94
2806,2680328256,507779,872726,20260831,66.97,89,26.79,12.05
2807,1299842850,507920,872988,20260831,57.91,11,23.16,10.42
2808,4109638815,507920,872992,20260905,19.82,33,7.93,3.57
2809,1208631241,507780,872728,20260831,18.93,83,7.57,3.41
2810,3540701354,507763,872673,20260901,12.87,47,5.15,2.32
2811,3352595079,507746,872635,20260827,57.82,31,23.13,10.41
2812,3975788786,507919,872987,20260828,66.15,35,26.46,11.91
2814,1077103845,507820,872799,20260818,6.68,64,2.67,1.2
2815,2593649215,507804,872771,20260828,11.57,48,4.63,2.08
2816,908245993,507741,872629,20260815,82.43,100,32.97,14.84
2817,2412806184,507804,872771,20260817,28.64,38,11.46,5.16
2818,2849957872,507740,872628,20260901,66.54,111,26.62,11.98
2819,1219313026,507824,872805,20260817,54.97,29,21.99,9.89
2820,3072535734,507823,872804,20260811,35.56,100,14.22,6.4
2822,3790152995,507869,872878,20260818,14.71,63,5.88,2.65
2823,4206874161,507996,873159,20260905,54.2,29,21.68,9.76
2824,973011093,507920,872991,20260901,66.97,117,26.79,12.05
2825,855979794,507812,872786,20260814,56.51,28,22.6,10.17
2826,4183627336,507739,872627,20260829,47.42,93,18.97,8.54
2827,892751426,507801,872768,20260829,8.36,108,3.34,1.5
2828,2356537642,507820,872797,20260827,82.48,75,32.99,14.85
2829,4003368783,507862,872868,20260810,68.9,39,27.56,12.4
2830,2207573088,507742,872630,20260826,28.43,62,11.37,5.12
2832,208774227,507817,872792,20260809,53.15,31,21.26,9.57
2833,338791680,507763,872670,20260820,51.59,76,20.64,9.29
2834,3888457480,507865,872871,20260825,64.85,15,25.94,11.67
2835,4214537416,507919,872981,20260814,69.94,88,27.98,12.59
2836,2950092824,507890,872915,20260827,57.52,36,23.01,10.35
2837,2035276017,507919,872982,20260816,15.25,19,6.1,2.74
2838,752296693,507867,872875,20260810,32.06,82,12.82,5.77
2839,593239624,507829,872812,20260822,79.25,106,31.7,14.26
2840,1685982887,507791,872757,20260902,22.97,105,9.19,4.13
2841,3224970815,507922,872997,20260829,34.77,57,13.91,6.26
2842,1828725082,507922,872997,20260825,39.57,79,15.83,7.12
2843,411741543,507865,872871,20260826,40.15,114,16.06,7.23
2845,4260972934,507816,872791,20260809,80.45,109,32.18,14.48
2846,197035733,507763,872660,20260819,24.26,68,9.7,4.37
2847,3543755816,507919,872978,20260818,14.72,11,5.89,2.65
2848,1758050598,507763,872659,20260906,20.8,38,8.32,3.74
2849,1959815971,507919,872980,20260814,75.95,77,30.38,13.67
2850,1030370446,508016,873192,20260810,56.66,74,22.66,10.2
2851,1343283969,507780,872728,20260821,27.87,92,11.15,5.02
2852,3080457317,507996,873159,20260906,70.28,35,28.11,12.65
2853,722636652,507820,872799,20260813,73.91,98,29.56,13.3
2854,3484572787,507825,872808,20260810,72.72,19,29.09,13.09
2855,1801363090,507763,872665,20260828,78.51,62,31.4,14.13
2856,400303656,507763,872659,20260827,25.18,88,10.07,4.53
2857,400593322,507826,872809,20260904,65.4,68,26.16,11.77
2858,4072424609,507820,872799,20260831,41.84,31,16.74,7.53
2859,858936495,507823,872803,20260818,72.36,60,28.94,13.02
2860,524171983,507919,872984,20260823,63.28,57,25.31,11.39
2861,2229364535,508016,873192,20260813,67.12,30,26.85,12.08
2862,2532413000,507919,872979,20260907,57.49,31,23.0,10.35
2863,1139622719,507779,872724,20260828,19.19,109,7.68,3.45
2864,2790082593,507919,872983,20260902,48.6,107,19.44,8.75
2866,340753564,507919,872984,20260813,79.99,34,32.0,14.4
2867,666205323,507740,872628,20260818,8.45,118,3.38,1.52
2868,412585552,507861,872867,20260821,18.19,37,7.28,3.27
2869,1349060124,508019,873196,20260826,15.54,74,6.22,2.8
2870,2751029518,507919,872981,20260822,63.08,54,25.23,11.35
2871,780969999,507818,872793,20260810,70.42,77,28.17,12.68
2872,3628005618,507744,872633,20260818,22.08,16,8.83,3.97
2873,1821587490,507763,872658,20260824,45.47,58,18.19,8.18
2874,3963924723,507891,872917,20260808,72.26,18,28.9,13.01
2875,1202704513,507864,872870,20260812,63.62,45,25.45,11.45
2876,3552289720,507932,873010,20260905,48.38,92,19.35,8.71
2877,767420827,507771,872714,20260815,52.23,10,20.89,9.4
2878,3442277413,507738,872624,20260902,45.67,19,18.27,8.22
2879,1354220979,507763,872675,20260813,28.8,45,11.52,5.18
2880,4129695783,508017,873193,20260819,50.2,82,20.08,9.04
2881,2690126136,507919,872982,20260823,60.11,118,24.04,10.82
2882,2981595301,507739,872626,20260831,74.87,55,29.95,13.48
2883,3839914196,507763,872671,20260813,55.9,115,22.36,10.06
2884,553890260,507746,872636,20260810,65.89,41,26.36,11.86
2885,3860483005,507808,872782,20260826,17.81,41,7.12,3.21
2886,3848470279,507864,872870,20260829,41.92,15,16.77,7.55
2887,887070223,507863,872869,20260813,5.75,57,2.3,1.03
2888,124000271,507867,872875,20260809,24.73,47,9.89,4.45
2889,1676350755,508005,873175,20260816,63.12,26,25.25,11.36
2890,1412605575,507739,872626,20260826,84.34,83,33.74,15.18
2891,3138696081,508016,873192,20260821,12.93,36,5.17,2.33
2892,990129101,507771,872713,20260826,37.12,63,14.85,6.68
2893,1591327887,507919,872985,20260817,69.01,59,27.6,12.42
2894,3118489580,507865,872871,20260828,21.32,44,8.53,3.84
2895,2852003732,507866,872872,20260830,49.41,94,19.76,8.89
2896,4182913297,507919,872983,20260827,63.65,34,25.46,11.46
2897,3387958369,507763,872658,20260829,54.28,37,21.71,9.77
2898,4133064178,508005,873176,20260814,20.04,24,8.02,3.61
2900,3264469343,507959,873058,20260813,67.7,102,27.08,12.19
2901,3604076243,507864,872870,20260906,49.34,82,19.74,8.88
2902,708458366,507869,872878,20260905,5.42,36,2.17,0.98
2904,17976969,507819,872795,20260826,7.82,28,3.13,1.41
2905,297841233,507811,872785,20260814,64.66,101,25.86,11.64
2906,64469033,507763,872668,20260901,21.2,26,8.48,3.82
2907,2736881305,507738,872623,20260828,81.65,52,32.66,14.7
2908,1238266849,507791,872757,20260810,34.44,50,13.78,6.2
2909,1073482153,507922,872997,20260821,31.15,51,12.46,5.61
2910,1398882554,507933,873011,20260809,16.91,59,6.76,3.04
2911,478879280,507867,872876,20260825,29.45,93,11.78,5.3
2913,2347508906,507763,872669,20260901,84.71,49,33.88,15.25
2914,1548048851,507815,872789,20260827,34.46,48,13.78,6.2
2915,2467489892,507814,872788,20260904,40.89,32,16.36,7.36
2916,1211318931,507919,872984,20260809,62.77,105,25.11,11.3
2917,4080977858,507806,872775,20260902,75.9,61,30.36,13.66
2918,1883959622,508018,873194,20260901,52.44,56,20.98,9.44
2919,922351398,507820,872797,20260812,36.32,72,14.53,6.54
2920,3955578297,507921,872995,20260824,38.01,106,15.2,6.84
2921,368016529,507804,872771,20260824,60.65,119,24.26,10.92
2922,290016671,507763,872670,20260811,5.26,78,2.1,0.95
2923,2632786776,507763,872673,20260904,54.57,52,21.83,9.82
2924,710726844,507763,872657,20260828,33.44,57,13.38,6.02
2925,291062259,507919,872985,20260812,68.54,43,27.42,12.34
2926,4212571865,507779,872726,20260830,12.44,49,4.98,2.24
2927,2114748329,507919,872983,20260812,52.06,84,20.82,9.37
2928,594795511,507763,872661,20260830,43.48,70,17.39,7.83
2929,1171157211,507825,872807,20260814,56.39,59,22.56,10.15
2930,2672973041,507859,872864,20260809,10.19,76,4.08,1.83
2931,449686584,507746,872635,20260828,51.4,71,20.56,9.25
2932,2488925403,508000,873170,20260810,49.92,67,19.97,8.99
2933,1390878568,507990,873122,20260813,49.85,42,19.94,8.97
2934,4020796860,507820,872798,20260902,53.28,84,21.31,9.59
2935,2007227156,507821,872800,20260830,59.12,25,23.65,10.64
2936,276072598,507771,872714,20260826,69.4,91,27.76,12.49
2937,2929821054,507779,872726,20260819,26.59,103,10.64,4.79
2938,3163318186,507863,872869,20260824,71.0,57,28.4,12.78
2939,4180212682,507931,873009,20260826,44.86,19,17.94,8.07
2940,3659438778,507807,872779,20260814,11.16,91,4.46,2.01
2941,2330084562,507763,872670,20260819,9.68,47,3.87,1.74
2942,2722209140,507804,872771,20260825,31.74,28,12.7,5.71
2943,2322395164,507763,872674,20260822,67.79,45,27.12,12.2
2944,4122051364,507808,872782,20260813,61.61,68,24.64,11.09
2945,354872493,507922,872996,20260816,68.09,72,27.24,12.26
2946,1139817680,507738,872623,20260815,46.38,86,18.55,8.35
2947,2473254509,507863,872869,20260813,40.22,55,16.09,7.24
2948,1527197512,508001,873171,20260907,16.8,12,6.72,3.02
2949,3773434406,508005,873176,20260817,31.26,83,12.5,5.63
2950,982004505,507865,872871,20260827,39.72,111,15.89,7.15
2951,1895598578,507920,872989,20260830,12.09,74,4.84,2.18
2952,2126372800,508001,873171,20260825,22.65,100,9.06,4.08
2953,3101430058,507763,872672,20260828,52.86,119,21.14,9.51
2955,1763033155,507763,872661,20260830,84.87,60,33.95,15.28
2956,1625609420,507746,872635,20260906,79.65,119,31.86,14.34
2957,1711223425,507823,872804,20260901,56.41,115,22.56,10.15
2958,4274249903,507869,872878,20260903,38.7,90,15.48,6.97
2959,4089066953,507920,872992,20260904,55.89,82,22.36,10.06
2960,3788672109,507958,873057,20260906,67.85,15,27.14,12.21
2961,2203096662,507895,872922,20260902,14.47,116,5.79,2.6
2962,855606457,507892,872918,20260905,37.79,98,15.12,6.8
2963,163017512,508007,873179,20260814,72.18,48,28.87,12.99
2964,33998425,507763,872657,20260827,35.71,69,14.28,6.43
2965,239331119,507763,872671,20260902,50.75,37,20.3,9.14
2966,4220611453,507825,872807,20260828,52.02,106,20.81,9.36
2967,618882276,507763,872657,20260821,19.76,63,7.9,3.56
2968,264631481,507919,872985,20260825,33.98,46,13.59,6.12
2969,3546477597,507920,872989,20260830,31.76,18,12.7,5.72
2970,735157485,507933,873011,20260815,7.1,91,2.84,1.28
2971,146271438,507859,872864,20260906,6.94,65,2.78,1.25
2972,3771828660,507763,872671,20260904,71.54,68,28.62,12.88
2973,1180491884,508001,873171,20260904,26.85,94,10.74,4.83
2974,1825326228,508011,873186,20260818,46.45,11,18.58,8.36
2975,4202118620,507780,872728,20260822,28.9,70,11.56,5.2
2976,391366527,507763,872672,20260815,80.25,67,32.1,14.44
2977,853978503,507919,872980,20260902,25.74,116,10.3,4.63
2978,2480567802,507929,873006,20260814,39.37,69,15.75,7.09
2979,3549245140,507744,872633,20260904,74.82,111,29.93,13.47
2980,2113388113,507763,872670,20260905,72.35,49,28.94,13.02
2981,2137219473,507933,873011,20260903,19.89,45,7.96,3.58
2982,1413438242,507771,872713,20260829,69.21,116,27.68,12.46
2983,1590068877,507822,872802,20260903,41.65,46,16.66,7.5
2985,2906975653,507772,872715,20260815,15.68,101,6.27,2.82
2986,2329886880,507825,872808,20260811,11.45,27,4.58,2.06
2987,2136269341,507807,872779,20260821,63.24,107,25.3,11.38
2988,768985948,507859,872864,20260822,44.72,72,17.89,8.05
2989,57922310,507933,873011,20260815,39.95,31,15.98,7.19
2991,801711654,507763,872659,20260903,66.24,67,26.5,11.92
2992,3179067949,507812,872786,20260826,17.71,66,7.08,3.19
2993,4280689193,507803,872770,20260813,53.82,86,21.53,9.69
2994,1408530013,508001,873171,20260904,15.83,13,6.33,2.85
2995,3880890146,507818,872793,20260820,65.11,95,26.04,11.72
2997,3891363962,508022,873199,20260827,81.53,70,32.61,14.68
2998,1643947999,507822,872802,20260823,10.52,116,4.21,1.89
2999,1110250770,508019,873196,20260809,9.56,63,3.82,1.72
3000,3963274480,507961,873060,20260818,27.57,97,11.03,4.96
