session_id,session_timestamp,driver_name,driver_email,station_id,connection_id,station_name_logged,kwh_charged,duration_minutes,revenue_usd,cost_usd,customer_id,date_id
1001,2026-08-09 20:40:32,Susan Bush,havrylenkovitalii@example.net,507763,872667,Eldrive Lithuania Panemunės Baseinas,34.96,101,13.98,6.29,,
1002,2026-08-20 12:51:20,Kimberly Morrison,goliashiarema@example.net,507738,872623,Gm  Oil,,16,,,,
1003,2026-08-15 10:06:34,Єва Валенко,riaboviltrokhym@example.com,507818,872793,Parking Caravanas El Pueyo,63.56,44,25.42,11.44,,
1004,2026-09-04 02:56:03,Гоголь Іван Алевтинович,vpreston@example.org,507810,872784,Parking Parador De Caztola,52.89,64,21.16,9.52,,
1005,2026-09-06 07:30:35,Dennis Martin,whitebarbara@example.com,507807,872779,C.C. Los Alcores Sevilla,17.48,101,6.99,3.15,,
1006,2026-08-10 04:33:56,John Pineda,moraleskelly@example.net,507763,872674,Eldrive Lithuuania Panemunės Baseinas,17.48,23,6.99,3.15,,
1007,2026-08-13 04:41:56,Михайлина Баклан,smithmarcus@example.org,507763,872665,Eldrive Lithuania Panemunės Baseinas,9.65,19,3.86,1.74,,
1008,2026-08-19 22:36:20,Kenneth Howard DDS,breannasaunders@example.net,507996,873159,"Savanorių Pr. 276, Kaunsa",74.29,89,29.72,13.37,,
1009,2026-09-04 21:26:02,Tina Meyer,kaylaandrews@example.com,507763,872661,Eldrive Lithuania Panemunės Baseinas,53.09,25,21.24,9.56,,
1010,2026-09-04 02:26:20,пані Валентина Редько,,508012,873187,Porto ELMInya Club 🏓,61.65,63,24.66,11.1,,
1011,2026-08-19 08:22:04,Опанас Перепелиця,hryhoriiumanets@example.com,507919,872978,2898 - הרב אבא אבוחצירא (פרטי),6.65,104,2.66,1.2,,
1012,2026-09-06 06:04:49,Daniel Goodwin,bakumenkovioletta@example.net,507739,872626,Cepsa Gandia,82.59,115,33.04,14.87,,
1013,2026-08-08 23:06:27,Samantha Zavala MD,volodymyrazharko@example.org,507738,872624,Gm Iol,71.6,98,28.64,12.89,,
1014,2026-08-29 03:55:03,Tanner Austin,sarah33@example.com,507763,872662,Edlrive Lithuania Panemunės Baseinas,21.99,86,8.8,3.96,,
1015,2026-08-22 03:16:46,Охримович Іван Устимович,obabiichuk@example.org,507806,872776,Manises,19.55,79,7.82,3.52,,
1016,2026-08-19 02:23:41,Марія Артеменко,taylorrachel@example.com,507807,872781,C.C. Los Alcores Sevilla,19.67,53,7.87,3.54,,
1017,2026-08-13 14:37:10,Katie Tucker,cbaklan@example.net,507930,873007,Galway Bus Depot,29.34,82,11.74,5.28,,
1018,2026-08-27 02:11:00,Cheryl Palmer,cvyshniak@example.com,508016,873192,Ford Arragona,46.98,54,18.79,8.46,,
1019,2026-08-26 01:46:38,Ада Баштан,,507738,872623,Gm Il,39.56,109,15.82,7.12,,
1020,2026-09-06 22:55:40,Семен Засуха,jamiejames@example.org,508003,873173,Neste Liikenneasema Härkäpaari,28.3,65,11.32,5.09,,
1021,2026-08-10 18:09:34,Christine Poole,hannadankiv@example.net,507803,872770,Hotel Laksa Ciater,53.95,116,21.58,9.71,,
1022,2026-09-03 16:17:13,Teresa Burgess,ievhenkalchenko@example.com,507996,873159,"Savanorių Pr. 276,Kaunas",16.16,93,6.46,2.91,,
1023,2026-08-27 00:33:38,Мілена Бабʼяк,robert31@example.net,507919,872977,2898 - הרב אבא אבוחצירא (פרטי),28.37,91,11.35,5.11,,
1024,2026-09-04 10:42:36,Єва Ковалюк,hscott@example.com,507806,872777,Maniss,34.31,116,13.72,6.18,,
1025,2026-08-26 04:52:17,Владислав Комар,korbuttaras@example.com,507919,872984,2898 - הרב אבא אבוחחצירא (פרטי),41.49,66,16.6,7.47,,
1026,2026-08-12 00:34:25,Mark Hamilton,parmen41@example.com,508011,873186,Porto Elminya Boardwallk 🏖️,67.81,30,27.12,12.21,,
1027,2026-08-19 17:03:24,Віолетта Адаменко,yvonnemiller@example.net,507819,872795,FOC DC-Charger,20.97,77,8.39,3.77,,
1028,2026-08-12 12:30:01,Мирослав Бабко,rsmith@example.net,507715,872554,Via Francesco Borromini,46.14,59,18.46,8.31,,
1029,2026-08-13 13:12:40,Ярина Габелко,taylorjohn@example.net,507771,872714,Жк Скоолково Уан,52.39,42,20.96,9.43,,
1030,2026-08-22 03:23:55,Elizabeth Miller,valentynaovcharenko@example.org,507919,872978,2898 - הרב אב אבוחצירא (פרטי),8.72,100,3.49,1.57,,
1031,2026-08-26 08:35:47,Rodney Johnson,brownleah@example.net,507829,872813,Wesco Reed City,53.6,16,21.44,9.65,,
1032,2026-08-26 14:49:41,Болеслав Тарасенко,christina26@example.org,507819,872795,Foc Dc--Charger,18.64,79,7.46,3.36,,
1033,2026-08-18 19:37:46,Brianna Byrd,sofiiasaienko@example.com,507771,872713,Ж Сколково Уан,10.2,24,4.08,1.84,,
1034,2026-08-12 02:43:33,Alexandra Baxter,amvrosiiiashchenko@example.org,507806,872776,Maniss,-15.5,91,-6.2,-2.79,,
1035,2026-09-03 13:51:15,Ада Теліженко,qgarrett@example.net,507829,872812,Wesc Oreed City,82.25,41,32.9,14.8,,
1036,2026-08-16 13:54:49,Наталія Заруба,loganmartin@example.com,507763,872665,Eldrive Lithuania Panemunnės Baseinas,69.67,84,27.87,12.54,,
1037,2026-08-27 01:38:01,Sarah Thomas,stanislavvernydub@example.net,507763,872662,Eldrive Lithuaania Panemunės Baseinas,29.37,29,11.75,5.29,,
1038,2026-09-04 16:25:46,Ліза Єфименко,ericsmith@example.org,507866,872874,Mobive | La Souterrine | Rue Des Fossés Des Canards,12.81,97,5.12,2.31,,
1039,2026-08-24 09:21:10,Аніта Швачка,hhupalo@example.com,507763,872663,Eldrive Lithuania Panemunės Baseinas,59.74,24,23.9,10.75,,
1040,2026-08-19 18:23:47,Ганна Коваленко,ichase@example.com,507862,872868,[Eone]Via Disegno,40.21,57,16.08,7.24,,
1041,2026-08-23 23:03:55,Юстина Перебийніс,hrechanykada@example.com,507859,872864,Club House Florencce,14.76,80,5.9,2.66,,
1042,2026-08-21 15:28:36,Matthew Garcia,marcusfernandez@example.net,508016,873192,Ford Tarragona,44.61,30,17.84,8.03,,
1043,2026-08-18 21:20:56,пан Климент Парасюк,viakovenko@example.net,507815,872789,Incalplas,7.75,51,3.1,1.4,,
1044,2026-08-18 23:15:50,Brittany Knight,iosypandriichuk@example.org,507741,872629,AmericaWant AW00004,77.75,35,31.1,14.0,,
1045,2026-08-27 20:28:50,Caroline Edwards,sviatoslavaderehus@example.net,507919,872987,2898 - הרב אבא אבוחצירא (פרטי),25.7,117,10.28,4.63,,
1046,2026-08-15 13:59:36,Омелян Цимбалюк,nbhydenko@example.org,507983,873114,Posto Vila Flor - RJ Eletropostos,58.0,23,23.2,10.44,,
1047,2026-08-15 10:13:02,Brandy Quinn,leopoldsemenchenko@example.net,507763,872670,Eldrive Lithuania Paneunės Baseinas,29.94,66,11.98,5.39,,
1048,2026-09-04 21:34:38,Ian Torres,jennifer79@example.net,507866,872873,Mobive | La Souterraine | Rue des Fossés des Canards,46.61,46,18.64,8.39,,
1049,2026-09-06 00:37:41,Богданна Ляшко,markbrooks@example.org,507763,872659,Eldrive Lihuania Panemunės Baseinas,48.74,67,19.5,8.77,,
1050,2026-09-05 23:24:04,Венедикт Корж,dkozachenko@example.org,508001,873171,Virrta North Seurakuntatalo,19.79,30,7.92,3.56,,
1051,2026-08-26 05:17:33,Франц Андрійович,malykmykhailyna@example.org,507820,872799,Carrefour Lucena (Enddesa),82.57,91,33.03,14.86,,
1052,2026-08-15 08:42:15,Мирослав Товстоліс,symondankiv@example.org,508022,873199,Plenoil La Orotaav 2,67.01,78,26.8,12.06,,
1053,2026-08-13 01:27:11,пан Марко Шовкопляс,mmathews@example.net,508020,873197,Parking Garattge 2000,80.16,12,32.06,14.43,,
1054,2026-08-13 23:17:11,Златослава Матвієнко,dhaney@example.net,507863,872869,[EVE] Axion Cardona,76.59,96,30.64,13.79,,
1055,2026-08-16 09:55:43,Забарна Валентина Іллівна,rwilson@example.net,508007,873179,Plugit Ouulun Lentoasema (Oul),52.83,99,21.13,9.51,,
1056,2026-09-06 14:24:10,Mary Charles,wendy24@example.com,507802,872769,Kanntor Bpkp,78.75,46,31.5,14.18,,
1057,2026-08-27 07:49:21,Болеслав Червоненко,qalvarado@example.com,507746,872636,Energíanufri,12.08,97,4.83,2.17,,
1058,2026-09-06 13:47:47,Галина Юхименко,caseyronald@example.org,507741,872629,AmericaWant AW00004,20.68,58,8.27,3.72,,
1059,2026-09-03 07:59:56,Philip Hall,chumachenkoiukhym@example.org,507807,872780,C.C. Los Alcores Sevilla,8.62,28,3.45,1.55,,
1060,2026-09-04 12:05:27,Andrew Clark,havrylo54@example.com,507820,872798,Carrefour Lucena (Endesa),31.03,98,12.41,5.59,,
1061,2026-08-14 04:59:54,Thomas Keith,burchteresa@example.org,507763,872659,Eldrive Lithuania Panemmunės Baseinas,36.09,94,14.44,6.5,,
1062,2026-08-25 03:52:09,Павленко Орхип Семенович,donaldbecker@example.org,507807,872781,C.C. Los Alcores Sevilla,26.71,21,10.68,4.81,,
1063,2026-08-22 21:29:18,Deborah Stephens,vasylyna92@example.net,507763,872664,Eldrive Lithuania Panemunės Baseinas,71.3,70,28.52,12.83,,
1064,2026-08-16 07:48:11,Сніжана Сацюк,volodymyra38@example.org,507866,872874,Mobive | La Souterraine | Rue Des Ffossés Des Canards,33.54,50,13.42,6.04,,
1065,2026-08-08 19:19:01,Іван Іваненко,craigmartin@example.net,507819,872795,FOC DC-Charger,27.47,42,10.99,4.94,,
1066,2026-09-01 22:45:40,Sean Tucker,,507919,872986,2898 - הרב אבא אבוחצירא (פרטי),48.42,59,19.37,8.72,,
1067,2026-09-02 07:01:41,Adriana Macias,volodymyrazakusylo@example.com,507864,872870,[Cchargebox] Parking La Rural,16.27,77,6.51,2.93,,
1068,2026-08-23 03:14:58,Billy Schneider,artem64@example.com,507772,872715,Гостиница Карелия 282 км,69.18,115,27.67,12.45,,
1069,2026-08-16 01:36:24,Дарина Сагаль,imcdonald@example.net,507865,872871,Tesla Supercharger Lexy,10.96,80,4.38,1.97,,
1070,2026-08-16 11:45:15,Євген Перебийніс,jonesjeanette@example.net,507861,872867,[eONE] Paseo del Este 1,83.95,95,33.58,15.11,,
1071,2026-09-06 17:21:25,Щириця Тетяна Веніяминівна,sandraaustin@example.org,507806,872774,Mannises,66.78,42,26.71,12.02,,
1072,2026-09-01 08:48:10,Едуард Андрусенко,,507816,872791,Biteri  Etorbidea,20.9,90,8.36,3.76,,
1073,2026-08-14 01:52:17,Дарина Ґалаґан,jliashko@example.com,507763,872657,Eldrive Lithuania Panemunės Baseinas,5.44,33,2.18,0.98,,
1074,2026-08-23 13:48:57,Борис Бандурка,serhiiorobets@example.net,508017,873193,Parking Via Agusta,70.24,70,28.1,12.64,,
1075,2026-08-11 11:01:25,Єлисавета Товстуха,pvargas@example.com,507779,872725,McDonald's - Gallagher Retail Park,61.55,70,24.62,11.08,,
1076,2026-09-05 04:33:17,Пилип Макаренко,martynliashko@example.com,507961,873060,"Svylos Gatvė 16, Ilnius",63.32,107,25.33,11.4,,
1077,2026-08-12 19:19:46,Тереза Юрчишин,eduardtalan@example.org,507810,872784,Parking Parador D Ecazotla,66.7,37,26.68,12.01,,
1078,2026-08-12 00:10:28,Оксана Данильчук,,507772,872715,Гостиница Карели Я282 Км,10.92,67,4.37,1.97,,
1079,2026-08-14 21:07:22,Лукʼян Короленко,alex18@example.com,507920,872988,2979 - משרדים,33.68,52,13.47,6.06,,
1080,2026-09-04 08:06:13,Демʼян Чумак,qsheremeta@example.com,507866,872874,Mobive | La Souterraie | Rue Des Fossés Des Canards,14.27,50,5.71,2.57,,
1081,2026-08-21 12:20:58,Соломія Гупало,weaverchelsea@example.org,507817,872792,BM Tafalla,,48,,,,
1082,2026-08-18 22:17:56,Ярина Філіпенко,marko06@example.com,508002,873172,Virta Kunnantalo Phjoinen,54.86,95,21.94,9.87,,
1083,2026-08-23 18:42:42,Валерій Шухевич,lrubets@example.org,507806,872777,Manises,31.47,58,12.59,5.66,,
1084,2026-08-26 18:36:09,Максим Гайворонський,jeffrey11@example.net,507826,872809,Merccentro,10.08,26,4.03,1.81,,
1085,2026-09-02 18:33:20,Віра Абрамчук,mollyortega@example.net,507744,872633,Amerciawant Aw00011,29.88,107,11.95,5.38,,
1086,2026-08-14 12:30:58,Jacqueline Williams,gbrown@example.com,507807,872780,C.C. Los Alcores Sevilla,31.01,79,12.4,5.58,,
1087,2026-08-19 13:19:38,Robert Clarke,danielle56@example.net,507739,872626,Cepsa Gaandia,63.37,119,25.35,11.41,,
1088,2026-08-25 01:26:03,Robert Velez,christopher17@example.org,507824,872805,Ayunt. Sevilla. Calle José Velázquez Sánchez (Ernovum),56.0,79,22.4,10.08,,
1089,2026-09-06 04:57:55,пані Камілла Ващенко-Захарченко,brittanywade@example.org,507890,872915,A1: Shoruk 1 ⛽,75.98,107,30.39,13.68,,
1090,2026-09-06 05:07:06,Kimberly Scott,qobrien@example.com,507816,872791,Bieri Etorbidea,42.78,74,17.11,7.7,,
1091,2026-08-08 23:54:50,Симон Адамчук,drozdenkonadiia@example.org,507746,872635,Energía Nufri,14.57,83,5.83,2.62,,
1092,2026-08-11 12:07:44,Іван Забіла,shcherbakparmen@example.net,507806,872775,Manises,62.06,94,24.82,11.17,,
1093,2026-08-11 22:03:47,Brian Simmons,chiggins@example.com,508005,873175,Plugit Ideapark Seinäjoki / K-Citymarket Ideapark,65.86,14,26.34,11.85,,
1094,2026-08-24 16:30:47,Joshua Cunningham,hberry@example.org,507824,872805,Ayunt. Sevilla. Calle José Velázquez Sánchez (Eranovum),49.9,11,19.96,8.98,,
1095,2026-09-02 14:34:17,Jennifer Harris DDS,bcaldwell@example.org,507806,872775,Maniess,66.68,31,26.67,12.0,,
1096,2026-08-22 03:59:08,Justin Webb,kovaliukopanas@example.org,507922,872997,EV24 Charging Station,44.5,66,17.8,8.01,,
1097,2026-08-19 01:08:24,Patricia Sanders,upham@example.com,507869,872878,Cepsa  Agroba,46.82,75,18.73,8.43,,
1098,2026-09-05 08:50:58,Опанас Гайденко,,507919,872987,2898 - הרב אבא אבוחצירא (פרטי),39.2,83,15.68,7.06,,
1099,2026-08-20 10:38:54,пані Дарина Вітер,,507763,872675,Elldrive Lithuania Panemunės Baseinas,7.03,107,2.81,1.27,,
1100,2026-08-28 09:47:43,Сергій Примаченко,loretta55@example.org,507815,872789,Inncalplas,,25,,,,
1101,2026-08-13 05:26:01,Ада Верменич,ubowers@example.com,507763,872674,Eldrrive Lithuania Panemunės Baseinas,7.51,60,3.0,1.35,,
1102,2026-08-29 13:44:49,Цимбал Валентина Андріївна,jasontownsend@example.net,507811,872785,Alcampo Vilaarcía,55.91,48,22.36,10.06,,
1103,2026-08-29 05:02:27,Bobby Johnson,xmullins@example.org,999999,999999,Neste Liiknneasema Härkäpakari,30.15,95,12.06,5.43,,
1104,2026-08-31 07:39:33,Jennifer Douglas,cookchristina@example.net,507983,873114,Posto Vila Flor - Rje Letropostos,45.69,85,18.28,8.22,,
1105,2026-08-13 10:12:04,Linda Bautista,oleh11@example.net,507815,872789,Incalplas,77.61,97,31.04,13.97,,
1106,2026-08-28 04:37:26,Йосип Акуленко,christy26@example.org,508009,873181,Ionity Ionityp Udasjärvi,24.94,49,9.98,4.49,,
1107,2026-08-13 22:50:37,Ярема Малик,zbell@example.com,507919,872979,2898 - הרב אבא אבוחצירא (פרטי),37.83,47,15.13,6.81,,
1108,2026-08-17 22:45:17,Ярослава Ісаєнко,susanmorris@example.org,508009,873181,Ionityi Onity Pudasjärvi,65.44,69,26.18,11.78,,
1109,2026-09-03 16:21:15,Зиновій Каденюк,hanna84@example.net,507890,872915,A1: Shorouk 1 ⛽,23.3,68,9.32,4.19,,
1110,2026-08-15 10:51:37,Вдовиченко Герман Тимофійович,sivashchenko@example.org,507863,872869,[EVE] Axion Cardona,11.16,19,4.46,2.01,,
1111,2026-08-17 13:18:54,James Willis,eibozhenkotetiana@example.net,507806,872777,Manises,28.18,108,11.27,5.07,,
1112,2026-08-31 02:32:12,Андрій Верес,dustin58@example.com,507763,872674,Eldrive Lithuania Paanemunės Baseinas,17.9,73,7.16,3.22,,
1113,2026-08-12 07:21:57,Kristin Aguilar,samanthagarcia@example.net,507931,873009,Fir Ccib,79.38,72,31.75,14.29,,
1114,2026-09-04 08:42:41,Destiny Obrien,nguyenjeffrey@example.org,507922,872996,Ev24 Chargingg Station,69.65,58,27.86,12.54,,
1115,2026-08-11 02:28:32,Ткаченко Ада Геннадіївна,solomiiabaidak@example.org,507763,872662,Eldrive Lihuania Panemunės Baseinas,55.67,73,22.27,10.02,,
1116,2026-08-13 04:11:42,пані Богуслава Вобла,marthalucero@example.org,507742,872630,AmericaWant AW00009,74.72,41,29.89,13.45,,
1117,2026-08-16 17:18:09,Bruce Palmer,,507763,872667,Eldrive Lithuania Panemunės Baseinas,69.29,16,27.72,12.47,,
1118,2026-09-01 05:20:56,Robin Andrews,zmalyk@example.org,507771,872713,ЖК Сколково Уан,19.93,30,7.97,3.59,,
1119,2026-08-19 00:34:11,Kristine Carrillo,verkhovynetsleonid@example.org,508022,873199,Plenoil la Orotava 2,76.4,29,30.56,13.75,,
1120,2026-08-11 11:51:04,Judy Murray,jperry@example.net,507771,872714,Жк Соклково Уан,48.15,35,19.26,8.67,,
1121,2026-08-27 01:04:18,Комар Ганна Ігнатівна,hsych@example.net,507919,872978,2898 - הרב אבבא אבוחצירא (פרטי),69.6,77,27.84,12.53,,
1122,2026-08-27 14:24:37,Владислав Онуфрієнко,tfrancis@example.com,508013,873188,Watanya: Assyut West RD ⛽,76.69,119,30.68,13.8,,
1123,2026-08-30 17:39:33,Kelli Smith,pwood@example.com,507746,872635,Enerrgía Nufri,30.44,95,12.18,5.48,,
1124,2026-08-29 04:22:31,Brandon Nunez,rubiodennis@example.net,507867,872875,Caldas Da Rainha (Zunder),-15.5,24,-6.2,-2.79,,
1125,2026-08-16 03:53:14,Timothy Woods,vasylavramchuk@example.net,507866,872874,Mobive | La Souterraine | Rue des Fossés des Canards,23.23,113,9.29,4.18,,
1126,2026-08-23 01:13:32,Kenneth White,daniel93@example.net,508013,873188,Wataya: Assyut West Rd ⛽,39.17,94,15.67,7.05,,
1127,2026-08-11 11:40:26,Жук Клавдія Симонівна,stevenandrews@example.org,507920,872989,2979 - משרדים,70.44,88,28.18,12.68,,
1128,2026-08-23 20:54:43,Веніямин Ільченко,bcrawford@example.org,507959,873058,"Svylos Gatvė 8, Vinius",73.86,95,29.54,13.29,,
1129,2026-08-11 01:57:22,Тарас Рудько,havrylivfrants@example.net,507812,872786,Mercadona Centro Logístico Vitoria,5.56,101,2.22,1.0,,
1130,2026-09-02 01:23:57,Богодар Василенко,alina21@example.net,508001,873171,Virta north Seurakuntatalo,45.86,23,18.34,8.25,,
1131,2026-08-11 09:48:20,Pamela Weaver,blevinsjoshua@example.com,507724,872600,"Arinna Garden Sitesi, Çorum Merkez - AC 2",38.39,36,15.36,6.91,,
1132,2026-08-17 16:02:16,Зорян Оніщук,tsalii@example.org,507763,872668,Eldrive Lithuania Panemunės Baseinas,22.77,114,9.11,4.1,,
1133,2026-09-06 12:48:08,Sierra Andrews,dorothycollins@example.net,507983,873114,Posto Vila Flor - RJ Eletropostos,,49,,,,
1134,2026-08-20 01:34:06,William Moon IV,jesse86@example.org,507816,872791,Biterie Torbidea,32.01,67,12.8,5.76,,
1135,2026-08-14 11:12:50,Богуслав Бандера,arellanobrian@example.com,507829,872813,Wesco Reed City,80.43,37,32.17,14.48,,
1136,2026-09-05 18:01:32,Joshua Shaw,zakharchenkobohuslav@example.net,507763,872667,Eldrivelithuania Panemunės Baseinas,30.86,35,12.34,5.55,,
1137,2026-08-12 15:03:13,Patty Bryant,jessicawright@example.net,507820,872799,Carrefour Lucena (Endesa),46.5,72,18.6,8.37,,
1138,2026-09-05 23:33:49,Костянтин Онуфрієнко,amvrosiimasliak@example.com,507919,872981,2898 - הרב אבא אבוחצירא (פרטי),61.24,75,24.5,11.02,,
1139,2026-08-21 07:21:00,Ірина Скопенко,valerii16@example.net,507771,872714,ЖК Сколково Уан,34.09,34,13.64,6.14,,
1140,2026-08-23 21:35:12,Лілія Єременко,ejames@example.org,507919,872986,2898 - הרב אבא אבוחצירא (פרטי),82.74,12,33.1,14.89,,
1141,2026-08-21 12:59:58,John Austin,codykelly@example.net,507714,872553,Präg Express Ladestelle,82.0,81,32.8,14.76,,
1142,2026-08-15 00:01:13,Jeff Barnes,victor24@example.com,507815,872789,Incalpplas,25.14,53,10.06,4.53,,
1143,2026-08-30 20:14:28,James Hayes,pavlomakohon@example.net,507929,873006,Sligo Bus Depot,44.78,106,17.91,8.06,,
1144,2026-08-12 04:03:17,Ільченко Станіслав Артемович,khoma18@example.com,507780,872727,Warren Lodge ,29.07,51,11.63,5.23,,
1145,2026-08-30 21:28:38,Kristi Chase,vlokhbohodar@example.net,507930,873007,Galawy Bus Depot,27.79,108,11.12,5.0,,
1146,2026-08-12 04:53:27,Данна Штепа,jacksontamara@example.net,507763,872666,Eldrive Lithuania Panemunės Baseinas,7.95,15,3.18,1.43,,
1147,2026-09-02 04:56:04,Христина Ґалаґан,deinekasviatoslav@example.com,508022,873199,Plenoil la Orotava 2,53.77,48,21.51,9.68,,
1148,2026-08-15 01:51:33,Elizabeth Hart,boleslav23@example.net,507821,872800,FOC AC-Charger,45.21,61,18.08,8.14,,
1149,2026-08-11 23:41:01,Дарина Бараник,amandadaugherty@example.org,507930,873007,Galwa Ybus Depot,9.12,32,3.65,1.64,,
1150,2026-08-26 14:03:58,Лесь Верхола,erika27@example.net,508017,873193,Parking Viaaugusta,27.29,98,10.92,4.91,,
1151,2026-08-16 07:19:28,Debbie Ward,feofanbarannyk@example.net,507803,872770,Hotel Laksa Ciaetr,77.66,59,31.06,13.98,,
1152,2026-09-04 00:25:51,Jason Bell,hrechkomyroslav@example.org,507771,872713,ЖК Сколково Уан,24.16,52,9.66,4.35,,
1153,2026-09-07 08:11:32,Онисим Дубина,brittanyjackson@example.org,507866,872872,Mobive | La Souterraine | Rue des Fossés des Canards,16.59,28,6.64,2.99,,
1154,2026-09-04 13:41:40,Michael Freeman,carrieosborn@example.com,507772,872715,Гостиница Карелия 282 км,44.16,78,17.66,7.95,,
1155,2026-08-13 16:13:23,Jane Mitchell,hbowers@example.net,507990,873122,[eOne] Campera Almacen 1,83.85,60,33.54,15.09,,
1156,2026-08-21 11:39:40,Олесь Приймак,leontii52@example.org,507959,873058,"Svylo Sgatvė 8, Vilnius",24.36,20,9.74,4.38,,
1157,2026-08-13 20:14:31,Laura Sweeney,laurawilliams@example.org,507714,872553,Präg Exprss Ladestelle,58.77,21,23.51,10.58,,
1158,2026-08-21 20:50:41,Надія Ільєнко,abbottchristopher@example.net,508015,873190,Csiic Icifor,65.93,83,26.37,11.87,,
1159,2026-09-07 00:12:50,Eddie Adams,psherman@example.org,507825,872808,Clle Alfred Nóbel,24.01,17,9.6,4.32,,
1160,2026-08-25 07:01:14,Jeremy Roy,derek34@example.net,507921,872995,2979  - Dc,-15.5,33,-6.2,-2.79,,
1161,2026-08-21 11:05:58,Kelly Cole,fgraham@example.com,507736,872615,Clle Montalbán,34.42,101,13.77,6.2,,
1162,2026-08-20 20:06:48,Алла Гречко,uzaichenko@example.net,507763,872667,Eldrive Lithuania Panemunės Baseinas,55.58,50,22.23,10.0,,
1163,2026-08-13 03:04:17,Ярослав Василечко,ytorres@example.com,507863,872869,[EVE] Axion Cardona,55.68,45,22.27,10.02,,
1164,2026-08-22 01:53:30,Василина Верховинець,sirchenkovalerii@example.com,507823,872803,Familcyash Montilla,47.86,110,19.14,8.61,,
1165,2026-08-08 19:40:01,пан Альберт Артим,artem80@example.org,507809,872783,Hotel Restaurante HQ La Galería,12.22,94,4.89,2.2,,
1166,2026-08-14 23:57:07,Whitney Garcia,ilopez@example.org,507744,872633,AmericaWant AW00011,71.82,81,28.73,12.93,,
1167,2026-08-16 11:47:33,Соломія Оберемко,williammaldonado@example.org,507809,872783,Hotel Restaurante Hq La Galerría,30.66,64,12.26,5.52,,
1168,2026-09-04 10:17:25,Марія Чаленко,fartushniakzorian@example.org,508005,873175,Plugit Ideapark Seinäjoki / K-Citymarket Ideapark,19.92,18,7.97,3.59,,
1169,2026-09-04 21:02:23,Едита Артюх,kleintyler@example.net,507763,872659,Eldrive Lithuania Panemunės Baseinas,8.26,56,3.3,1.49,,
1170,2026-08-14 01:52:43,Трохим Павличенко,korpaniukeduard@example.net,507763,872660,Eldrive Lithuania Panemunės Baseinas,52.27,24,20.91,9.41,,
1171,2026-08-15 21:11:48,Seth Donovan,avhustyn35@example.org,507921,872994,2979 - DC,59.21,57,23.68,10.66,,
1172,2026-08-26 13:42:14,Travis Ryan,nathanmonroe@example.org,507746,872636,Energía Nufri,6.33,119,2.53,1.14,,
1173,2026-08-29 12:16:26,Madison Elliott,lizaiaremchuk@example.net,507961,873060,"Svylos Gatvė 16, Vilniuus",45.97,113,18.39,8.27,,
1174,2026-08-10 16:16:12,Karen Perez,tbecker@example.net,507763,872671,Eldrive Lithuania Panemunės Baseinas,,91,,,,
1175,2026-08-26 08:23:09,пані Лілія Дейнека,shelbyvaldez@example.com,507763,872671,Eldrive Lithuania Panemunės Baseinas,56.61,51,22.64,10.19,,
1176,2026-08-26 00:24:50,Joseph Chang,perryrobert@example.com,507920,872991,2979 - משרדים,18.95,69,7.58,3.41,,
1177,2026-08-20 18:15:33,Тереза Ажажа,makymenko@example.org,508000,873170,Hotel Hotelli Omenatarha,60.28,93,24.11,10.85,,
1178,2026-08-25 19:36:05,Karen Smith,dominguezshane@example.net,507779,872724,Mcdonald'S  - Gallagher Retail Park,35.94,79,14.38,6.47,,
1179,2026-08-16 03:36:13,Linda Robles,korpaniukvladyslav@example.org,507815,872789,Inclaplas,79.94,21,31.98,14.39,,
1180,2026-08-16 12:51:51,Stephen Kim,lhutsuliak@example.net,507959,873058,"Svylos gatvė 8, Vilnius",16.0,11,6.4,2.88,,
1181,2026-08-28 15:53:38,Соломія Скирда,sherryscott@example.net,508017,873193,Paring Via Augusta,32.29,16,12.92,5.81,,
1182,2026-08-17 08:30:23,Олена Калениченко,amanda49@example.com,507919,872978,2898 - הרב אבא אבוחצירא (פרטי),14.08,89,5.63,2.53,,
1183,2026-08-28 15:13:00,Patrick Lamb,matiashillia@example.org,507806,872775,Manises,78.98,12,31.59,14.22,,
1184,2026-08-21 14:23:14,Barry Taylor,davidcowan@example.com,507990,873122,[Eone] Camperra Almacen 1,75.19,118,30.08,13.53,,
1185,2026-08-13 21:28:35,Олекса Чуйко,rodriguezbenjamin@example.com,507804,872771,Fastned - Mundolsheim,25.64,12,10.26,4.62,,
1186,2026-08-10 12:39:12,Katherine Flores,iurchyshynaoryna@example.org,507823,872804,Failycash Montilla,57.8,36,23.12,10.4,,
1187,2026-08-19 10:41:24,Алла Ємець,xzinchuk@example.com,507890,872915,A1 :Shorouk 1 ⛽,70.38,116,28.15,12.67,,
1188,2026-08-30 23:49:41,Віра Цушко,,507866,872872,Mobive | La Souterraine | Rue Des Fossés Ddes Canards,49.42,49,19.77,8.9,,
1189,2026-08-23 11:06:33,Данна Андрейко,xievtushok@example.org,507919,872982,2898 - הרבב אבא אבוחצירא (פרטי),47.37,0,18.95,8.53,,
1190,2026-08-19 11:15:39,Jason Floyd,iarynagoliash@example.org,507933,873011,Valle Verde Center,24.35,42,9.74,4.38,,
1191,2026-08-18 00:32:55,Mrs. Raven Rivera DVM,okhrimaverchenko@example.org,507919,872985,2898 - הרב אבא אבוחצירא (פרטי),12.45,101,4.98,2.24,,
1192,2026-08-24 13:59:20,Софія Бездітко,pgonzalez@example.org,507763,872669,Eldrive Lithuania Panemunės Baseinas,76.78,10,30.71,13.82,,
1193,2026-08-12 00:25:01,Steven Wright,shernandez@example.net,507811,872785,Alcampo Vilagarcía,77.03,17,30.81,13.87,,
1194,2026-08-25 16:39:03,Barbara Tate,zoriankarpa@example.org,507807,872779,C.C. Los Alcores Sevilla,55.65,110,22.26,10.02,,
1195,2026-09-03 16:16:21,Орина Кибкало,cjohnson@example.org,507746,872635,Energía Nfri,32.12,41,12.85,5.78,,
1196,2026-08-09 23:41:35,Варвара Зайченко,edyta22@example.net,507829,872812,Wesco Reed City,32.94,57,13.18,5.93,,
1197,2026-08-21 07:52:25,Tyrone Mayer,rodriguezcameron@example.net,507737,872617,Calle Los Jazines,63.08,116,25.23,11.35,,
1198,2026-09-05 19:58:19,Алевтин Голобородько,iarynadanchuk@example.com,508011,873186,Porto ELMInya Boardwalk 🏖️,76.77,110,30.71,13.82,,
1199,2026-08-10 12:06:32,Mr. Isaac Williams,veniiamynriaboshapka@example.org,999999,999999,Virta North Seurkauntatalo,75.97,13,30.39,13.67,,
1200,2026-09-06 14:35:31,Їжакевич Олесь Костянтинович,kadamchuk@example.org,507807,872780,C.C. Los Alcores Evilla,67.39,103,26.96,12.13,,
1201,2026-08-25 10:17:26,Robert Richards,vincentkathleen@example.org,508011,873186,Porto Leminya Boardwalk 🏖️,56.36,79,22.54,10.14,,
1202,2026-08-29 19:58:18,Alexa Williams,mamchurada@example.net,507806,872777,Manises,11.73,119,4.69,2.11,,
1203,2026-08-27 08:19:16,Brittney Townsend,gina67@example.net,507715,872554,Via Francesco Borromini,17.93,28,7.17,3.23,,
1204,2026-08-21 00:18:33,Валентина Примаченко,qzatovkaniuk@example.com,507763,872657,Eldrive Lithuania Panemunės Baseinas,76.88,41,30.75,13.84,,
1205,2026-08-29 19:34:47,Данна Гавриленко,jcalhoun@example.com,507745,872634,AmericaWant AW00012,53.51,18,21.4,9.63,,
1206,2026-09-02 21:17:13,Опанасенко Наталія Трохимівна,drewwalsh@example.org,507807,872780,C.C. Los Alcores Sevilla,5.74,21,2.3,1.03,,
1207,2026-08-26 07:53:05,Alison Gray,nicole50@example.com,507746,872636,Energía Nufi,13.12,20,5.25,2.36,,
1208,2026-08-12 01:03:41,Анастасія Ющенко,bradjenkins@example.net,507739,872626,Cepsa Gandia,58.08,55,23.23,10.45,,
1209,2026-08-23 21:16:27,Kimberly Henry,okovalenko@example.com,999999,999999,Spkluu Ujb Upt Cawang 1,5.4,25,2.16,0.97,,
1210,2026-08-23 05:26:12,Дан Шило,apushkar@example.com,507763,872657,Eldrive Lithuania Panemunės Baseinas,17.86,10,7.14,3.21,,
1211,2026-08-28 11:20:54,Linda Valencia,dfarley@example.com,507932,873010,OLA: Sadat ⛽,48.9,72,19.56,8.8,,
1212,2026-08-28 04:21:59,Данна Чміль,elizabeth28@example.org,507808,872782,Parque Comercial Alarzón (Burgos),60.35,118,24.14,10.86,,
1213,2026-09-04 13:28:24,Kimberly Gibson,tetianasmyk@example.net,507819,872795,FOC DC-Charger,57.16,30,22.86,10.29,,
1214,2026-08-17 23:02:45,Sonya Harvey,iakiv86@example.com,507921,872994,299 - Dc,22.94,39,9.18,4.13,,
1215,2026-08-27 01:16:20,Cynthia Le,philipharrison@example.net,507806,872775,Manises,61.97,22,24.79,11.15,,
1216,2026-09-07 12:39:46,Michael Cannon,rebecca96@example.org,507990,873122,[eOne] Campera Almacen 1,23.98,43,9.59,4.32,,
1217,2026-08-28 08:38:52,Дан Тягнибок,ostapvernydub@example.org,507763,872672,Eldrive Lithuania Panemunės Baseinas,31.03,13,12.41,5.59,,
1218,2026-08-23 09:34:33,Joseph Jones,cwhite@example.org,508005,873176,Plugit Ideapark Seinäjoki / K-Citymaret Ideapark,64.72,37,25.89,11.65,,
1219,2026-08-18 20:25:00,Амалія Журба,qhrechko@example.org,508007,873179,Plugit Oulun Lentoasema (OUL),56.97,111,22.79,10.25,,
1220,2026-09-05 19:16:02,Вівчаренко Амалія Назарівна,danielleandrews@example.org,507920,872991,2979 - משרדים,72.94,104,29.18,13.13,,
1221,2026-08-31 05:17:11,Kelly Miles,dgerega@example.org,507810,872784,Parking Paradoor De Cazotla,57.61,68,23.04,10.37,,
1222,2026-08-30 02:41:22,Daniel Robbins,ngalagan@example.net,507920,872991,2979 - משרדים,50.46,36,20.18,9.08,,
1223,2026-09-02 11:05:49,пан Леонід Василечко,hukvalentyn@example.org,507892,872918,B& B Hotel Carabanchel ,,78,,,,
1224,2026-08-16 21:14:27,Amy Grant,derehusvarfolomii@example.com,507801,872768,Starlite Sunter Bisma,34.42,34,13.77,6.2,,
1225,2026-08-22 10:10:16,Rebecca Brown,juliarubio@example.com,507763,872663,Eldrive Lithuania Paanemunės Baseinas,26.22,12,10.49,4.72,,
1226,2026-08-13 04:20:24,Morgan Davenport,marta59@example.com,507763,872663,Eldrive Lithuania Panemunės Bseinas,24.52,106,9.81,4.41,,
1227,2026-08-23 17:12:03,добродій Артем Вітрук,,507919,872980,2898 - הרב אבא אבוחצירא (פרט)י,82.84,77,33.14,14.91,,
1228,2026-08-18 07:32:21,Василь Єсипенко,jane44@example.org,507861,872867,[eONE] Paseo del Este 1,36.45,34,14.58,6.56,,
1229,2026-08-09 19:59:37,Валерій Фаренюк,danpetliura@example.org,507919,872978,2898 - הרב אבא אבוחצירא (פרטי),76.36,29,30.54,13.74,,
1230,2026-08-20 12:47:54,Мирон Рябовіл,annafuller@example.net,507895,872922,Comharchumann Forbartha Chorca Dhuibhne,55.49,43,22.2,9.99,,
1231,2026-09-07 07:43:18,Jessica Garcia,theresabeck@example.org,507920,872989,2979 - משרדים,68.58,35,27.43,12.34,,
1232,2026-08-30 18:08:03,Леопольд Приймак,,507743,872632,AmericaWant AW00007,45.21,14,18.08,8.14,,
1233,2026-09-05 14:14:28,Назар Чаленко,camposderek@example.com,507763,872664,Eldrive Lithuania Panemunės Baseinnas,51.15,108,20.46,9.21,,
1234,2026-08-27 06:54:12,Krista Shea,xwoods@example.org,507745,872634,AmericaWant AW00012,44.4,70,17.76,7.99,,
1235,2026-08-28 01:09:55,Mark Mckenzie,lrichards@example.com,507891,872917,Spot Mal L🛍️,20.62,101,8.25,3.71,,
1236,2026-08-15 19:28:09,Kristine Lewis,kpetrenko@example.com,507829,872812,Wesco Reed City,62.8,102,25.12,11.3,,
1237,2026-08-13 19:43:09,Jesse Moyer,tannercasey@example.org,507763,872666,Eldrive Lithuania Panemunės Baseinas,27.46,18,10.98,4.94,,
1238,2026-08-19 06:30:16,Гордій Андрієвич,hrangel@example.net,507811,872785,Alcampo Vilagarcía,6.95,111,2.78,1.25,,
1239,2026-09-02 19:00:02,Негода Аарон Данилович,,507802,872769,Kantor BPKP,56.64,59,22.66,10.2,,
1240,2026-08-11 02:02:41,Маруся Андрусенко,myroslav15@example.net,507801,872768,Starlite Sunter Bisma,,15,,,,
1241,2026-08-14 12:55:44,Kayla Duncan,howellbrittany@example.org,507983,873114,Posto Vila Flor - RJ Eletropostos,80.24,92,32.1,14.44,,
1242,2026-08-15 02:53:14,Роксолана Рудько,james48@example.org,507919,872984,2898 - הרב אבא  אבוחצירא (פרטי),81.31,69,32.52,14.64,,
1243,2026-09-03 10:20:58,Розалія Кириленко,rebecca03@example.net,507763,872674,Eldrive  Lithuania Panemunės Baseinas,78.19,53,31.28,14.07,,
1244,2026-08-30 03:10:17,Марта Вернигора,shane65@example.org,507919,872978,2898 - הרב אבא אבוחצירא (פרטי),34.61,20,13.84,6.23,,
1245,2026-09-04 05:51:11,Claudia Jones,vhopkins@example.net,507780,872728,Waarren Lodge ,6.24,75,2.5,1.12,,
1246,2026-08-16 08:58:06,Carrie Petersen,martaandroshchuk@example.net,507819,872795,Foc Dc-Chaarger,79.27,56,31.71,14.27,,
1247,2026-08-30 11:54:19,Гліб Бабʼяк,ruslan37@example.com,507920,872988,2979 - מרדים,39.25,117,15.7,7.06,,
1248,2026-08-20 15:35:28,Anthony Wise,dominguezjoseph@example.com,507811,872785,Allcampo Vilagarcía,82.33,117,32.93,14.82,,
1249,2026-09-02 22:53:39,Jessica Conrad,linda66@example.net,507763,872658,Eldrive Lithuania Panemunės Bbaseinas,82.09,82,32.84,14.78,,
1250,2026-08-20 06:16:39,Владислав Александренко,sherriball@example.net,507919,872983,2898 - הרב אבא אבוחצירא (פרטי),73.24,94,29.3,13.18,,
1251,2026-08-30 00:01:29,Joseph Flores,rbashpolchenko@example.org,508000,873170,Hotel Hotelli Omenatarha,28.56,97,11.42,5.14,,
1252,2026-08-22 12:26:00,Златослава Дашенко,trujillorobin@example.net,507763,872664,Eldrive Lithuania Panemunės Baseinas,35.81,107,14.32,6.45,,
1253,2026-08-21 20:06:25,Ігор Червоненко,kolodubviktor@example.org,507742,872630,AmericaWant AW00009,73.09,95,29.24,13.16,,
1254,2026-08-24 04:01:29,Марина Теліженко,romanhuk@example.org,507990,873122,[eOne] Campera Almacen 1,30.35,12,12.14,5.46,,
1255,2026-08-15 08:45:12,Богданна Шухевич,datsenkoavrelii@example.net,507725,872601,Gasóleso Teruel,18.56,85,7.42,3.34,,
1256,2026-08-19 20:58:30,Геннадій Вдовенко,,507763,872662,Eldrive Lithuania Panemunės Baseinas,49.54,101,19.82,8.92,,
1257,2026-08-16 01:34:01,Patricia Anderson,maryna12@example.net,507808,872782,Parque Comercial Alaarzón (Burgos),79.89,39,31.96,14.38,,
1258,2026-08-11 18:22:05,Жаліло Юстина Іллівна,kristi19@example.org,507779,872724,McDonald's - Gallagher Retail Park,60.68,99,24.27,10.92,,
1259,2026-08-28 10:25:25,Прохір Кащенко,illiaiurchyshyn@example.org,507892,872918,B& B Hotel Carabanchel ,50.6,30,20.24,9.11,,
1260,2026-09-03 23:43:26,Ольга Павленко,khomenkovarfolomii@example.org,507921,872994,2979 - DC,12.77,37,5.11,2.3,,
1261,2026-08-28 19:56:53,Оксана Фурс,jasonlove@example.com,507920,872993,2979 - משרדים,54.2,99,21.68,9.76,,
1262,2026-08-18 16:30:56,Frank Wheeler,thomasgonzalez@example.com,507806,872775,Manisse,84.2,71,33.68,15.16,,
1263,2026-08-27 13:18:34,Валентин Романенко,uvasylevych@example.net,507890,872915,A1: Sohrouk 1 ⛽,16.21,42,6.48,2.92,,
1264,2026-09-05 14:15:50,Jessica Glass,gsemenchenko@example.org,507745,872634,AmericaWant AW00012,,94,,,,
1265,2026-08-31 19:15:28,Святослава Дейнека,ihorartiukh@example.org,507779,872724,Mcdonalds - Gallagher Retail Park,75.19,44,30.08,13.53,,
1266,2026-08-25 17:21:53,Аніта Карась,tereshchukboryslav@example.org,507866,872874,Mobive | La Souterraine | Rue des Fossés des Canards,64.26,61,25.7,11.57,,
1267,2026-08-27 13:54:12,Станіслав Мамчур,kostiantyn26@example.net,507714,872553,Präg Express Ladestelle,60.76,43,24.3,10.94,,
1268,2026-09-03 18:36:30,Вікторія Нестеренко,shunter@example.org,507867,872876,Caldas Da Rainha (Zunder),61.2,50,24.48,11.02,,
1269,2026-09-01 08:21:52,Gary Singh,madison38@example.org,507815,872789,Inclaplas,33.76,60,13.5,6.08,,
1270,2026-08-21 21:31:43,Лілія Юрчук,karen10@example.org,507919,872986,2898 - הרב אבא אבוחצירא (פרטי),28.49,56,11.4,5.13,,
1271,2026-09-01 05:21:00,Орест Андріїшин,,507820,872797,Carrefour Lucena (Endesa),69.75,91,27.9,12.56,,
1272,2026-08-27 12:35:15,Mary Williams,raven09@example.com,507919,872978,2898 - הרב אבא אבוחצירא (פרטי),,67,,,,
1273,2026-08-28 06:35:57,Еріка Левченко,varsenych@example.net,508002,873172,Virta Kunnantalo pohjoinen,74.37,84,29.75,13.39,,
1274,2026-08-31 08:05:06,Ажажа Ганна Ігорівна,kamilla59@example.net,507921,872994,2979 - DC,78.06,66,31.22,14.05,,
1275,2026-09-03 13:50:06,Susan Ward,iaroslava57@example.com,507771,872713,ЖК Сколково Уан,45.91,32,18.36,8.26,,
1276,2026-08-27 18:36:10,Соломія Ісаєвич,victor75@example.net,507801,872768,Starlite Sunteer Bisma,45.12,57,18.05,8.12,,
1277,2026-08-12 17:20:31,Michelle Mckee,kamillaprokopovych@example.org,507820,872799,Carrefour Lucena (Nedesa),68.86,31,27.54,12.39,,
1278,2026-08-15 05:38:14,Kim Lopez,dmarshall@example.com,507806,872776,Mainses,57.0,26,22.8,10.26,,
1279,2026-08-17 11:15:56,Michelle Williams,dmelton@example.com,507744,872633,AmericaWant AW00011,61.16,78,24.46,11.01,,
1280,2026-08-21 06:38:24,James Moore,sviatoslavprokopovych@example.org,508008,873180,Virta Kauppakeskus Kaakkurinkulma,68.66,117,27.46,12.36,,
1281,2026-08-24 12:55:46,Heather Turner,ruslan26@example.com,507990,873122,[eOne] Campera Almacen 1,76.2,20,30.48,13.72,,
1282,2026-08-30 17:17:57,Lori Johns,lonyshchenko@example.org,507745,872634,AmericaWant AW00012,,103,,,,
1283,2026-08-25 00:45:09,добродій Віталій Дацюк,vasylasaula@example.com,507824,872805,Ayunt. Sevilla. Calle José Velázquez Sánchez (Eranovum),35.05,24,14.02,6.31,,
1284,2026-08-22 03:43:42,Mary Miller,josephgonzalez@example.com,507744,872633,Americcawant Aw00011,12.52,100,5.01,2.25,,
1285,2026-08-20 21:27:13,Megan Salas,kevinmoses@example.net,507742,872630,Ameriicawant Aw00009,51.26,44,20.5,9.23,,
1286,2026-08-31 11:28:59,пані Олена Олійник,jameslawson@example.com,508009,873181,Ionityi Onity Pudasjärvi,7.88,42,3.15,1.42,,
1287,2026-09-03 20:00:17,Carlos Delgado,kvalentine@example.com,999999,999999,2979 - משרדים,42.25,93,16.9,7.6,,
1288,2026-08-25 15:16:10,Данило Ґереґа,viktor15@example.net,507929,873006,Sligo Bus Depot,48.41,25,19.36,8.71,,
1289,2026-08-11 23:28:56,Vanessa Thomas DVM,donald87@example.org,507959,873058,"Svylos Gatvė 8, Vilniius",27.92,43,11.17,5.03,,
1290,2026-08-10 03:41:19,Віолетта Євтушок,tsmith@example.net,507771,872714,Жкк Сколково Уан,,75,,,,
1291,2026-08-18 07:48:29,Brianna Johnson,marusia49@example.com,507744,872633,AmericaWant AW00011,7.44,108,2.98,1.34,,
1292,2026-08-16 01:04:27,Jennifer Jenkins,viktoriiabashtan@example.com,507931,873009,Fira Ccb,7.99,49,3.2,1.44,,
1293,2026-08-14 18:35:39,Samantha Walsh,mikewaller@example.org,507763,872659,Eldrive Lithuania Panemunės Baseinas,70.81,37,28.32,12.75,,
1294,2026-08-14 04:48:34,Cole Anderson,akanivets@example.org,507791,872757,Fonseca Supermercados,33.82,56,13.53,6.09,,
1295,2026-08-31 05:20:23,Олег Лаба,olha35@example.net,507746,872636,Enregía Nufri,15.16,48,6.06,2.73,,
1296,2026-08-26 13:19:48,Владислав Артим,angela95@example.net,508013,873188,Watanya: Assyut West RD ⛽,46.78,79,18.71,8.42,,
1297,2026-09-07 01:27:08,Richard Anderson,omeliankolesnychenko@example.net,507746,872636,Energía Nufri,66.6,82,26.64,11.99,,
1298,2026-08-16 14:20:13,Jacqueline Christian,leontiishchyrytsia@example.net,507808,872782,Parque Comercial Alarzón (Burgos),-15.5,29,-6.2,-2.79,,
1299,2026-08-13 21:28:49,Christopher Perez,edwardsnicole@example.com,507891,872917,Spot Mall 🛍️,54.83,10,21.93,9.87,,
1300,2026-08-23 18:59:33,Alexis Nelson,vadym87@example.com,507763,872669,Eldrive Lithuania Panemunės Baseinas,11.83,81,4.73,2.13,,
1301,2026-08-27 21:40:19,Michael Harris,colekimberly@example.com,508005,873175,Plugit Ideapark Seinäjoki / K-Citymarket Iddeapark,9.13,96,3.65,1.64,,
1302,2026-08-12 08:04:42,Орина Яременко,bohodar73@example.org,507811,872785,Alcampo Vilagarcía,47.51,72,19.0,8.55,,
1303,2026-08-13 14:15:35,Stacy Patterson,panteleimon97@example.net,508008,873180,Virrta Kauppakeskus Kaakkurinkulma,48.25,76,19.3,8.68,,
1304,2026-09-06 19:03:58,Степан Скорик,oles75@example.net,508013,873188,Watanya: Assyut West D ⛽,55.99,13,22.4,10.08,,
1305,2026-09-05 02:53:43,Todd Armstrong,larysazhuravel@example.org,507740,872628,AmericaWant AW00001,63.09,67,25.24,11.36,,
1306,2026-08-25 12:03:28,Климент Шаблій,mossjames@example.net,508020,873197,Parking Garatge 2000,83.07,34,33.23,14.95,,
1307,2026-08-26 15:16:56,Вʼячеслав Терещук,krystalhenderson@example.org,507763,872659,Eldrive Lithuania Paanemunės Baseinas,46.3,56,18.52,8.33,,
1308,2026-09-02 05:01:23,Кирило Байдак,james40@example.org,507919,872977,2898 - הרב אבא אבוחצירא (פרטי),30.84,47,12.34,5.55,,
1309,2026-08-09 06:16:36,Софія Нестайко,richardsonkimberly@example.org,508009,873181,Ionity Ionity Pudaasjärvi,68.61,24,27.44,12.35,,
1310,2026-09-01 10:39:44,Jay Austin,mpeters@example.com,508004,873174,Plugit  Prodc Viinikka,26.67,72,10.67,4.8,,
1311,2026-08-29 16:37:38,Хома Данилюк,gilesstephen@example.org,507956,873053,Maxi Mgroup 💼,40.12,30,16.05,7.22,,
1312,2026-08-30 23:10:16,Jocelyn Sharp,frank25@example.org,507824,872805,Ayunt.Sevilla. Calle José Velázquez Sánchez (Eranovum),11.28,0,4.51,2.03,,
1313,2026-08-29 18:54:55,Володимира Теличенко,devdiukdaryna@example.com,507814,872788,Club Gminas,7.03,66,2.81,1.27,,
1314,2026-09-02 23:24:54,Alexander Chavez,lesliele@example.net,507805,872773,Polytron Kduus,82.01,62,32.8,14.76,,
1315,2026-09-07 13:07:33,Арсен Коваленко,umazur@example.com,507824,872805,Ayunt. Sevilla. Calle José Velázquez Sánchez (Eranovum),71.88,55,28.75,12.94,,
1316,2026-08-31 05:09:11,Susan Hogan,liubov04@example.com,507809,872783,Hotel Restaurante HQ La Galería,60.68,23,24.27,10.92,,
1317,2026-09-06 09:49:08,Орися Саєнко,tsymbaliukiustyna@example.net,507815,872789,Incallas,37.72,109,15.09,6.79,,
1318,2026-08-24 07:02:53,Ігнат Чалий,ehuzenko@example.org,507869,872878,Cepsa A Groba,,85,,,,
1319,2026-08-12 20:30:20,Сніжана Бабій,atroshchenkodan@example.net,507763,872672,Eldrive Lithuania Panemuunės Baseinas,17.51,26,7.0,3.15,,
1320,2026-08-30 12:45:30,пан Опанас Дахно,andriishynaparmen@example.com,507821,872800,FOC AC-Charger,25.02,48,10.01,4.5,,
1321,2026-08-31 04:57:38,Валерій Баклан,gutierrezkaren@example.com,507919,872987,2898 - הרב אבא אבוחצרא (פרטי),48.94,18,19.58,8.81,,
1322,2026-08-24 23:27:59,Nicholas Woodward,warrendarlene@example.com,507824,872805,Ayunt. Sevilla. Calle Josév Elázquez Sánchez (Eranovum),62.17,108,24.87,11.19,,
1323,2026-09-01 15:26:41,Autumn Anderson,ustenkofrants@example.org,507763,872657,Eldrive Lithuania Panemunės Baseinas,57.82,86,23.13,10.41,,
1324,2026-08-17 11:23:41,Ліза Алексеєнко,kostiantyn30@example.net,507724,872600,"Arinna Garden Sitesi, Çorum Merkez - AC 2",27.39,88,10.96,4.93,,
1325,2026-08-18 22:40:25,Mr. Robert Franklin MD,lytvynenkoorysia@example.org,507919,872987,2898 - הרב אבא אבוחצירא (פרטי),81.39,91,32.56,14.65,,
1326,2026-08-21 04:32:18,Лесь Чумак,williamskatherine@example.org,508021,873198,Parking NN Espronceda,64.03,106,25.61,11.53,,
1327,2026-08-22 05:21:42,Kyle Smith,omelian66@example.org,508004,873174,Plugit ProDC Viinikka,49.35,15,19.74,8.88,,
1328,2026-09-04 15:04:46,Kristin Bryan,tjohnson@example.net,507763,872664,Eldrive Lithuania Panemunės Baseinas,53.94,100,21.58,9.71,,
1329,2026-09-02 17:27:01,Анжела Редько,williamsbrittany@example.org,507763,872657,Eldrive Lithuania  Panemunės Baseinas,38.57,32,15.43,6.94,,
1330,2026-08-12 19:16:56,Амалія Міщенко,waleksiuk@example.net,507983,873114,Posto Vilaa Flor - Rj Eletropostos,24.82,68,9.93,4.47,,
1331,2026-08-28 09:03:33,Amber Butler,,507806,872775,Manisse,33.48,100,13.39,6.03,,
1332,2026-09-04 14:21:47,Марія Доценко,bohuslava26@example.org,507930,873007,Galway Bus Depot,65.63,107,26.25,11.81,,
1333,2026-08-31 18:13:29,Heather Johnson,,507815,872789,Incalplas,6.15,55,2.46,1.11,,
1334,2026-08-30 09:41:50,Steven Wilkins,karpenkomarta@example.com,507763,872672,Eldrive Lithuania Panemunės Baseinas,14.29,47,5.72,2.57,,
1335,2026-08-13 03:57:04,Ana Ruiz,william23@example.net,507859,872865,Club House Floreence,8.68,23,3.47,1.56,,
1336,2026-08-19 09:42:52,Герман Пелех,james46@example.org,507746,872636,Energía Ufri,8.26,109,3.3,1.49,,
1337,2026-08-20 11:00:25,Melissa Salazar,mjohnson@example.net,507810,872784,Parking Parador de Cazotla,-15.5,81,-6.2,-2.79,,
1338,2026-09-05 21:05:50,Олександр Величко,jackwilliams@example.org,999999,999999,Tesla Supercharger Lexy,61.29,71,24.52,11.03,,
1339,2026-08-31 14:55:28,Lisa French,emiliiashvachka@example.net,507820,872796,Carrefour Lucena (Endea),42.93,44,17.17,7.73,,
1340,2026-08-29 07:17:02,Ryan Green,oliviameyers@example.com,507771,872714,Жк Сколокво Уан,12.83,28,5.13,2.31,,
1341,2026-08-25 17:25:30,Lisa Crawford,hollandjerry@example.com,507919,872982,2898 - הרב אבא אבוחחצירא (פרטי),44.33,39,17.73,7.98,,
1342,2026-08-21 19:10:35,Christopher Lynch DDS,holykadam@example.org,507996,873159,"Savanorių pr. 276, Kaunas",42.88,87,17.15,7.72,,
1343,2026-08-20 20:26:33,Альбіна Шевченко,eduard76@example.net,507822,872802,Ayunt. Navalcarnero Ciudad Deportiva,18.86,93,7.54,3.39,,
1344,2026-08-14 12:06:37,Веніямин Устенко,mjoyce@example.org,508018,873194,Parking NN Diagonal,39.71,34,15.88,7.15,,
1345,2026-08-23 23:10:34,Gregory Shaffer,shoffman@example.net,507959,873058,"Svyols Gatvė 8, Vilnius",36.88,49,14.75,6.64,,
1346,2026-09-03 15:51:46,Еріка Мазепа,ivanenkoviktor@example.org,507724,872600,"Arinna Garden Sitesi, Çorum Merkez - AC 2",54.27,97,21.71,9.77,,
1347,2026-08-17 22:41:51,Elizabeth Hunter,andrusenkomartyn@example.org,508001,873171,Virta north Seurakuntatalo,55.81,23,22.32,10.05,,
1348,2026-09-01 03:40:06,Ashley Cook,kjames@example.org,507821,872800,FOC AC-Charger,8.62,35,3.45,1.55,,
1349,2026-09-06 06:27:16,Lisa Johnson,kabanenkoiefrem@example.net,507763,872665,Eldrive Lithuania Panemunės Baseinas,34.97,111,13.99,6.29,,
1350,2026-08-13 12:39:27,Надія Щириця,xshtokalo@example.org,507763,872673,Eldrive Lithuania Panemunės Baseinas,55.07,96,22.03,9.91,,
1351,2026-08-23 00:41:17,Maria Olson,tvaldez@example.org,507815,872789,Incalplas,45.25,31,18.1,8.14,,
1352,2026-08-26 03:59:34,Kimberly Rogers,hordii47@example.org,507763,872668,Eldrive Lithuania Panemunės Basenas,73.52,57,29.41,13.23,,
1353,2026-08-23 07:42:12,Amy Meyer,chumachenkodmytro@example.org,507763,872666,Eldrive Lithuani Panemunės Baseinas,57.7,92,23.08,10.39,,
1354,2026-09-03 13:50:54,Alicia Ray,tsiutsiurales@example.com,508001,873171,Virta Noth Seurakuntatalo,18.03,119,7.21,3.25,,
1355,2026-08-21 23:07:55,Stacy Gomez,andrew97@example.org,507771,872713,ЖК Сколково Уан,10.65,60,4.26,1.92,,
1356,2026-08-11 07:03:48,Альбіна Притула,bohuslavmiroshnychenko@example.net,507817,872792,BM Tafalla,56.39,12,22.56,10.15,,
1357,2026-08-14 18:39:44,Sarah Duncan,johnsonryan@example.com,507820,872796,Carrfour Lucena (Endesa),7.12,51,2.85,1.28,,
1358,2026-08-13 15:03:33,Bruce Patton,teresaray@example.org,508016,873192,Ford Tarragona,51.86,28,20.74,9.33,,
1359,2026-09-05 12:22:09,Emily Johnson,tereza47@example.org,507806,872774,Manises,80.22,82,32.09,14.44,,
1360,2026-08-31 10:25:23,Shawn Watson,lambertsylvia@example.org,507829,872813,Wesco Reedc Ity,51.04,37,20.42,9.19,,
1361,2026-08-30 00:43:10,Eric Rodriguez,paverchenko@example.org,507805,872773,Polytron Kudus,36.05,93,14.42,6.49,,
1362,2026-08-17 14:20:07,Юстим Вернигора,tconner@example.net,507815,872789,Incalpls,56.46,54,22.58,10.16,,
1363,2026-08-20 21:41:41,Rebecca Stein,pylyp19@example.com,507930,873007,Galway Bus Depot,41.66,80,16.66,7.5,,
1364,2026-08-14 04:27:26,Тетяна Овсієнко,xstephens@example.net,507921,872995,2979  -Dc,48.65,87,19.46,8.76,,
1365,2026-08-28 02:23:38,Shane Short,malikfowler@example.com,507812,872786,Mercadona Cetnro Logístico Vitoria,80.32,72,32.13,14.46,,
1366,2026-08-12 05:50:53,Амалія Шахрай,dkashchenko@example.com,507743,872632,Americawannt Aw00007,35.89,82,14.36,6.46,,
1367,2026-08-16 00:18:39,Kelly Smith,lisawalton@example.com,507763,872662,Eldrive Lithuania Panemunės Baseinas,81.9,28,32.76,14.74,,
1368,2026-09-04 23:17:30,Назар Величко,susan19@example.com,507919,872978,288 - הרב אבא אבוחצירא (פרטי),77.43,56,30.97,13.94,,
1369,2026-08-12 18:46:44,Angel Meyer,panteleimon77@example.net,507818,872793,Parking Caravanas El Pueyo,20.66,23,8.26,3.72,,
1370,2026-08-14 09:32:31,Peter Fowler,iermolenkohanna@example.net,507741,872629,AmericaWant AW00004,10.55,47,4.22,1.9,,
1371,2026-09-07 01:56:50,Емілія Малишко,volodymyra29@example.org,507714,872553,Präg Express Ladetelle,13.06,62,5.22,2.35,,
1372,2026-09-03 00:22:38,Patricia Lambert,aderevianko@example.org,507828,872811,Museo Del Calzado Y De La Industria,6.46,70,2.58,1.16,,
1373,2026-08-30 12:25:24,Donald Smith,danylenkoavhustyn@example.com,507763,872672,Eldrive Lithuania Panemunės Baeinas,12.56,0,5.02,2.26,,
1374,2026-08-23 01:58:39,Наталія Оробець,olenatiahnybok@example.com,507815,872789,Incalpplas,59.64,49,23.86,10.74,,
1375,2026-08-23 11:19:47,Michael Campbell,nguyenmary@example.com,507772,872715,Гостиница Карелия 282 км,10.7,90,4.28,1.93,,
1376,2026-09-07 05:48:27,Марʼяна Примаченко,wrobinson@example.net,507919,872983,2898 - הרב אבא אבוחציר (פרטי),30.52,39,12.21,5.49,,
1377,2026-08-18 17:37:35,Allen Berger,,508001,873171,Virta north Seurakuntatalo,72.59,18,29.04,13.07,,
1378,2026-08-21 11:52:16,Аніта Вдовиченко,perezdawn@example.org,507919,872979,2898 - הרב אבא אבוחצירא (פרטי),6.86,73,2.74,1.23,,
1379,2026-08-16 06:31:15,Michael Vance,chalyiviktor@example.com,508003,873173,Neste Liikenneasema Härkäpakari,70.16,42,28.06,12.63,,
1380,2026-08-17 02:02:36,Emily Roth,skorykoleh@example.org,507724,872600,"Arinna Garde Nsitesi, Çorum Merkez - Ac 2",27.55,61,11.02,4.96,,
1381,2026-08-16 05:54:35,Шевченко Миколай Богуславович,marcia81@example.org,507763,872667,Eldrive Lithuania Panemunės Baseinas,14.45,98,5.78,2.6,,
1382,2026-08-28 11:29:36,Юхим Шило,batihmykhailo@example.org,507763,872658,Eldrive Lithuania Panemunės Baseinas,60.74,23,24.3,10.93,,
1383,2026-09-06 11:22:34,Шевченко Тереза Владиславівна,okseniiadanylchuk@example.org,507763,872677,Eldrive Lithuania Panemunės Baseinas,55.32,0,22.13,9.96,,
1384,2026-08-22 18:52:40,Лілія Салій,btapia@example.com,507996,873159,"Savanoirų Pr. 276, Kaunas",75.2,0,30.08,13.54,,
1385,2026-08-19 21:13:31,Thomas Rivera,wolfekevin@example.com,507739,872627,Cepsa Gandia,63.81,108,25.52,11.49,,
1386,2026-08-22 08:55:36,Andre Alvarez,kevinharvey@example.com,507865,872871,Tesla Supercharger Lexy,69.28,114,27.71,12.47,,
1387,2026-08-12 02:27:59,Ryan Campbell,fbaturynets@example.com,508009,873181,Ionity Ionit Ypudasjärvi,27.56,68,11.02,4.96,,
1388,2026-08-21 11:45:52,Bethany Garcia,scottthomas@example.com,508001,873171,Virta North Seuarkuntatalo,19.2,87,7.68,3.46,,
1389,2026-08-29 06:51:32,Богуслава Негода,,999999,999999,Eldrive Lithuania Panemunės Baseinas,65.05,103,26.02,11.71,,
1390,2026-09-04 01:59:50,Jason Oliver,lsvyrydenko@example.net,507919,872980,2898 - הרב אבא אבוחצירא (פרטי),-15.5,50,-6.2,-2.79,,
1391,2026-08-15 21:07:16,Сомко Андрій Захарович,yvang@example.org,507763,872671,Eldrive Lithuania Panemunės Baseinas,84.24,77,33.7,15.16,,
1392,2026-08-15 13:15:12,Михайло Худобʼяк,wellsamy@example.org,507740,872628,AmericaWant AW00001,38.01,77,15.2,6.84,,
1393,2026-08-11 13:01:10,Gloria Benson,udovychenkoruslan@example.net,507823,872803,FamilyCash Montilla,34.76,101,13.9,6.26,,
1394,2026-08-23 13:55:47,Антон Якимчук,cassandraharrison@example.com,507864,872870,[ChargeBox] Parking La Rural,67.11,17,26.84,12.08,,
1395,2026-08-29 23:11:13,Левко Павличенко,arobinson@example.org,507740,872628,AmericaWant AW00001,32.26,11,12.9,5.81,,
1396,2026-08-31 09:36:31,Валерій Носенко,klavdiiaprykhodko@example.org,507862,872868,[eOne] Via Disegno,79.46,114,31.78,14.3,,
1397,2026-08-28 04:29:33,Brian Cervantes,shawsteven@example.net,507806,872774,Manises,73.67,119,29.47,13.26,,
1398,2026-09-01 22:37:42,Matthew Brown,kingdavid@example.net,507811,872785,Alcampo Vilagarcía,39.32,95,15.73,7.08,,
1399,2026-08-29 21:33:43,Феофан Абраменко,rachelcarter@example.org,507763,872665,Eldrive Lithuania Panemunės Basinas,65.07,50,26.03,11.71,,
1400,2026-09-06 16:17:57,Климент Матяш,liza56@example.org,507861,872867,[Eone] Paseo Dl Este 1,65.36,64,26.14,11.76,,
1401,2026-08-29 14:53:09,Jillian Harris,tesliaalla@example.com,508003,873173,Neste Liikenneasema Härkäpakari,13.25,25,5.3,2.38,,
1402,2026-09-06 22:54:48,Robert Frazier,lubenetsrozaliia@example.org,507892,872918,B& B Hotel Carabannchel ,,102,,,,
1403,2026-08-09 21:40:15,Suzanne Mooney,turnerjeffrey@example.net,508020,873197,Parking Garatge 2000,,71,,,,
1404,2026-08-19 18:15:08,Лукʼян Ткаченко,jenniferstokes@example.org,507771,872713,ЖК Сколково Уан,71.12,57,28.45,12.8,,
1405,2026-08-21 17:32:21,Амвросій Семенченко,hermankorolenko@example.net,999999,999999,Parque Comercial Alarzón (Burgos),30.6,39,12.24,5.51,,
1406,2026-08-17 03:38:53,Пріска Гаврилів,xiatsenko@example.net,507772,872715,Гостиница Карелия 282 км,76.64,21,30.66,13.8,,
1407,2026-09-02 20:10:22,Cynthia Park,ericksonrachael@example.com,507780,872727,Warren Odge ,36.14,44,14.46,6.51,,
1408,2026-08-22 03:36:43,Michelle Sullivan,cchmil@example.com,507895,872922,Comharchumann Forbartha Chorca Dhuibhne,5.87,20,2.35,1.06,,
1409,2026-09-06 01:29:40,Mary Wells,fjones@example.com,507738,872623,GM Oil,77.43,73,30.97,13.94,,
1410,2026-09-01 12:26:17,Тарас Рябченко,pmorales@example.org,507780,872727,Warren Lodge ,12.3,119,4.92,2.21,,
1411,2026-08-31 11:08:16,Zachary Santiago,pavlenkovalerii@example.net,507828,872811,Museo Del Calzado Y De La Industria,30.55,59,12.22,5.5,,
1412,2026-08-28 11:17:46,Алла Данченко,frantsovsiienko@example.net,507895,872922,Comharchumann Forbartha Chorc Dhuibhne,81.0,94,32.4,14.58,,
1413,2026-08-24 05:35:45,Vanessa Taylor,timothy29@example.com,507811,872785,Alcampo Vilaagrcía,81.05,30,32.42,14.59,,
1414,2026-08-16 10:54:38,Євген Чуприна,,507816,872791,Biteri etorbidea,50.88,78,20.35,9.16,,
1415,2026-08-28 15:08:14,Jordan Coleman,sheremetaillia@example.org,507771,872714,ЖК Сколково Уан,55.55,57,22.22,10.0,,
1416,2026-08-22 15:20:03,Darius Coleman,juliemyers@example.com,507763,872666,Elrdive Lithuania Panemunės Baseinas,40.88,29,16.35,7.36,,
1417,2026-09-04 08:26:42,Теодор Кабалюк,ivanchenkovasylyna@example.net,507866,872874,Mobive | La Souterraine | Rue des Fossés des Canards,28.46,110,11.38,5.12,,
1418,2026-08-30 17:26:48,Joshua Richardson,turnerlisa@example.com,507739,872627,Cepsa Gandia,31.29,76,12.52,5.63,,
1419,2026-08-23 21:58:30,Панас Свистун,mkhomyk@example.net,507920,872990,2979  - משרדים,58.8,53,23.52,10.58,,
1420,2026-08-24 08:10:38,Петро Василечко,gmendoza@example.org,507806,872777,Manises,65.19,42,26.08,11.73,,
1421,2026-08-28 06:26:03,Макар Луценко,thomasdavid@example.net,507804,872771,Fastnedd - Mundolsheim,68.33,82,27.33,12.3,,
1422,2026-09-03 23:42:12,Kelly Bishop,shamraibohdanna@example.org,507919,872987,2898 - הרב אאב אבוחצירא (פרטי),68.17,70,27.27,12.27,,
1423,2026-08-28 17:00:15,Василевич Марʼяна Опанасівна,marianaiashchenko@example.com,507859,872865,Club House Florence,12.3,18,4.92,2.21,,
1424,2026-08-17 18:05:08,пан Августин Шинкаренко,mariarussell@example.com,507823,872803,FamilyCash Montilla,44.55,77,17.82,8.02,,
1425,2026-09-01 20:19:21,Julie Gross,symon03@example.net,507807,872780,C.C .Los Alcores Sevilla,9.6,44,3.84,1.73,,
1426,2026-08-11 03:40:05,William Phillips,ocole@example.net,507807,872779,C.C. Los Alcores Sevilla,48.96,90,19.58,8.81,,
1427,2026-08-21 14:40:45,Марта Конопля,yzinchenko@example.net,507738,872623,GM Oil,40.32,107,16.13,7.26,,
1428,2026-08-22 15:06:51,Мирослав Дробаха,johnboyd@example.com,507802,872769,Kanor Bpkp,,97,,,,
1429,2026-09-01 04:15:58,Григорій Артимишин,bieroshenko@example.com,507890,872915,A1: Shooruk 1 ⛽,33.07,105,13.23,5.95,,
1430,2026-08-10 01:10:17,Mr. Billy Bowers,tymchenkohryhorii@example.net,507827,872810,Spklu Ujb Upt  Cawang 1,14.37,74,5.75,2.59,,
1431,2026-08-16 08:03:36,Douglas Hodge,mykyta64@example.com,507819,872795,Fo Dc-Charger,16.44,17,6.58,2.96,,
1432,2026-09-04 09:18:36,Нестор Дубина,mary95@example.com,507746,872636,Energía Nufri,65.92,54,26.37,11.87,,
1433,2026-09-04 10:57:20,Зорян Дзиндра,shughes@example.net,507819,872795,FOC DC-Charger,54.46,96,21.78,9.8,,
1434,2026-08-13 04:07:57,Cynthia White,fdziuba@example.net,507859,872865,Club House Florence,13.09,56,5.24,2.36,,
1435,2026-08-14 03:43:40,Богданна Данчук,amanda91@example.com,507931,873009,Fira CCIB,11.73,49,4.69,2.11,,
1436,2026-08-14 08:23:38,Ростислав Уманець,nancy98@example.org,507890,872915,A1: Shorouk 1 ⛽,61.08,85,24.43,10.99,,
1437,2026-09-01 20:11:08,Jeremiah Walsh,rebecca93@example.com,507983,873114,Posto Vila Flor - Rj Eletropotsos,10.82,63,4.33,1.95,,
1438,2026-09-02 08:24:53,Тарас Радченко,margaretholmes@example.com,507827,872810,SPKLU UJB UPT Cawang 1,70.75,85,28.3,12.74,,
1439,2026-08-28 19:37:02,Ростислав Гайдабура,carla39@example.org,507738,872624,Gm Oli,61.5,55,24.6,11.07,,
1440,2026-08-31 13:42:43,Одарка Шухевич,gloriaward@example.net,507763,872668,Eldrive Lithuania Panemunės Baseinas,11.51,56,4.6,2.07,,
1441,2026-08-30 19:43:51,Travis Nielsen,laurenperkins@example.org,507814,872788,Club Gimnas,11.79,24,4.72,2.12,,
1442,2026-08-27 06:26:46,Соломія Штокало,milena33@example.net,999999,999999,Warren Lodge ,83.93,114,33.57,15.11,,
1443,2026-09-06 17:51:41,Seth Smith,paigepacheco@example.com,508008,873180,Virta Kaupppakeskus Kaakkurinkulma,34.94,28,13.98,6.29,,
1444,2026-08-12 00:52:14,Ethan Moreno,,507815,872789,Incalpllas,34.65,35,13.86,6.24,,
1445,2026-08-28 18:58:44,Пріска Худяк,tshyian@example.com,507739,872627,Cepsa Gandia,70.02,61,28.01,12.6,,
1446,2026-09-02 07:05:36,Derek Garcia,dustin91@example.com,507763,872666,Eldrive Lithuania Panemunės Baseinas,80.78,102,32.31,14.54,,
1447,2026-08-08 18:31:29,Michael Allen,zvermenych@example.org,508013,873188,Watanya: Assyut West RD ⛽,83.88,31,33.55,15.1,,
1448,2026-08-23 03:22:43,Остап Дутка,lukianiaremko@example.com,507919,872981,2898 - הרב אבא אבוחצירא (פרטי),65.27,113,26.11,11.75,,
1449,2026-08-15 20:39:44,Megan Decker,dgonzalez@example.com,507859,872864,Cluub House Florence,35.1,30,14.04,6.32,,
1450,2026-09-03 19:01:40,пані Орися Романець,alvarezpaul@example.org,507824,872805,Ayunt. Sevilla. Calle José Velázquez Sánchez (Eranovum),11.68,60,4.67,2.1,,
1451,2026-08-25 09:38:04,Гаврило Єсипенко,viacheslavivanchenko@example.org,507919,872981,2898 - הרב אבא אבוחצירא (פרטי),67.17,47,26.87,12.09,,
1452,2026-09-04 10:33:59,Валентина Барабаш,barabashviktor@example.net,508017,873193,Parkng Via Augusta,49.67,29,19.87,8.94,,
1453,2026-08-30 18:03:03,Голик Панас Богодарович,kristenfrost@example.net,507931,873009,Fira CCIB,38.94,38,15.58,7.01,,
1454,2026-08-17 19:19:55,Богуслав Сіробаба,billkeller@example.org,507763,872668,Eldrive Lithuania Panemunės Baseinas,77.51,60,31.0,13.95,,
1455,2026-09-05 09:43:43,Павло Євтушок,dotsenkomarta@example.net,507867,872875,Caldas Da Arinha (Zunder),13.9,13,5.56,2.5,,
1456,2026-08-19 23:39:21,Matthew Jones,russell33@example.net,508007,873179,Plugit Oulun Lentoasema (OUL),,64,,,,
1457,2026-08-10 18:23:20,Destiny Simmons,mary20@example.net,507801,872768,Starltie Sunter Bisma,5.91,80,2.36,1.06,,
1458,2026-08-31 14:35:36,Richard Ramirez,georgeburch@example.com,507813,872787,Caprabo Mollerussa,42.49,101,17.0,7.65,,
1459,2026-08-27 09:21:01,Мілена Бараник,okhrymovychvarfolomii@example.net,507741,872629,Amricawant Aw00004,9.5,37,3.8,1.71,,
1460,2026-09-01 16:38:08,Deborah Alexander,pmartinez@example.com,507919,872981,2898 - הרב אבא אבוחצירא (פרט)י,14.51,13,5.8,2.61,,
1461,2026-08-14 18:37:25,Christina Long,iukhymzakusylo@example.org,507714,872553,Präg Express Ladestelle,14.4,31,5.76,2.59,,
1462,2026-08-13 12:28:09,Joshua Reynolds,mykytazasiadko@example.org,507956,873053,Maxim  Group 💼,56.94,85,22.78,10.25,,
1463,2026-08-13 11:42:31,пан Орхип Атаманюк,ustym99@example.com,507983,873114,Posto Vila Flor - RJ Eletropostos,64.68,54,25.87,11.64,,
1464,2026-08-09 09:25:02,Ліза Червоненко,jesseboone@example.com,507803,872770,Hotel Laksa Ciater,51.67,76,20.67,9.3,,
1465,2026-08-28 13:11:44,Борислав Абраменко,yhernandez@example.net,507864,872870,[Chargeebox] Parking La Rural,81.97,95,32.79,14.75,,
1466,2026-08-12 06:43:02,Георгій Дацюк,weaverjoseph@example.net,507919,872980,2898 - הרב אבא אבוחצירא (פרטי),34.99,117,14.0,6.3,,
1467,2026-08-21 12:18:36,Laura Robertson,hclarke@example.com,507746,872636,Energía Nufri,27.86,75,11.14,5.01,,
1468,2026-08-27 22:38:15,Jared Luna,porterchristina@example.com,507827,872810,Spklu Ujb Upt Ccawang 1,74.49,97,29.8,13.41,,
1469,2026-08-24 14:20:33,Аарон Сомко,hordii19@example.net,508021,873198,Parking NN Espronceda,22.89,43,9.16,4.12,,
1470,2026-08-24 00:28:23,Joseph Frey,kristinclark@example.com,507824,872805,Ayunt. Sevilla. Calle Jsoé Velázquez Sánchez (Eranovum),82.06,100,32.82,14.77,,
1471,2026-09-03 21:51:55,Jennifer Chen,thill@example.com,507763,872670,Eldrive Lithuania Panemunės Baseinas,5.97,64,2.39,1.07,,
1472,2026-09-07 14:55:42,Надія Ватаманюк,eierchenko@example.org,507821,872800,FOC AC-Charger,82.59,114,33.04,14.87,,
1473,2026-08-20 01:03:47,Donna Harris,tokartetiana@example.org,507930,873007,Galway Bus Depot,8.45,10,3.38,1.52,,
1474,2026-08-19 16:34:36,Єрченко Гліб Святославович,michael07@example.com,507823,872804,FamilyCash Montilla,76.29,81,30.52,13.73,,
1475,2026-08-29 17:08:58,Lydia Howard,qdavis@example.com,507892,872918,B& B Hotel Carabanchel ,-15.5,96,-6.2,-2.79,,
1476,2026-08-13 12:38:07,Йосип Єрошенко,pylyp47@example.org,507826,872809,Mercacentro,84.44,47,33.78,15.2,,
1477,2026-08-16 17:21:54,Альбіна Каденюк,zlatoslavalutsenko@example.net,507891,872917,Spot Mall 🛍️,10.9,15,4.36,1.96,,
1478,2026-08-10 01:15:43,Ricky Schneider,,507820,872799,Carrefour Lucena (Endesa),49.31,95,19.72,8.88,,
1479,2026-08-24 09:27:35,Sandra Cole,korpaniukpylyp@example.org,508001,873171,Virta North Eurakuntatalo,82.54,34,33.02,14.86,,
1480,2026-08-22 21:20:03,Анжела Приймак,tovstolisdavyd@example.org,507763,872671,Eldrive Lithuania Panemunės Baseinas,46.85,91,18.74,8.43,,
1481,2026-08-26 20:15:27,пані Роксолана Дараган,,507802,872769,Kantor BPKP,55.35,26,22.14,9.96,,
1482,2026-08-15 17:08:13,пан Борис Ярема,vadym84@example.com,507919,872977,2898 - הרב אבא אבוחצירא (רפטי),60.66,70,24.26,10.92,,
1483,2026-09-03 10:23:23,Бабко Лариса Ростиславівна,hordii64@example.org,507866,872874,Mobive | La Souterraine | Rue des Fossés des Canards,41.36,21,16.54,7.44,,
1484,2026-09-05 02:53:24,Аніта Носаченко,khrechko@example.net,507779,872726,McDonald's - Gallagher Retail Park,55.2,15,22.08,9.94,,
1485,2026-08-16 21:34:53,Дрозд Ганна Устимівна,varfolomiiisaienko@example.org,508019,873196,Ayunt. Olost Piscines,51.75,99,20.7,9.32,,
1486,2026-08-12 11:32:27,Златослава Батуринець,danna76@example.org,508005,873175,Plugit Ideapark Seinäjoki / K-Citymarket Ideapark,77.09,36,30.84,13.88,,
1487,2026-08-20 08:07:23,панна Одарка Павлик,tarasenkoliliia@example.net,507822,872802,Ayunt. Navalcarnero. Ciudad Deportiva,8.64,17,3.46,1.56,,
1488,2026-09-05 22:57:48,Ґерус Дан Яремович,zhuchenkomaksym@example.org,507891,872917,Spot Mall 🛍️,27.48,92,10.99,4.95,,
1489,2026-08-19 22:03:18,Михайло Дубенко,wvysochan@example.com,508000,873170,Hotel Hotelli Omenatarha,81.03,115,32.41,14.59,,
1490,2026-08-20 23:26:28,Donald Todd,violettasimashkevych@example.org,507714,872553,Präg Express Ladestelle,76.22,74,30.49,13.72,,
1491,2026-08-21 01:00:47,Мартин Дерегус,demian48@example.org,507822,872802,Ayunt. Navalcarnero. Ciudad Deportiva,41.45,66,16.58,7.46,,
1492,2026-08-31 05:35:43,Kevin Anderson,klazarenko@example.org,507820,872797,Carrefour Lucena (Endesa),54.61,0,21.84,9.83,,
1493,2026-09-04 04:22:08,Alexis Tucker,meghanallen@example.net,507806,872774,Manises,27.19,118,10.88,4.89,,
1494,2026-08-12 05:35:29,Валентина Макаренко,steven72@example.net,507919,872980,2898 - הרב אבא אבוחצירא (פריט),20.05,108,8.02,3.61,,
1495,2026-08-25 10:08:57,Rebecca Alvarez,danlazarenko@example.net,508008,873180,Virta Kauppakeskus Kaakkurinkulma,42.1,49,16.84,7.58,,
1496,2026-08-29 05:53:30,Людмила Чорновіл,kolisnychenkoheorhii@example.org,508017,873193,Parking Via Augusta,33.27,23,13.31,5.99,,
1497,2026-08-30 19:47:18,Christopher Holt,frice@example.net,507825,872808,Calle Alfred Nóbel,51.69,44,20.68,9.3,,
1498,2026-08-18 07:38:26,Олег Венгринович,doneal@example.net,507920,872989,2979 - משרדים,11.22,57,4.49,2.02,,
1499,2026-09-01 02:30:51,Aaron Young,hwalton@example.com,507919,872983,2898 - הרב אבא אבוחצירא (פררטי),82.95,118,33.18,14.93,,
1500,2026-08-20 03:54:02,Верховинець Олекса Іванович,zkovpak@example.org,999999,999999,2898 - הרבא בא אבוחצירא (פרטי),83.9,93,33.56,15.1,,
1501,2026-09-05 09:52:27,Зайченко Любов Альбертівна,ieroshenkoprokhir@example.com,507806,872775,Maniises,60.85,65,24.34,10.95,,
1502,2026-09-05 13:14:25,Данна Штокало,ylaba@example.com,507931,873009,Fira CCIB,47.89,58,19.16,8.62,,
1503,2026-08-22 23:30:17,Michael Williams,edwardsjames@example.org,507920,872991,297 - משרדים,29.76,22,11.9,5.36,,
1504,2026-08-27 20:40:59,Jeffrey Cook,wlaba@example.org,507779,872725,McDonald's - Gallagher Retail Park,70.1,70,28.04,12.62,,
1505,2026-08-09 00:58:15,Patrick Buckley,deborahturner@example.org,507763,872660,Eldrive Lithuania Panemunės Baaseinas,59.78,111,23.91,10.76,,
1506,2026-09-07 02:03:03,Альбіна Ющенко,chumachenkofedir@example.com,507820,872796,Carrefour Lucena (Endesa),18.01,58,7.2,3.24,,
1507,2026-08-22 12:58:35,Клавдія Чекалюк,dowens@example.com,507932,873010,Ola: Sdat ⛽,,55,,,,
1508,2026-09-07 02:49:05,Paul Villanueva,akopytko@example.org,508020,873197,Parking Garatge 2000,70.8,71,28.32,12.74,,
1509,2026-08-19 06:41:41,Дан Ільєнко,milenazhuchenko@example.com,507828,872811,Museo Del Calzado Y De La Industria,80.98,17,32.39,14.58,,
1510,2026-08-20 19:32:14,Оксана Жук,,507763,872662,Eldrive Lithuania Panemunės Baseinas,63.06,52,25.22,11.35,,
1511,2026-08-13 08:44:25,Angel Richards,,507808,872782,Parque Comercial Alarzón (Burgos),54.07,29,21.63,9.73,,
1512,2026-08-23 15:28:08,Борис Затула,bellregina@example.net,507823,872804,FamilyCash Montilla,38.46,106,15.38,6.92,,
1513,2026-08-10 06:24:30,James Ellis,georgemichael@example.net,507807,872779,C.C. Los Alcores Sevilla,,99,,,,
1514,2026-08-15 00:38:31,Георгій Жученко,villamisty@example.com,507803,872770,Hootel Laksa Ciater,74.29,48,29.72,13.37,,
1515,2026-08-22 23:21:52,Michael Brown,opanas34@example.net,507763,872676,Eldrive Lithuania Panemunės Baseinas,8.62,94,3.45,1.55,,
1516,2026-08-28 19:37:56,Світлана Шаповал,zhuchenkohryhorii@example.net,507738,872623,GM Oil,7.11,58,2.84,1.28,,
1517,2026-08-18 09:28:44,Greg Tanner,johnsonjeffery@example.net,507741,872629,AmericaWant AW00004,35.12,73,14.05,6.32,,
1518,2026-09-03 19:59:30,Олесь Дрозд,westmatthew@example.net,507810,872784,Parking Parador de Cazotla,69.84,71,27.94,12.57,,
1519,2026-09-03 10:01:26,Юстина Затула,christy45@example.org,507920,872991,2979 - משרדים,83.98,115,33.59,15.12,,
1520,2026-08-16 15:14:39,Diana Blair,fhohol-ianovska@example.com,508018,873194,Parking Nn Diagnoal,17.03,116,6.81,3.07,,
1521,2026-09-01 00:55:46,Ольга Зубко,nosachenkorostyslav@example.com,507763,872657,Eldrive Lithuania Paneunės Baseinas,52.53,63,21.01,9.46,,
1522,2026-08-25 02:10:04,добродій Євген Бабійчук,douglas31@example.net,507919,872986,2898 - הרב אבא אבוחצירא (פרטי),35.47,114,14.19,6.38,,
1523,2026-08-31 09:10:54,Гоголь-Яновський Азар Климентович,,507919,872976,288 - הרב אבא אבוחצירא (פרטי),82.59,18,33.04,14.87,,
1524,2026-08-15 11:31:47,Robert Nicholson,preston00@example.com,508007,873179,Plugit Oulun Lentoasema (OUL),72.37,97,28.95,13.03,,
1525,2026-08-27 22:33:14,Bradley Mullins DDS,ihnatprymachenko@example.net,507802,872769,Kantor BPKP,72.07,46,28.83,12.97,,
1526,2026-08-13 00:44:47,Brandi Phillips,,507867,872875,Caldas Da Rainha (Zunder),42.5,58,17.0,7.65,,
1527,2026-08-09 07:45:09,Марʼяна Демиденко,bneporozhnii@example.net,507922,872996,EV24 Charging Station,38.19,50,15.28,6.87,,
1528,2026-09-03 16:41:17,Nicole Johnson,aaronjones@example.org,507890,872915,A1: Shooruk 1 ⛽,26.87,26,10.75,4.84,,
1529,2026-08-30 17:24:00,Charles Warner,obuchanan@example.com,507810,872784,Parking Parador De Cazola,9.51,0,3.8,1.71,,
1530,2026-08-21 08:58:34,Зорян Шеремета,filienko@example.net,507763,872676,Eldrive Lithuania Panemunės Baseinas,74.18,30,29.67,13.35,,
1531,2026-08-26 16:20:03,Антон Стельмах,christina57@example.com,507715,872554,Via Franecsco Borromini,70.03,60,28.01,12.61,,
1532,2026-08-19 23:57:30,Elizabeth Mullins,alison98@example.net,507763,872666,Eldrive Lithunia Panemunės Baseinas,84.98,68,33.99,15.3,,
1533,2026-08-09 20:41:30,Аркадій Пилипенко,jeremyjohnson@example.com,507919,872978,2898 - הרב אבא אבוחצירא (פרטי),84.73,48,33.89,15.25,,
1534,2026-09-07 06:20:00,Юстим Салій,shelby47@example.net,507806,872777,Mannises,49.43,64,19.77,8.9,,
1535,2026-08-11 17:11:21,Розалія Шевченко,cranekevin@example.com,507780,872727,Warren Lodge ,66.52,50,26.61,11.97,,
1536,2026-08-23 07:36:47,Єва Бгиденко,edytacherednyk@example.org,507933,873011,Valle Verdec Enter,80.58,48,32.23,14.5,,
1537,2026-08-14 07:28:24,Мілена Каденюк,gnikoliuk@example.net,507920,872988,2979 - משרדים,72.97,22,29.19,13.13,,
1538,2026-08-10 20:22:08,Прохір Закусило,anewton@example.net,507742,872630,Americawant Aw000009,24.79,73,9.92,4.46,,
1539,2026-08-23 10:08:47,Людмила Вобла,christopher29@example.com,508002,873172,Virta Kunnantalo pohjoinen,41.04,20,16.42,7.39,,
1540,2026-08-14 06:49:34,Arthur Reed,bohdan66@example.com,507811,872785,Alcampo Vilagarcía,15.33,119,6.13,2.76,,
1541,2026-08-20 01:05:52,Sandra Harrison,bchernenko@example.com,507763,872670,Eldrive Lithuania Panemunės Baseinas,81.32,28,32.53,14.64,,
1542,2026-08-27 12:20:28,Jacob Nunez,parkertommy@example.com,507919,872986,2898 - הרב אבא אבוחצירא (פרטי),53.49,20,21.4,9.63,,
1543,2026-08-26 15:47:45,Роксолана Величко,richardatkinson@example.com,507763,872673,Eldrive Lithuania Panemunės Baseinas,23.29,0,9.32,4.19,,
1544,2026-09-06 03:50:13,Єва Масляк,ostaporobets@example.net,507920,872988,2979- משרדים,58.74,55,23.5,10.57,,
1545,2026-08-28 18:54:41,Любов Гавриш,gcastaneda@example.org,507959,873058,"Syvlos Gatvė 8, Vilnius",54.45,54,21.78,9.8,,
1546,2026-09-01 09:40:00,Забашта Алла Григоріївна,nazarenkovolodymyra@example.com,508003,873173,Neste Liikenneasema Härkäpakari,,10,,,,
1547,2026-08-22 05:27:25,Kimberly Anderson,michaellaura@example.net,508013,873188,Watanya: Assyut West RD ⛽,14.08,49,5.63,2.53,,
1548,2026-08-26 15:14:05,Oscar Smith,avramenkoiaroslav@example.org,507825,872807,Calle Alfred Nóbel,58.73,117,23.49,10.57,,
1549,2026-08-30 04:06:53,Камілла Пилипенко,myroslavizhakevych@example.net,507919,872983,288 - הרב אבא אבוחצירא (פרטי),46.62,28,18.65,8.39,,
1550,2026-08-20 02:37:38,Mary Buchanan,williamspatricia@example.com,508018,873194,Parking NN Diagonal,66.79,85,26.72,12.02,,
1551,2026-08-13 11:17:33,Melissa Wilkinson,deinekavalentyn@example.org,507930,873007,Galway Bus  Depot,46.61,81,18.64,8.39,,
1552,2026-09-04 01:53:05,Keith Villanueva,,507919,872979,2898 - הרב אבא אבוחצירא (פרטי),73.17,81,29.27,13.17,,
1553,2026-08-11 14:04:55,David Washington,demianmakarenko@example.com,508000,873170,Hotel Otelli Omenatarha,49.15,70,19.66,8.85,,
1554,2026-08-22 00:57:40,Amber Gomez,klavdiia49@example.net,507919,872984,2898 - הרב אבא אבוחצירא (פרטי),49.88,118,19.95,8.98,,
1555,2026-08-14 13:51:44,Lisa Martin,herman17@example.net,507771,872714,Жк Сколково Уна,75.13,21,30.05,13.52,,
1556,2026-08-13 02:20:36,Christopher Erickson,dawngraves@example.org,507920,872991,2979 -משרדים,37.28,70,14.91,6.71,,
1557,2026-09-06 15:15:41,Вікторія Бабич,hannahjohnson@example.com,507919,872985,2898 - הרב אבא אבוחחצירא (פרטי),15.72,42,6.29,2.83,,
1558,2026-08-11 02:27:51,Jessica Wood,wtokar@example.net,507814,872788,Club Gimas,7.3,54,2.92,1.31,,
1559,2026-08-20 11:18:51,Азар Опанасенко,desiree66@example.org,507811,872785,Alcampo Vilagarcía,65.41,99,26.16,11.77,,
1560,2026-09-05 01:19:01,Jerry Cantrell,jason72@example.net,507818,872793,Parking Caravvanas El Pueyo,54.62,112,21.85,9.83,,
1561,2026-08-11 23:28:21,Alexander Velazquez,demianenkobohodar@example.net,507956,873053,Maxi Mgroup 💼,61.33,101,24.53,11.04,,
1562,2026-09-06 02:43:18,добродій Борислав Авраменко,viktortymchuk@example.org,507921,872994,2979 - DC,22.04,78,8.82,3.97,,
1563,2026-08-19 22:59:57,Elizabeth Kemp,bhydenkoorest@example.net,508022,873199,Plenoil la Orotava 2,15.91,17,6.36,2.86,,
1564,2026-08-15 19:26:57,Пилип Чайка,jennifergraham@example.org,507809,872783,Hotel Restaurante Hq La Galeraí,6.16,34,2.46,1.11,,
1565,2026-08-22 02:35:04,Monique Mccullough,pauladouglas@example.com,507818,872793,Parking Caravanas El Pueyo,33.05,100,13.22,5.95,,
1566,2026-08-14 22:59:16,Богдан Носенко,wsliusar@example.org,507919,872982,2898 - הרב  אבא אבוחצירא (פרטי),52.19,55,20.88,9.39,,
1567,2026-08-17 02:50:23,панна Орися Рябець,adamenkosemen@example.org,507763,872658,Eldrive Lithuania Panemunės Baseinas,36.38,96,14.55,6.55,,
1568,2026-08-09 21:34:19,Емілія Зубко,zbarrett@example.net,507820,872797,Carrefour Lucena (Endesa),40.0,39,16.0,7.2,,
1569,2026-08-09 08:50:58,Bradley Atkinson,uanderson@example.net,507808,872782,Parque Comercial Alarzón (Burgos),77.33,118,30.93,13.92,,
1570,2026-08-20 04:44:47,Теліженко Василь Максимович,susan92@example.org,507817,872792,BM Tafalla,32.86,56,13.14,5.91,,
1571,2026-08-09 09:55:20,Kayla Brown,stefan17@example.com,507828,872811,Museo Del Calzado Y De La Industria,46.12,96,18.45,8.3,,
1572,2026-08-21 12:42:42,Mike Patterson,liashkoleon@example.net,507825,872807,Calle Alfred Nóbel,67.69,58,27.08,12.18,,
1573,2026-08-14 19:13:13,Dustin Bell,rebecca26@example.org,507990,873122,[Eone] Campera Almaacen 1,36.72,56,14.69,6.61,,
1574,2026-09-03 04:28:12,Anita Luna,tetiana59@example.com,507763,872659,Eldrive Lithuania Panemunės Baseinas,54.77,93,21.91,9.86,,
1575,2026-08-11 17:35:11,Jennifer Ramos,garciakelsey@example.net,507763,872674,Eldrive Lithuania Panemunės Baseinas,73.99,91,29.6,13.32,,
1576,2026-08-30 09:48:52,Франц Харченко,hryhoriidzhun@example.net,507763,872677,Eldrive Lithuania Panemunės Baseinas,80.96,27,32.38,14.57,,
1577,2026-09-02 13:30:06,Kevin Miller,lpreston@example.net,507807,872781,C.C. Los Alcoores Sevilla,,75,,,,
1578,2026-08-30 14:09:38,Мілена Баштан,,507867,872875,Caldas Da Rainha (Zunder),79.13,77,31.65,14.24,,
1579,2026-09-07 12:11:15,Jason Rocha,zchuiko@example.org,507771,872713,Жк Сколкково Уан,,103,,,,
1580,2026-09-02 23:04:14,Joel Bradley,amber70@example.com,507806,872775,Maniss,25.66,42,10.26,4.62,,
1581,2026-08-30 21:11:39,Сніжана Масоха,russellcourtney@example.org,507746,872635,Energgía Nufri,41.73,45,16.69,7.51,,
1582,2026-08-11 14:24:10,Ronald Davenport,mhickman@example.net,507919,872976,2898 - הרב אבא אבוחצירא (פרטי),83.4,91,33.36,15.01,,
1583,2026-08-28 03:27:14,Patrick Walker DDS,klavdiia37@example.com,507892,872918,B& B Hotel Carabanchel ,44.41,110,17.76,7.99,,
1584,2026-08-13 21:19:14,Тереза Гречаник,montoyaelizabeth@example.net,507827,872810,Spklu Ubj Upt Cawang 1,31.3,28,12.52,5.63,,
1585,2026-08-30 04:19:25,John Watts,hbaker@example.org,507990,873122,[eOne] Campera Almacen 1,55.67,37,22.27,10.02,,
1586,2026-08-12 13:39:49,Любов Яремчук,khomashcherban@example.com,507920,872989,2979 - משרדים,24.21,49,9.68,4.36,,
1587,2026-09-07 04:15:14,Зиновій Юрченко,everkhovynets@example.com,507919,872976,2898 - הרב אבא אבוחצירא (פרטי),11.07,93,4.43,1.99,,
1588,2026-08-11 20:03:41,Lori Alvarez,shawstephanie@example.net,507745,872634,Americawant Aw00012,15.31,106,6.12,2.76,,
1589,2026-08-21 23:57:10,Алла Конопленко,crawfordbetty@example.net,507805,872773,Poytron Kudus,15.24,85,6.1,2.74,,
1590,2026-08-27 03:19:18,Борис Остапчук,wyattsara@example.com,507919,872977,2898 - הרב אבא אבוחצירא (פרטי),17.15,24,6.86,3.09,,
1591,2026-08-30 16:09:10,Brandy Martin,amygonzalez@example.net,507867,872876,Caldas Da Rainha (Zunder),16.11,50,6.44,2.9,,
1592,2026-08-13 11:05:14,Mark Friedman,murphyjohn@example.com,508009,873181,Ionityionity Pudasjärvi,56.27,48,22.51,10.13,,
1593,2026-09-04 09:53:17,Богуслава Чала,konoplenkokyrylo@example.org,507737,872617,Call Los Jazmines,19.55,11,7.82,3.52,,
1594,2026-08-29 12:36:14,Варфоломій Вертипорох,robert63@example.net,508007,873179,Plugit Oulun Lentoasema (OUL),32.65,72,13.06,5.88,,
1595,2026-08-19 17:45:01,Устим Онуфрієнко,vasyl44@example.net,507866,872874,Mobive | La Souterraine | Rue des Fossés des Canards,76.74,38,30.7,13.81,,
1596,2026-08-25 02:25:12,Michael Cox,ovcharenkoviacheslav@example.org,507920,872992,2979 - משרדים,42.92,114,17.17,7.73,,
1597,2026-08-28 00:05:25,Alexandria Holmes,hohol-ianovskamarko@example.org,507715,872554,Via Francesco Borrromini,58.4,83,23.36,10.51,,
1598,2026-08-13 06:19:08,Jennifer Mccall,hdotsenko@example.net,507861,872867,[eONE] Paseo del Este 1,18.79,75,7.52,3.38,,
1599,2026-08-29 08:45:07,Данна Вобла,olsonchristina@example.org,507821,872800,Fco Ac-Charger,20.38,60,8.15,3.67,,
1600,2026-08-21 00:30:15,Симон Гаврюшенко,gomezpaul@example.org,507867,872876,Caldas Da Rainha (Zunder),,84,,,,
1601,2026-08-16 01:22:24,Billy Fuentes,bartlettchristine@example.org,507919,872977,298 - הרב אבא אבוחצירא (פרטי),18.51,86,7.4,3.33,,
1602,2026-08-11 21:45:07,Олійник Розалія Болеславівна,hryhoriiiemets@example.org,507983,873114,Posto Vila Flor - Rj Letropostos,27.29,19,10.92,4.91,,
1603,2026-08-12 18:59:34,Linda Gallagher,ohavrylyshyna@example.com,507996,873159,"Savanorių pr. 276, Kaunas",19.16,23,7.66,3.45,,
1604,2026-08-29 14:42:31,Eric Garner,semen61@example.net,508016,873192,Ford Taragona,12.1,91,4.84,2.18,,
1605,2026-08-26 17:42:04,Галина Іващенко,garyoliver@example.com,507806,872777,Manses,14.65,60,5.86,2.64,,
1606,2026-09-04 15:45:18,Carlos Miller,sviatoslavaiaremkiv@example.net,507921,872994,2979 - DC,41.86,82,16.74,7.53,,
1607,2026-09-06 02:49:02,Тетяна Худобʼяк,xmorris@example.org,507806,872777,Mansies,21.51,48,8.6,3.87,,
1608,2026-08-14 13:56:45,Амалія Тиха,tryhubivan@example.org,507817,872792,Bm Taalla,34.14,37,13.66,6.15,,
1609,2026-08-25 19:30:27,Козак Анастасія Андріївна,huertasarah@example.net,507919,872981,2898 - הרב אבא אבוחצירא (פרטי),45.27,12,18.11,8.15,,
1610,2026-08-11 03:28:30,Nicole Patton,abrady@example.com,507921,872994,2799 - Dc,60.23,93,24.09,10.84,,
1611,2026-09-06 19:03:52,Венедикт Ємельяненко,andersoncody@example.net,507738,872624,Gmm Oil,8.14,79,3.26,1.47,,
1612,2026-08-25 17:14:01,Charles Francis,adaiaremkiv@example.net,507867,872876,Caldas Da Rainha (Zunder),68.95,36,27.58,12.41,,
1613,2026-09-05 16:51:35,Hannah Martin,weberantonio@example.net,507829,872812,Wesco Reed City,55.23,11,22.09,9.94,,
1614,2026-08-16 03:48:35,Андрій Вівчаренко,larryshort@example.com,507891,872917,Spot Mall 🛍️,11.54,102,4.62,2.08,,
1615,2026-08-19 12:48:01,Пантелеймон Єрьоменко,havrylivnazar@example.net,507779,872724,McDonald's - Gallagher Retail Park,74.89,47,29.96,13.48,,
1616,2026-08-25 15:26:54,Paul Smith,ruslan24@example.com,507920,872989,2979 - משרדיים,78.67,12,31.47,14.16,,
1617,2026-08-14 05:23:13,добродій Теодор Шутько,hestermichael@example.com,507763,872671,Eldrive Lithuania Panemunės  Baseinas,9.89,25,3.96,1.78,,
1618,2026-09-05 12:24:39,Cathy Nunez,richard04@example.com,999999,999999,Parking Nn Esproncedda,27.15,103,10.86,4.89,,
1619,2026-08-29 11:29:17,Пріска Скопенко,lytvynvasylyna@example.net,507961,873060,"Svylos gatvė 16, Vilnius",69.5,49,27.8,12.51,,
1620,2026-09-07 05:03:59,Darren Rodriguez,vladyslav14@example.com,507738,872623,GM Oil,64.86,11,25.94,11.67,,
1621,2026-08-10 01:16:08,Brian Taylor,whitejason@example.org,507868,872877,Asadormontelueño (Iberdrola),19.76,90,7.9,3.56,,
1622,2026-08-21 21:55:09,Kristin Williams,banduraoleksa@example.net,508012,873187,Porto Elminya  Club 🏓,21.75,50,8.7,3.92,,
1623,2026-08-25 03:27:37,James Bryant DDS,daryna41@example.com,508004,873174,Plugit ProDC Viinikka,34.64,21,13.86,6.24,,
1624,2026-08-08 22:38:59,Jason Mercer,taras15@example.com,507738,872623,Gm Oiil,43.76,44,17.5,7.88,,
1625,2026-08-15 14:26:10,Benjamin Randall,boleslaviermolenko@example.net,507763,872660,Eldrive Lithuania Panmeunės Baseinas,54.46,0,21.78,9.8,,
1626,2026-08-12 00:36:32,Holly Smith,chuprynaarkadii@example.com,507919,872979,2898 - הרב אבא אבוחצירא (רפטי),34.51,74,13.8,6.21,,
1627,2026-08-10 03:15:15,Jennifer Mills,qweaver@example.org,507763,872673,Eldrive Lithuania Paneemunės Baseinas,,64,,,,
1628,2026-09-03 09:35:35,Софія Титаренко,drozddemian@example.org,507920,872988,2979 - משררדים,64.8,54,25.92,11.66,,
1629,2026-08-26 21:50:03,Франц Дробʼязко,chalenkoiefrem@example.net,507780,872728,Warren Lodge ,7.93,88,3.17,1.43,,
1630,2026-08-30 16:04:18,Еріка Примаченко,okseniiaakymenko@example.org,507742,872630,Americawannt Aw00009,25.19,99,10.08,4.53,,
1631,2026-08-16 06:55:52,Ілля Голобородько,maldonadonancy@example.net,507814,872788,Club Gimnas,62.07,110,24.83,11.17,,
1632,2026-08-23 18:37:11,Пармен Базилевський,pvdovenko@example.org,507866,872874,Mobive | La Souterraine | Rue des Fossés des Canards,76.62,94,30.65,13.79,,
1633,2026-09-05 04:49:49,Pamela Wheeler,christinaprice@example.net,507826,872809,Mrcacentro,45.93,71,18.37,8.27,,
1634,2026-08-11 04:49:47,Melvin Clements,derek96@example.net,507806,872775,Maanises,47.57,58,19.03,8.56,,
1635,2026-08-16 06:55:54,Brittany Gibson,john16@example.com,507919,872986,2898 - הרב אבא אבוחצירא (פרטי),13.57,104,5.43,2.44,,
1636,2026-08-12 14:35:07,Христина Ісаєвич,levinerichard@example.org,507826,872809,Mrecacentro,40.79,0,16.32,7.34,,
1637,2026-08-30 03:48:00,Аніта Бебешко,barbaraolsen@example.net,507829,872812,Wesco Reed City,47.61,32,19.04,8.57,,
1638,2026-09-01 05:22:22,Valerie Reyes,hennadiiumanets@example.org,507866,872874,Mobive | La Souterraine | Rue des Fossés des Canards,24.4,33,9.76,4.39,,
1639,2026-08-28 18:05:42,Marco Davis,,507819,872795,Foc Dc-Chargr,26.54,47,10.62,4.78,,
1640,2026-08-19 02:41:31,Кирило Яремчук,arsenchuiko@example.org,507919,872977,2898 - הרב אבא אבווחצירא (פרטי),35.18,37,14.07,6.33,,
1641,2026-08-25 09:41:29,Matthew Henry,tammyhill@example.org,507812,872786,Mercadona Centro Logístico Vitoria,6.61,30,2.64,1.19,,
1642,2026-08-14 00:43:55,Rhonda Fernandez,iustynazinchuk@example.net,507763,872659,Eldrivelithuania Panemunės Baseinas,30.77,63,12.31,5.54,,
1643,2026-09-06 10:35:15,Архипенко Єфрем Богодарович,vzasiadko@example.org,507920,872990,2979 - משרדים,21.92,116,8.77,3.95,,
1644,2026-09-03 05:27:31,Samuel Ramos,dylanwong@example.org,507736,872615,Calle Montalbán,31.2,27,12.48,5.62,,
1645,2026-08-10 20:27:04,Марта Дерегус,tiffany68@example.net,507990,873122,[eOne] Campera Almacen 1,14.58,45,5.83,2.62,,
1646,2026-08-27 20:03:04,Erik Price,oalvarado@example.org,507743,872632,AmericaWant AW00007,76.24,108,30.5,13.72,,
1647,2026-08-09 00:29:31,Леонід Шиян,mzaichenko@example.net,507859,872865,Club House Florence,52.49,54,21.0,9.45,,
1648,2026-08-23 06:42:54,Brooke Brown,rshchors@example.com,507807,872779,C.C. Los Alcores Sevilla,59.33,82,23.73,10.68,,
1649,2026-08-15 07:25:34,Wesley Jensen MD,aaron67@example.org,507746,872636,Energía Nuri,68.13,62,27.25,12.26,,
1650,2026-08-22 16:45:59,Alfred Williams,iakymchukiukhym@example.net,507740,872628,AmericaWant AW00001,44.88,111,17.95,8.08,,
1651,2026-08-14 11:19:40,Patrick Johnson,robertkeith@example.org,507738,872624,Gmm Oil,11.95,39,4.78,2.15,,
1652,2026-09-01 19:01:55,Jeffrey Braun,gregory07@example.net,507811,872785,Alcamp Ovilagarcía,47.97,69,19.19,8.63,,
1653,2026-08-17 04:14:07,Matthew Wright,tzhalilo@example.net,507804,872771,Fastned - Mundolsheim,51.95,117,20.78,9.35,,
1654,2026-08-27 02:30:35,Susan Jones,stychyna@example.com,507737,872617,Callee Los Jazmines,64.64,107,25.86,11.64,,
1655,2026-09-01 22:23:02,Christopher Ryan,enelson@example.org,508021,873198,Parking NN Espronceda,39.53,41,15.81,7.12,,
1656,2026-08-12 03:30:36,Франчук Ярослава Єлисеївна,andreyoung@example.com,507771,872713,ЖК Сколково Уан,-15.5,76,-6.2,-2.79,,
1657,2026-08-10 16:49:18,John Johnson,valeriearnold@example.net,507809,872783,Hotel Restauraante Hq La Galería,27.7,76,11.08,4.99,,
1658,2026-08-09 13:22:17,James Armstrong,babiakkhrystyna@example.com,507763,872671,Eldrive Lithuania Panemunės Baseinas,34.05,37,13.62,6.13,,
1659,2026-08-12 10:15:09,Michael Rogers,nelsondominique@example.com,507920,872991,2979 - משרדים,56.67,53,22.67,10.2,,
1660,2026-09-05 14:20:38,Elijah Montes,brownsusan@example.org,507763,872668,Eldrive Lithuania Panemunės Abseinas,50.66,88,20.26,9.12,,
1661,2026-09-05 11:35:42,Ванченко Ірена Гордіївна,leopold38@example.net,508004,873174,Plugit ProDC Viinikka,33.49,50,13.4,6.03,,
1662,2026-08-28 22:11:05,Zachary Morales,abazylevych@example.org,507806,872776,Maniss,83.92,72,33.57,15.11,,
1663,2026-08-14 05:43:22,Арсен Верховинець,,507920,872989,2979 - משרדיים,53.46,32,21.38,9.62,,
1664,2026-08-09 15:50:08,Keith Schmidt,olha86@example.net,507813,872787,Caprabo Mollerussa,23.98,113,9.59,4.32,,
1665,2026-08-16 23:46:58,Robert Pearson,castillojacob@example.net,507865,872871,Tesla Supercharger Lexy,13.14,84,5.26,2.37,,
1666,2026-08-26 05:07:30,Elizabeth Alvarado,zking@example.com,507779,872724,McDonald's - Gallagher Retail Park,17.23,57,6.89,3.1,,
1667,2026-08-29 20:20:31,James Weber,mpelekh@example.net,508017,873193,Parking Via Augusta,24.68,41,9.87,4.44,,
1668,2026-08-20 11:01:13,Kimberly Ibarra,jamescolleen@example.org,508017,873193,Parking Via Augusta,17.85,66,7.14,3.21,,
1669,2026-09-06 05:37:15,Віктор Шеремет,hodgemichael@example.org,507763,872668,Eldrive Lithuania Panemunės Baseinas,19.93,109,7.97,3.59,,
1670,2026-09-03 01:59:48,Kim Mendez,jperez@example.org,507772,872715,Гостиница Карелия 282 км,27.81,42,11.12,5.01,,
1671,2026-08-27 20:38:15,Molly Brown,hodunokherman@example.org,507823,872804,FamilyCash Montilla,18.87,33,7.55,3.4,,
1672,2026-08-25 03:05:51,Галина Кальченко,harrisrobert@example.net,507763,872666,Eldrive Lithuania Panemunės Bsaeinas,-15.5,48,-6.2,-2.79,,
1673,2026-08-24 19:35:21,Руслан Назаренко,romanchukdanna@example.com,508008,873180,Virta Kauppakeskuss Kaakkurinkulma,11.42,43,4.57,2.06,,
1674,2026-08-12 08:31:28,Scott Pruitt,ielyseitsisyk@example.com,507738,872623,GM Oil,46.96,65,18.78,8.45,,
1675,2026-09-03 09:44:07,Георгій Малишко,andreikoavrelii@example.net,507823,872804,FamilyCash Montilla,37.83,37,15.13,6.81,,
1676,2026-08-25 14:35:16,Клавдія Товстуха,esparzadawn@example.com,508007,873179,Plugi Oulun Lentoasema (Oul),83.59,46,33.44,15.05,,
1677,2026-08-15 19:36:26,Емілія Артимович,ievtushenkoles@example.net,507866,872873,Mobive | La Souterraine | Rue des Fossés des Canards,13.96,16,5.58,2.51,,
1678,2026-08-13 15:18:43,Данило Шеремета,avdieienkoliza@example.net,507869,872878,Cepsa A Groba,36.83,77,14.73,6.63,,
1679,2026-08-21 01:45:38,Jessica Lucas,chumakolha@example.com,507803,872770,Hotel Laksa Ciiater,82.56,46,33.02,14.86,,
1680,2026-08-17 01:40:37,Людмила Ґерета,iurchenkoiefrem@example.com,507763,872658,Eldrive Lithuania Panemunės Baseinas,74.24,65,29.7,13.36,,
1681,2026-08-12 07:19:44,Любов Дзюба,davisbrandi@example.net,508012,873187,Porto ELMInya Club 🏓,70.37,74,28.15,12.67,,
1682,2026-09-01 15:13:27,Якименко Сергій Аврелійович,simmonsmichael@example.com,508022,873199,Plenoil la Orotava 2,25.63,74,10.25,4.61,,
1683,2026-09-05 00:20:07,Аркадій Онищенко,anthonydavis@example.net,507810,872784,Parking Parador E Cazotla,18.67,56,7.47,3.36,,
1684,2026-09-05 01:13:00,Stephanie Russell,ihnat22@example.org,507763,872665,Eldrive Lithuania Panemunės Baseinas,58.49,29,23.4,10.53,,
1685,2026-08-23 23:51:52,Stacey Sanders,ihorfesenko@example.org,507822,872802,Ayunt. Navalcarnero. Ciudad Deportiva,79.35,28,31.74,14.28,,
1686,2026-08-29 23:53:48,Ярина Годунок,iukhym07@example.org,508015,873190,Csic Icifr,49.54,38,19.82,8.92,,
1687,2026-08-31 09:52:07,Brandon Greene DDS,izhakevychiaryna@example.net,507763,872669,Eldrive Lithuania Panemunės Baseinaas,50.73,83,20.29,9.13,,
1688,2026-08-23 08:20:50,Kevin Price,mariana46@example.org,508004,873174,Plugit ProDC Viinikka,27.4,69,10.96,4.93,,
1689,2026-09-06 08:35:24,пан Орхип Дзиндра,adakomar@example.org,507740,872628,AmericaWant AW00001,66.56,27,26.62,11.98,,
1690,2026-08-25 17:34:42,Цюцюра Едуард Гаврилович,andrii82@example.net,507859,872864,Clu Bhouse Florence,19.96,101,7.98,3.59,,
1691,2026-08-23 17:11:14,Сірко Вікторія Давидівна,millereric@example.org,507961,873060,"Svylos gatvė 16, Vilnius",30.89,44,12.36,5.56,,
1692,2026-08-30 14:03:14,David Ramirez,bzakharenko@example.org,507919,872979,2898 - הרב אבא אבוחצירא (פרטי),39.03,52,15.61,7.03,,
1693,2026-08-11 09:49:04,Святослава Носенко,,507865,872871,Tesla Supercharger Lexy,45.61,104,18.24,8.21,,
1694,2026-08-22 14:00:18,Хома Атаманюк,tetiana88@example.net,507746,872636,Energía Nufri,24.39,100,9.76,4.39,,
1695,2026-08-13 00:44:20,Сергій Калениченко,mmoore@example.net,507930,873007,Galway Bus Depot,14.19,20,5.68,2.55,,
1696,2026-08-31 02:38:03,Ellen Mullen,lromanchuk@example.net,507829,872813,Wesoc Reed City,53.85,58,21.54,9.69,,
1697,2026-08-30 11:30:49,Melinda Nichols,leslie93@example.net,507725,872601,Gasóleos Terueel,28.09,47,11.24,5.06,,
1698,2026-08-24 06:08:30,Ігнат Ажажа,spasvernydub@example.com,507919,872977,2898 - הרב אבא אבוחצירא (פרטי),51.5,73,20.6,9.27,,
1699,2026-09-01 23:40:16,Tabitha Turner,baxterdarrell@example.net,507921,872995,2979 - DC,17.35,78,6.94,3.12,,
1700,2026-08-11 15:37:27,Дарина Цюпа,shakhrairoksolana@example.net,507763,872666,Eldrive Lithuania Panemunės Baseinas,43.49,17,17.4,7.83,,
1701,2026-08-13 16:07:28,Pamela Sullivan,pmatiash@example.net,507919,872980,2898 - הרב אבא אבוחציר (פרטי),47.61,43,19.04,8.57,,
1702,2026-08-12 17:47:12,Богданна Яремко,artymzynovii@example.net,507863,872869,[EVE] Axion Cardona,9.15,57,3.66,1.65,,
1703,2026-08-10 13:08:23,Tammy Cook,leonvitruk@example.net,507919,872987,2898- הרב אבא אבוחצירא (פרטי),31.93,65,12.77,5.75,,
1704,2026-08-29 21:33:41,Samantha Holloway,viraverkhovynets@example.org,507771,872713,Жк Сколков Уан,15.75,85,6.3,2.84,,
1705,2026-09-03 02:07:12,Heather Guzman,greenmartin@example.org,507919,872981,2988 - הרב אבא אבוחצירא (פרטי),10.07,111,4.03,1.81,,
1706,2026-08-26 07:30:28,Alexander Williams,riabetsamaliia@example.org,507780,872727,Warren Lodge ,84.2,74,33.68,15.16,,
1707,2026-08-22 09:07:51,Симон Ґерета,orysiakorzh@example.org,507956,873053,Maxim Gruop 💼,30.79,0,12.32,5.54,,
1708,2026-08-28 11:47:13,пані Маруся Ващенко,bdanylchuk@example.net,507817,872792,BM Tafalla,69.79,13,27.92,12.56,,
1709,2026-09-06 16:07:25,Віра Удовенко,iukhym24@example.com,508019,873196,Ayunt. Olost Piscines,25.37,118,10.15,4.57,,
1710,2026-08-24 21:25:51,Shane Anderson,aronetsalbert@example.net,507983,873114,Posto Vla Flor - Rj Eletropostos,59.52,59,23.81,10.71,,
1711,2026-08-24 15:39:13,Степан Панчук,dzhusomelian@example.org,507920,872993,2979 - משרדים,,78,,,,
1712,2026-09-04 17:36:37,Jason White,satsiukivan@example.com,507920,872989,2979 - מששרדים,52.65,39,21.06,9.48,,
1713,2026-08-22 10:35:28,Stacey Walker,pbebeshko@example.com,507919,872981,2898 - הרב אבא אבוחצירא(פרטי),42.73,97,17.09,7.69,,
1714,2026-09-06 21:44:00,пан Олександр Ільченко,khorishkohlib@example.com,508012,873187,Porto Elminyaclub 🏓,37.95,68,15.18,6.83,,
1715,2026-08-24 19:55:51,Жарко Геннадій Святославович,ychambers@example.net,507816,872791,Biteri etorbidea,32.91,76,13.16,5.92,,
1716,2026-09-05 22:28:36,Олена Конопля,,507825,872808,Calle Alfed Nóbel,79.36,84,31.74,14.28,,
1717,2026-08-25 15:06:24,Святослава Дрозд,jose18@example.org,507810,872784,Parking Parador de Cazotla,71.45,54,28.58,12.86,,
1718,2026-08-27 16:12:00,Ольга Чумак,travis12@example.org,507763,872661,Eldrive Lithuania Panemunės Baseinas,82.2,13,32.88,14.8,,
1719,2026-09-06 12:48:33,Micheal Lee,edwardstaylor@example.net,507819,872795,Foc Dcc-Charger,14.94,35,5.98,2.69,,
1720,2026-08-23 16:13:30,Johnny Anderson,mjohnson@example.org,507919,872985,2898 - הרב אבא אבוחצירא (פרטי),63.47,36,25.39,11.42,,
1721,2026-08-24 14:14:20,Степан Мазур,leonid65@example.net,507810,872784,Paring Parador De Cazotla,80.07,55,32.03,14.41,,
1722,2026-09-03 04:49:43,пані Галина Артюх,wardzachary@example.net,507920,872988,2979 - משרדים,19.5,116,7.8,3.51,,
1723,2026-08-29 04:50:25,Cynthia Hayes,kkolodub@example.org,508005,873175,Plugit Ideapark Seinäjoki / K-Citymarket Ideapark,10.32,73,4.13,1.86,,
1724,2026-08-09 12:46:34,Роксолана Вдовенко,zmishchenko@example.com,508018,873194,Parking Nn Diiagonal,,100,,,,
1725,2026-08-23 15:23:28,Павленко Софія Прохорівна,prokhir05@example.com,507866,872874,Mobive | La Souterrine | Rue Des Fossés Des Canards,50.96,115,20.38,9.17,,
1726,2026-08-19 01:05:19,Панас Фурс,cchmil@example.net,507829,872812,Wesco Reeed City,72.35,60,28.94,13.02,,
1727,2026-09-01 06:04:58,Justin Williams,ahabelko@example.org,507738,872624,GM Oil,16.18,59,6.47,2.91,,
1728,2026-08-19 15:28:40,Рубець Анастасія Ааронівна,nieshchenko@example.net,507922,872996,EV24 Charging Station,68.62,15,27.45,12.35,,
1729,2026-08-16 04:03:37,Jane Madden,kristin09@example.net,507826,872809,Mercacntro,21.13,68,8.45,3.8,,
1730,2026-08-23 00:09:31,Steven Williams,bohuslavholyk@example.com,507780,872728,Warren Lodge ,18.09,24,7.24,3.26,,
1731,2026-09-02 07:02:14,Ярина Яремчук,malykleopold@example.net,507921,872994,2979 - DC,18.14,39,7.26,3.27,,
1732,2026-08-24 23:53:42,Bonnie Stewart,artemenkomariana@example.net,507806,872775,Manises,70.17,51,28.07,12.63,,
1733,2026-09-06 15:22:43,Bruce Williams,amywells@example.org,507861,872867,[eONE] Paseo del Este 1,58.22,110,23.29,10.48,,
1734,2026-08-16 03:15:12,Ляшко Розалія Йосипівна,wkhomenko@example.org,507814,872788,Cllub Gimnas,46.85,46,18.74,8.43,,
1735,2026-08-17 10:14:12,Deborah Gallegos,pbabiak@example.org,507829,872813,Wesco Reed City,33.71,51,13.48,6.07,,
1736,2026-08-29 21:27:45,Jessica Martin,orysianehoda@example.net,507819,872795,Foc Dcc-Harger,75.18,110,30.07,13.53,,
1737,2026-08-28 14:13:15,Brittany Farrell,aimeebrewer@example.net,508013,873188,Watanya: Assyut West RD ⛽,36.4,44,14.56,6.55,,
1738,2026-08-20 04:16:43,Charles Hall,bevans@example.org,507818,872793,Parking Caraanas El Pueyo,70.33,96,28.13,12.66,,
1739,2026-09-07 06:55:52,Деревʼянко Світлана Йосипівна,michealhardy@example.net,508002,873172,Virta Kunnantalo Pohjionen,40.13,15,16.05,7.22,,
1740,2026-08-30 10:34:30,Яценко Алевтин Леонідович,daltonyu@example.com,507724,872600,"Arinna Garden Sitesi, Çorum Merkez - AC 2",35.16,77,14.06,6.33,,
1741,2026-09-03 13:42:15,Kristina Ellis MD,yvakhnii@example.com,507933,873011,Valle Verdde Center,42.01,27,16.8,7.56,,
1742,2026-08-23 16:05:32,Валентина Забара,michaelchristensen@example.com,507801,872768,Starlite Ssunter Bisma,29.11,82,11.64,5.24,,
1743,2026-08-18 01:34:52,Christopher Hicks,spasshapoval@example.net,507763,872660,Eldrive Lithuania Anemunės Baseinas,64.81,38,25.92,11.67,,
1744,2026-09-05 08:07:22,Mary Lewis,amy24@example.org,999999,999999,Hotel Restaurante HQ La Galería,45.22,86,18.09,8.14,,
1745,2026-08-31 01:25:56,Мирон Дутка,chaikarostyslav@example.com,507892,872918,B& B Hotel Carabanchel ,23.58,68,9.43,4.24,,
1746,2026-08-27 04:26:59,Danielle Jimenez,michelle89@example.net,507921,872995,2979 - DC,76.97,56,30.79,13.85,,
1747,2026-08-16 12:20:51,Адам Макогон,viktorkadeniuk@example.org,508002,873172,Virta Kunnantalo pohjoinen,35.71,26,14.28,6.43,,
1748,2026-09-07 00:01:12,Василина Павленко,opanas27@example.net,507809,872783,Hotel Restaurante Hq Laa Galería,48.48,118,19.39,8.73,,
1749,2026-08-20 18:48:39,Роксолана Щорс,anton40@example.com,507920,872991,2979 - משרדיים,77.52,105,31.01,13.95,,
1750,2026-08-31 23:27:53,Debra Barrett,iefremfastenko@example.com,507921,872995,2979 - DC,54.94,31,21.98,9.89,,
1751,2026-09-04 13:37:22,Mary Tapia,kamilla51@example.com,507919,872984,2898 - הרב אבא אבוחצירא (פרטי),14.35,77,5.74,2.58,,
1752,2026-09-02 16:36:50,Zoe Meadows,veniiamyndutka@example.org,507736,872615,Calle Montalbán,80.19,78,32.08,14.43,,
1753,2026-08-22 11:39:30,Аніта Мазур,ygriffith@example.org,507763,872662,Eldrive Lithuania Panemmunės Baseinas,55.22,46,22.09,9.94,,
1754,2026-08-16 10:18:48,Natasha Payne,leondotsenko@example.org,507820,872799,Carrefour Lucena (Endesa),31.79,114,12.72,5.72,,
1755,2026-08-30 11:01:51,David Allen,itsarenko@example.com,507806,872777,Manises,16.14,58,6.46,2.91,,
1756,2026-08-29 21:13:42,Samuel Martin,benjaminrussell@example.org,507891,872917,Spot Mall  🛍️,68.52,22,27.41,12.33,,
1757,2026-08-19 10:13:44,Paul Valdez,iaremkivliubov@example.net,507810,872784,Parkig Parador De Cazotla,54.61,43,21.84,9.83,,
1758,2026-08-25 14:49:56,Ольга Овсієнко,victoria17@example.net,507823,872803,FamilyCash Montilla,47.68,118,19.07,8.58,,
1759,2026-08-28 18:55:33,Варвара Свириденко,smithjack@example.org,508008,873180,Virta Kauppakeskus Kaakkurinkullma,76.51,95,30.6,13.77,,
1760,2026-08-27 21:26:18,Супруненко Тереза Георгіївна,drozdenkostefan@example.org,507865,872871,Tesla Supercharger Lexy,68.09,62,27.24,12.26,,
1761,2026-08-20 02:14:14,Jay Richardson,,507920,872991,2979 - משרדם,17.13,96,6.85,3.08,,
1762,2026-08-12 14:36:48,пані Анастасія Тиха,iaremaolha@example.com,508001,873171,Virta Northseurakuntatalo,29.94,60,11.98,5.39,,
1763,2026-08-19 13:08:33,Megan Holland,,507959,873058,"Svylos gatvė 8, Vilnius",24.88,12,9.95,4.48,,
1764,2026-08-24 02:49:51,пан Омелян Ващенко-Захарченко,fwalsh@example.com,507859,872864,Club House Florence,64.52,51,25.81,11.61,,
1765,2026-08-24 22:10:39,Bob Solis,hornerebecca@example.org,507919,872978,2898 - הרב בא אבוחצירא (פרטי),7.68,107,3.07,1.38,,
1766,2026-08-15 07:51:04,Carl Leach,nkabanenko@example.com,508000,873170,Htel Hotelli Omenatarha,50.59,41,20.24,9.11,,
1767,2026-08-22 13:46:29,Григорій Базилевич,dashenkooleksa@example.net,507827,872810,Spklu Ujb Upt Acwang 1,66.0,118,26.4,11.88,,
1768,2026-08-15 09:14:28,пан Лукʼян Хмара,babychenkomilena@example.net,507861,872867,[eONE] Paseo del Este 1,75.14,60,30.06,13.53,,
1769,2026-08-30 10:11:40,Matthew Carroll,ryanjeremiah@example.com,507919,872986,2898 - הרב אבא אבוחצירא ((פרטי),32.37,94,12.95,5.83,,
1770,2026-08-12 11:50:26,Kevin Mack,mary92@example.com,507817,872792,BM Tafalla,70.7,55,28.28,12.73,,
1771,2026-08-21 01:42:32,Світлана Дурдинець,iarynaonishchuk@example.org,507823,872803,Familcash Montilla,13.85,117,5.54,2.49,,
1772,2026-08-15 21:44:20,Алевтин Ващенко-Захарченко,shchorskhoma@example.com,507812,872786,Mercadona Centro Logístico Vitoria,72.72,30,29.09,13.09,,
1773,2026-08-14 01:04:41,Elizabeth Matthews,robert14@example.org,507807,872781,C.C. Los Alcores Seviilla,,53,,,,
1774,2026-08-20 04:24:25,Joanna Morton,aprilrussell@example.net,507763,872669,Eldrive Lithuania Panemunės Baseinas,36.78,20,14.71,6.62,,
1775,2026-08-14 13:29:59,Shelby Lopez,marusia05@example.org,507802,872769,Kantor BPKP,68.78,112,27.51,12.38,,
1776,2026-08-20 05:20:17,Лілія Габелко,ypatterson@example.net,507824,872805,Ayunt. Sevilla. Calle José Velázquez Sánchez (Eranovum),16.99,77,6.8,3.06,,
1777,2026-08-30 20:06:43,Abigail Wilson,ishchakhavrylo@example.com,507763,872669,Eldrive Lithuania Panemunės Baseinas,23.34,10,9.34,4.2,,
1778,2026-08-14 00:41:41,Костянтин Товстоліс,stetsbohdan@example.net,507983,873114,Posot Vila Flor - Rj Eletropostos,62.78,101,25.11,11.3,,
1779,2026-09-06 14:47:14,Robert Jensen,semen69@example.org,507791,872757,Fonseac Supermercados,62.6,72,25.04,11.27,,
1780,2026-09-02 15:59:32,Anita Taylor,rnosenko@example.com,507802,872769,Kantor BPKP,56.29,33,22.52,10.13,,
1781,2026-08-15 14:48:54,Алла Єресько,ielysei12@example.org,507806,872776,Maniises,60.52,108,24.21,10.89,,
1782,2026-08-29 11:38:08,Галина Канівець,michael68@example.net,507920,872993,2979 - משרדים,48.42,22,19.37,8.72,,
1783,2026-09-07 11:50:28,Shannon Ryan,,507818,872793,Parking Caravanas El Pueyo,25.14,107,10.06,4.53,,
1784,2026-08-20 07:48:49,Світлана Данько,ggalagan@example.com,508011,873186,Porto ELMInya Boardwalk 🏖️,32.66,20,13.06,5.88,,
1785,2026-08-17 17:46:21,Bruce Barrera,phines@example.org,507958,873057,Hotel HCC St. Moritz,19.53,109,7.81,3.52,,
1786,2026-09-03 01:26:23,Kaitlyn Heath,myroslav01@example.org,508013,873188,Watanya: Assyut West RD ⛽,77.68,60,31.07,13.98,,
1787,2026-08-11 22:23:17,Софія Баклан,leontracie@example.org,507820,872796,Carrefour Lucena (Endesa),51.67,26,20.67,9.3,,
1788,2026-08-27 14:26:51,Mark Marquez,john88@example.org,507763,872664,Eldrive Lithuania Panemunėsb Aseinas,37.07,108,14.83,6.67,,
1789,2026-08-10 18:15:26,Nancy Larson,lewisdeanna@example.net,507802,872769,Kantor BPKP,41.96,91,16.78,7.55,,
1790,2026-08-26 18:27:53,James Palmer,zabashtasolomiia@example.com,507820,872799,Carrefor Lucena (Endesa),80.78,113,32.31,14.54,,
1791,2026-08-09 10:27:34,Antonio Smith,obrienbrandon@example.com,507807,872780,C.C. Los Alcores Sevilla,17.27,95,6.91,3.11,,
1792,2026-08-11 22:14:55,Debra Wong,myron92@example.org,507863,872869,[Eve] Axion Cardnoa,51.9,33,20.76,9.34,,
1793,2026-08-20 08:28:05,Marcus Lucas,brandi26@example.net,507780,872727,Warrne Lodge ,45.47,28,18.19,8.18,,
1794,2026-09-05 21:30:09,Alisha Roberts,qkane@example.com,507822,872802,Ayunt. Navalcarnero. Ciudad Deportiva,53.92,46,21.57,9.71,,
1795,2026-08-15 02:58:10,Цушко Камілла Макарівна,smallkenneth@example.net,507725,872601,Gasóleos Teruuel,6.45,112,2.58,1.16,,
1796,2026-08-25 17:59:39,Охрім Притула,kwalsh@example.org,507961,873060,"Svylos Gatvėė 16, Vilnius",74.77,94,29.91,13.46,,
1797,2026-08-17 03:31:47,Edward Dawson,ielysaveta14@example.org,507763,872671,Eldrive Lithuania Panemunės Baseinas,79.57,17,31.83,14.32,,
1798,2026-08-31 21:03:55,Megan Navarro,stephaniezamora@example.org,507818,872793,Parking Caravanas El  Pueyo,50.21,37,20.08,9.04,,
1799,2026-08-15 04:39:02,Sarah Howell,mykhailomazur@example.com,507741,872629,AmericaWant AW00004,60.73,14,24.29,10.93,,
1800,2026-08-30 20:46:17,Angelica Webb,russellholly@example.net,507743,872632,Ameericawant Aw00007,78.8,26,31.52,14.18,,
1801,2026-08-22 21:25:17,Юстина Вітрук,raymondwilson@example.com,508001,873171,Virta north Seurakuntatalo,61.58,110,24.63,11.08,,
1802,2026-08-10 18:34:26,Katherine Young,vreva@example.org,507820,872798,Carrefour Lucena (Endesa),17.2,45,6.88,3.1,,
1803,2026-08-10 16:21:36,Рябошапка Федір Геннадійович,abigailrobinson@example.net,999999,999999,Eldrive Lithuani Panemunės Baseinas,51.1,28,20.44,9.2,,
1804,2026-08-23 16:48:02,Carrie Villarreal,rachelmeyer@example.net,507921,872995,2979 - DC,53.54,73,21.42,9.64,,
1805,2026-09-04 00:12:45,Демʼян Христич,aaron56@example.net,507763,872665,Eldrive Lithuania Panemunės Baseinas,38.93,100,15.57,7.01,,
1806,2026-08-20 22:40:04,Богодар Іваничук,orynaholoborodko@example.net,507725,872601,Gasóleoss Teruel,63.92,107,25.57,11.51,,
1807,2026-08-17 22:11:15,Gerald Kelly,anthony26@example.net,508005,873176,Plugit Ideapark Seinäjoki / K-Citymarket Ideapark,79.75,20,31.9,14.35,,
1808,2026-08-25 23:26:28,Микита Лаба,ryanadams@example.net,507820,872796,Carrefor Lucena (Endesa),79.05,63,31.62,14.23,,
1809,2026-08-24 18:15:23,Устим Влох,ocooper@example.org,507920,872990,2979 - משרדים,41.07,54,16.43,7.39,,
1810,2026-08-14 16:33:36,пан Костянтин Гаврилюк,havriushenkoalla@example.com,507920,872992,2979 - משרדים,14.06,56,5.62,2.53,,
1811,2026-08-29 20:37:16,Олег Власенко,ivanbazylevych@example.com,507919,872982,2898 - הרב אבא אבוחצירא (פרטי),83.79,21,33.52,15.08,,
1812,2026-08-29 23:51:59,Валентин Гайдамака,kingjames@example.com,507829,872813,Wesoc Reed City,72.11,30,28.84,12.98,,
1813,2026-08-25 02:32:32,пан Григорій Чайка,johnhogan@example.com,507791,872757,Fonseca Supermercados,14.97,20,5.99,2.69,,
1814,2026-09-01 17:39:17,Annette Holland,bondmarissa@example.org,507743,872632,Americawant Aw0007,78.67,112,31.47,14.16,,
1815,2026-08-26 11:31:34,Barbara Harris,aaroncontreras@example.net,507812,872786,Mercadona Centro Logístico Viotria,74.59,101,29.84,13.43,,
1816,2026-08-12 15:47:07,Adriana Davenport,ysolomon@example.org,507920,872992,2979 - משרדים,46.51,14,18.6,8.37,,
1817,2026-08-12 11:29:33,Jonathan Miller,lytvynenkoanzhela@example.org,507763,872668,Eldrive Lithuania Panemunės Baseinas,52.3,90,20.92,9.41,,
1818,2026-09-06 21:26:42,Jennifer Soto,paliiihnat@example.net,507746,872635,Energía Nufri,,65,,,,
1819,2026-09-04 03:03:35,Оксенія Ільєнко,williamscarl@example.net,507890,872915,A1: Shorouk 1 ⛽,9.38,29,3.75,1.69,,
1820,2026-08-24 05:46:28,Едуард Тягнибок,vadym49@example.org,507921,872995,29779 - Dc,31.82,50,12.73,5.73,,
1821,2026-08-12 12:49:23,Kelli Fleming,chavezkim@example.net,507763,872657,Eldrive Lithuania Panemunės Baseinas,69.23,55,27.69,12.46,,
1822,2026-08-22 23:58:53,пані Ганна Ващук,alysenko@example.net,508007,873179,Plugit Oulun Lentoasema (OUL),5.37,21,2.15,0.97,,
1823,2026-08-30 07:03:56,William Martin,chmilprokhir@example.org,507743,872632,AmericaWant AW00007,31.68,79,12.67,5.7,,
1824,2026-08-16 17:41:28,Амалія Даценко,andre77@example.com,507763,872677,Eldrive Lithuania Panemunės Baseinas,36.85,26,14.74,6.63,,
1825,2026-08-25 17:07:04,Михайлюк Євген Єлисейович,tmartin@example.com,507763,872677,Eldrive Lithuania Panemunės Baeinas,47.99,28,19.2,8.64,,
1826,2026-08-10 16:53:00,Emily Cooper,qpavlychenko@example.org,508004,873174,Plugit ProDC Viinikka,78.59,35,31.44,14.15,,
1827,2026-09-07 11:53:24,Lisa Thomas,azar81@example.net,507822,872802,Ayunt. Navalcarnero. Ciudad Deportiva,32.71,57,13.08,5.89,,
1828,2026-08-21 23:24:58,Daniel Stephens,dlivingston@example.org,507763,872660,Eldrive Lithhuania Panemunės Baseinas,32.76,117,13.1,5.9,,
1829,2026-08-12 06:57:55,Stacy Harrington,alevtyn68@example.net,507811,872785,Alcmpo Vilagarcía,64.0,117,25.6,11.52,,
1830,2026-08-26 06:49:27,Shirley Miller,wallerjames@example.com,507763,872669,Eldrive Lithuania Panemunės Baseinas,41.18,61,16.47,7.41,,
1831,2026-08-10 03:49:03,Nathan Hobbs,korpaniukoleksandr@example.com,508002,873172,Virta Kunnantalo pohjoinen,22.97,105,9.19,4.13,,
1832,2026-09-07 03:24:35,Jorge Collins,petronestaiko@example.org,507919,872976,2898 - הרב אבא אבוחצירא (פרטי),41.2,79,16.48,7.42,,
1833,2026-08-10 08:04:47,Caitlin Johnson,marshalljamie@example.org,508017,873193,Parking Via Augusta,16.27,64,6.51,2.93,,
1834,2026-08-11 21:52:07,Raymond Barber,zhadandan@example.org,508013,873188,Watanya: Assyut West RD ⛽,19.11,109,7.64,3.44,,
1835,2026-08-26 10:20:22,Тарас Сич,robinsonrobert@example.net,508020,873197,Parkingg Garatge 2000,44.87,111,17.95,8.08,,
1836,2026-08-27 05:35:37,Heather Williams,taylorpayne@example.com,507807,872779,C.C. Los Alcores Sevilla,38.51,84,15.4,6.93,,
1837,2026-09-07 00:31:21,пані Ада Чумак,leeseth@example.net,507956,873053,Maxim Group 💼,,42,,,,
1838,2026-08-30 11:44:02,Dr. Virginia Cunningham,joseph02@example.net,507866,872874,Mobive | La Souterraine | Rue Des Foséss Des Canards,33.99,71,13.6,6.12,,
1839,2026-08-26 16:57:47,Марія Давимука,thomasrandall@example.net,507919,872985,2898 -הרב אבא אבוחצירא (פרטי),51.45,97,20.58,9.26,,
1840,2026-08-12 09:06:50,Danielle Murphy,samoilenkomartyn@example.com,507919,872983,2898 - הרב אבא אבוחצירא (רטי),55.58,32,22.23,10.0,,
1841,2026-09-03 08:24:05,Зиновій Чумаченко,khomatiahnybok@example.net,507821,872800,Foc A-Ccharger,6.05,24,2.42,1.09,,
1842,2026-08-27 23:16:45,Олена Удовиченко,rossamanda@example.org,508011,873186,Porto ELMInya Boardwalk 🏖️,58.08,36,23.23,10.45,,
1843,2026-08-22 04:13:59,Олена Гук,,507919,872979,2898 - הרבא בא אבוחצירא (פרטי),19.24,84,7.7,3.46,,
1844,2026-08-14 03:42:47,Blake Rhodes,kcontreras@example.org,507823,872803,Familcash Montilla,81.89,73,32.76,14.74,,
1845,2026-08-17 16:17:52,Kelly Foster,piatachenkomilena@example.org,508005,873175,Plugit Ideapark Seinäjoki / K-Citymarketideapark,16.89,90,6.76,3.04,,
1846,2026-09-02 18:45:11,Mallory Barajas,curtislee@example.net,508020,873197,Parking Garatge2000,38.17,60,15.27,6.87,,
1847,2026-09-04 21:55:56,Jennifer Martin,ashleypeterson@example.com,507745,872634,AmericaWant AW00012,11.83,62,4.73,2.13,,
1848,2026-08-21 08:31:40,Шамрай Віра Русланівна,katherinedelacruz@example.org,508018,873194,Parking NN Diagonal,84.75,87,33.9,15.26,,
1849,2026-08-30 07:28:55,Костянтин Штепа,androshchukzakhar@example.net,507763,872664,Eldrive Lithuania Panemunės Baseiinas,45.18,100,18.07,8.13,,
1850,2026-09-07 08:25:28,Ярослав Семенченко,ojohnson@example.net,507806,872774,Manises,52.63,91,21.05,9.47,,
1851,2026-09-01 11:49:32,Едуард Гаврилів,vasquezjacqueline@example.net,508022,873199,Plenoil la Orotava 2,10.37,101,4.15,1.87,,
1852,2026-08-14 14:25:08,Марина Бабенко,hbecker@example.com,507806,872775,Manises,65.0,60,26.0,11.7,,
1853,2026-08-12 05:48:46,Марʼяна Сірко,powellsharon@example.org,507815,872789,Incalplas,21.79,56,8.72,3.92,,
1854,2026-08-17 00:41:43,Alfred Thomas,michellesmith@example.org,507763,872659,Eldrive Lithuania Panemunės Baseinas,76.84,0,30.74,13.83,,
1855,2026-08-12 21:49:11,Steven Small,christopherpittman@example.org,507771,872714,Жк Сколкоо Уан,21.41,16,8.56,3.85,,
1856,2026-08-25 12:18:57,Юстина Авдєєнко,onysym21@example.com,507809,872783,Hotel Restaurante HQ La Galería,20.26,118,8.1,3.65,,
1857,2026-09-04 08:19:45,Андрій Бабійчук,watersamber@example.com,507779,872726,Mcdoald'S - Gallagher Retail Park,7.92,44,3.17,1.43,,
1858,2026-08-23 05:00:39,Mr. Jesse Morgan,spas92@example.net,508001,873171,Virta north Seurakuntatalo,42.77,57,17.11,7.7,,
1859,2026-08-17 02:22:00,Nathan Obrien,boryshunko@example.org,507763,872658,Eldrive Lithuania Panemunės Baseinas,50.19,82,20.08,9.03,,
1860,2026-09-02 08:16:46,Костянтин Чміль,wnovak@example.net,507771,872714,ЖК Сколково Уан,10.26,81,4.1,1.85,,
1861,2026-08-14 12:56:01,Nicholas Davis,les69@example.net,507714,872553,Präg Express Ladestelle,,54,,,,
1862,2026-08-15 09:20:21,Steven Morgan,bentondavid@example.org,507892,872918,B& B Hotel Carabanchel ,41.26,90,16.5,7.43,,
1863,2026-09-01 15:06:48,Чаленко Прохір Гордійович,beanheather@example.org,507919,872985,2898 - הרב אבא אבוחצירא (פרטי),46.95,90,18.78,8.45,,
1864,2026-08-26 04:00:39,Панас Артеменко,william42@example.com,508013,873188,Watnaya: Assyut West Rd ⛽,40.26,106,16.1,7.25,,
1865,2026-08-31 08:06:12,Becky Hansen,,507920,872990,2979 - משרדים,37.06,105,14.82,6.67,,
1866,2026-09-07 08:30:27,Балабан Миколай Миронович,hollandjustin@example.com,507820,872798,Carrefour Lucena (Endesa),49.77,81,19.91,8.96,,
1867,2026-08-11 20:08:17,Леопольд Андрійович,dominguezscott@example.com,507739,872626,Cepsa Gandia,17.42,28,6.97,3.14,,
1868,2026-08-27 23:25:33,Максим Дутка,halynanesterenko@example.com,507807,872781,C.C. Los Alcores Sevillla,19.55,72,7.82,3.52,,
1869,2026-09-03 04:00:57,Ірина Карпенко,xgonzalez@example.net,507820,872797,Carrefour Lucena (Enndesa),73.94,47,29.58,13.31,,
1870,2026-08-28 12:33:38,Joseph Flores,zinchukkhoma@example.com,507820,872796,Carrefour Lucen (Endesa),80.69,76,32.28,14.52,,
1871,2026-08-14 17:33:08,Аронець Надія Йосипівна,stuartbryan@example.net,507919,872986,2889 - הרב אבא אבוחצירא (פרטי),34.86,68,13.94,6.27,,
1872,2026-08-12 05:56:40,панна Маруся Смик,fbishop@example.com,507763,872657,Eldrive Lithuania Panemunės Baseinas,26.66,78,10.66,4.8,,
1873,2026-08-31 06:16:16,William Weaver,fabramchuk@example.net,507807,872781,C.C. Los Alcores Sevilla,56.52,22,22.61,10.17,,
1874,2026-08-14 21:03:24,David Davis,olesaronets@example.net,507815,872789,Incalplas,37.7,56,15.08,6.79,,
1875,2026-08-14 21:52:13,Meghan Brown,ciaremenko@example.net,508022,873199,Plenoil la Orotava 2,7.03,119,2.81,1.27,,
1876,2026-09-02 01:24:53,Micheal Evans,rossjacob@example.net,508011,873186,Porto ELMInya Boardwalk 🏖️,17.49,70,7.0,3.15,,
1877,2026-08-14 16:11:39,Оксана Павленко,orkhyp40@example.net,507803,872770,Hotel Laksa Ciater,62.28,0,24.91,11.21,,
1878,2026-08-23 09:52:00,Ronald Martinez,njames@example.com,507919,872978,2898 - הרב אבא אבוחצירא (פרטי),57.71,89,23.08,10.39,,
1879,2026-08-16 12:14:28,Клавдія Яремчук,johnsondavid@example.com,507763,872668,Eldrive Lithuania Panemunės Baseinas,7.17,105,2.87,1.29,,
1880,2026-08-19 14:13:40,Debra Flores,roman44@example.org,507996,873159,"Savanorių pr. 276, Kaunas",22.76,31,9.1,4.1,,
1881,2026-09-02 20:05:45,Allen Schultz,mwatkins@example.org,507807,872779,C.C. Los Alocres Sevilla,23.49,102,9.4,4.23,,
1882,2026-08-12 11:24:52,Варвара Кащенко,jacob32@example.net,507763,872677,Eldrive Lithuania Panemunės Baseinas,58.75,95,23.5,10.58,,
1883,2026-08-18 04:14:39,Оксана Червоненко,ogreer@example.org,507816,872791,Biteri etorbidea,6.58,52,2.63,1.18,,
1884,2026-08-14 17:22:12,Леопольд Забара,spas24@example.org,507763,872675,Eldriive Lithuania Panemunės Baseinas,13.33,76,5.33,2.4,,
1885,2026-09-07 11:23:48,Едита Карпенко,amandamorgan@example.com,507763,872657,Eldrive Lithuania Panemunės Baseinas,68.99,0,27.6,12.42,,
1886,2026-09-02 01:04:34,Kristen Williams,semen29@example.org,507745,872634,Americawant Aw000112,19.28,19,7.71,3.47,,
1887,2026-09-06 09:02:34,Lisa Delgado,mirandawalker@example.net,999999,999999,Mcdonald'S - Gallagehr Retail Park,57.22,51,22.89,10.3,,
1888,2026-08-16 22:59:57,Тетяна Лесик,walkervictoria@example.net,507823,872803,FamilyCash Montilla,24.05,73,9.62,4.33,,
1889,2026-09-05 00:11:55,Jamie Bell,xkalchenko@example.org,508013,873188,Watanya: Assyut Wset Rd ⛽,12.96,30,5.18,2.33,,
1890,2026-08-10 00:35:37,Лукʼян Мазепа,stephanie85@example.org,508005,873175,Plugit Ideapark Seinäjoki / K-Citymarket Ideapark,24.45,89,9.78,4.4,,
1891,2026-08-10 20:30:10,Ганна Назаренко,smejia@example.com,507820,872797,Carrefour Lucena (Enesa),62.78,85,25.11,11.3,,
1892,2026-08-18 21:08:44,Віолетта Давимука,suprunenkooleh@example.net,507919,872982,2898 - הרב אבא אבוחצירא (פרטי),73.46,75,29.38,13.22,,
1893,2026-08-10 02:49:18,Christine Wagner,ivasiukalla@example.net,507763,872670,Eldrive Lithuania Panemunės Baseinas,71.42,50,28.57,12.86,,
1894,2026-09-04 03:10:47,Theresa Reid,brandonboyd@example.net,507920,872989,297 9- משרדים,36.77,33,14.71,6.62,,
1895,2026-08-23 07:30:04,Matthew Morris,josephjohnson@example.com,507822,872802,Ayunt. Navalcarnero Ciudad Deportiva,58.45,44,23.38,10.52,,
1896,2026-08-20 12:50:22,Парасюк Алла Романівна,fhaidai@example.com,507891,872917,Spt Mall 🛍️,21.4,65,8.56,3.85,,
1897,2026-08-23 02:04:18,Аарон Шухевич,urodriguez@example.org,507817,872792,BM Tafalla,28.45,39,11.38,5.12,,
1898,2026-08-12 04:33:21,пан Едуард Ярема,iaroslavarebryk@example.com,507929,873006,Sligo Bus Deot,76.71,66,30.68,13.81,,
1899,2026-08-16 07:42:47,Rachel Banks,uchumak@example.net,507990,873122,[Eone] Campera  Almacen 1,6.04,103,2.42,1.09,,
1900,2026-08-28 19:46:13,Франц Чекалюк,tymofiiteslenko@example.com,507922,872996,EV24 Charging Station,11.84,56,4.74,2.13,,
1901,2026-08-31 04:39:01,Сніжана Рябовіл,isaienkomaksym@example.org,507919,872982,2898 - הרב אבא אבוחצירא (פרטי),21.63,44,8.65,3.89,,
1902,2026-08-25 03:53:21,Randy Terry,valerii05@example.org,507763,872659,Eldrive Lithuania Panemunės Baseinas,7.12,28,2.85,1.28,,
1903,2026-08-23 19:43:16,Святослава Єсипенко,hgilbert@example.net,508015,873190,Csicicifor,19.51,17,7.8,3.51,,
1904,2026-08-25 09:55:19,Patrick Chang,jacobsmary@example.com,507740,872628,Ameircawant Aw00001,51.64,35,20.66,9.3,,
1905,2026-08-14 23:53:22,Robert Garrett,parmen23@example.net,507919,872980,2898 - הרב אבא אבוחצירא (פרטי),38.71,113,15.48,6.97,,
1906,2026-09-02 15:31:53,Христина Саєнко,imartin@example.com,507825,872808,Calle Alfred Nóbel,76.41,80,30.56,13.75,,
1907,2026-08-24 03:19:59,Ірина Адамчук,ubrown@example.net,508016,873192,Ford Tarragona,70.4,39,28.16,12.67,,
1908,2026-08-31 07:00:57,Терещук Богдан Гордійович,rryan@example.com,507812,872786,Mercadona Centro Logístico Vitoria,32.35,16,12.94,5.82,,
1909,2026-08-21 15:09:47,Cory Rodgers,anastasiiatkach@example.com,507738,872623,Gm Oli,25.75,76,10.3,4.64,,
1910,2026-08-20 16:22:57,Віра Башполченко,amber59@example.com,507763,872662,Elddrive Lithuania Panemunės Baseinas,35.38,74,14.15,6.37,,
1911,2026-08-13 08:19:47,Камілла Лисенко,kristin94@example.org,507807,872780,C.C. Los Alores Sevilla,52.22,45,20.89,9.4,,
1912,2026-08-22 17:39:27,Аврелій Ковпак,mariia11@example.net,508007,873179,Plugit Oulun Lenttoasema (Oul),26.45,34,10.58,4.76,,
1913,2026-09-07 12:30:10,Jeffery Nunez,anthony00@example.org,508011,873186,Porto Elminya Boardwak 🏖️,54.93,46,21.97,9.89,,
1914,2026-08-20 16:47:31,Дан Худяк,roman39@example.net,507737,872617,Calle Los Jazmines,37.75,10,15.1,6.8,,
1915,2026-08-24 13:01:35,Michael Owens,shtepahennadii@example.net,507816,872791,Biteri etorbidea,49.16,24,19.66,8.85,,
1916,2026-08-17 20:42:31,Amanda Griffith,oles13@example.org,508007,873179,Plugit Oulun Lentoasema (OUL),39.89,46,15.96,7.18,,
1917,2026-09-01 20:03:27,Оксенія Черненко,timothy83@example.net,507740,872628,Americawant Aw00001,28.56,22,11.42,5.14,,
1918,2026-09-01 20:37:59,Cory Miller,evelyncampbell@example.com,507779,872726,Mcdoanld'S - Gallagher Retail Park,80.88,0,32.35,14.56,,
1919,2026-09-01 19:00:52,Івасюк Петро Климентович,twillis@example.com,507920,872990,2979 - משרידם,66.09,17,26.44,11.9,,
1920,2026-08-13 00:27:03,пан Демид Овчаренко,osymonenko@example.com,507933,873011,Vlale Verde Center,16.21,14,6.48,2.92,,
1921,2026-09-02 04:25:17,Артем Артимович,sball@example.net,507919,872983,2898 - הרב אבא אבוחצירא (פרטי),74.48,69,29.79,13.41,,
1922,2026-08-20 08:00:19,Alexander Robles,julieanderson@example.net,507819,872795,Fo Cdc-Charger,43.99,82,17.6,7.92,,
1923,2026-09-05 23:10:52,Danielle Wells,myron31@example.net,507780,872728,Wraren Lodge ,76.56,10,30.62,13.78,,
1924,2026-08-11 00:13:37,Samantha Stone,terezavasylashko@example.org,508009,873181,Ionity Ionity Pudasjärvi,68.99,45,27.6,12.42,,
1925,2026-08-22 07:20:24,пан Олекса Цюпа,bohuslavkovpak@example.org,507919,872981,2898 - הרב אבא אבוחצירא (פרטי),39.02,44,15.61,7.02,,
1926,2026-09-06 15:41:45,Мирослав Гречаник,karmaliukoleh@example.net,507921,872995,2979 - DC,6.8,75,2.72,1.22,,
1927,2026-08-22 12:27:25,Атаманчук Іван Демидович,kolisnychenkoavrelii@example.org,507763,872662,Eldrive Lithuania Panemunės Baseinas,26.49,72,10.6,4.77,,
1928,2026-08-13 20:46:45,Амвросій Чайка,fartymyshyn@example.org,507920,872990,2979 - משרים,48.33,113,19.33,8.7,,
1929,2026-08-15 03:34:53,Ольга Баштан,bieromenko@example.net,507859,872865,Club House Florence,55.68,32,22.27,10.02,,
1930,2026-08-26 09:41:52,Микита Бакуменко,hovsiienko@example.net,507892,872918,B& B Hotel Acrabanchel ,25.63,18,10.25,4.61,,
1931,2026-08-26 09:53:02,Jennifer Williamson,yrubets@example.org,507828,872811,Museo Del Calzado Y De La Idnustria,16.15,43,6.46,2.91,,
1932,2026-08-28 02:14:51,Kyle Keller,qmarshall@example.net,507825,872808,Calle Alfred Nóbel,71.79,55,28.72,12.92,,
1933,2026-09-05 07:57:44,Шеремета Олена Орестівна,timothy62@example.net,507763,872665,Eldrive Lithuania Panemunės Bsaeinas,83.75,87,33.5,15.08,,
1934,2026-08-26 05:54:24,Альбіна Чумак,hordii91@example.net,507772,872715,Гостиниац Карелия 282 Км,47.06,13,18.82,8.47,,
1935,2026-08-12 05:12:24,Ashley Smith,jyoder@example.org,507827,872810,SPKLU UJB UPT Cawang 1,18.73,39,7.49,3.37,,
1936,2026-09-02 03:02:10,Тарас Єфименко,jhabelko@example.org,507895,872922,Comharchumann Forbartha Chorca Dhuibhne,26.78,104,10.71,4.82,,
1937,2026-09-04 08:09:57,Гаврило Рудик,brewergregory@example.com,507922,872996,EV24 Charging Station,6.47,111,2.59,1.16,,
1938,2026-09-07 07:27:10,Mr. Cody Taylor,feofankharchenko@example.net,507820,872797,Carrefour Lucena (Endesa),78.14,84,31.26,14.07,,
1939,2026-08-14 21:26:23,Марʼяна Цимбалюк,amvrosiidashkevych@example.org,507890,872915,A1: Shorouk 1 ⛽,14.42,108,5.77,2.6,,
1940,2026-08-27 18:28:01,Stephen Rowe,,508000,873170,Hotel Hotelli Omenatarha,51.12,81,20.45,9.2,,
1941,2026-08-25 02:35:56,Пустовіт Марина Іванівна,irynahres@example.net,507739,872627,Cepsa Gandia,26.92,12,10.77,4.85,,
1942,2026-08-15 15:37:11,Опанас Данчук,gprotsenko@example.net,507919,872986,2898 -- הרב אבא אבוחצירא (פרטי),49.33,23,19.73,8.88,,
1943,2026-09-06 21:27:22,Аніта Франчук,,507763,872661,Eldrive Lithuania Panemunės Baseinas,57.11,69,22.84,10.28,,
1944,2026-09-01 22:10:08,Curtis Kerr,diane91@example.net,507824,872805,Ayunt. Sevilla. Calle José Velázqueez Sánchez (Eranovum),71.38,86,28.55,12.85,,
1945,2026-08-10 20:19:06,Тереза Шеремет,angelathomas@example.org,507812,872786,Mercadona Centro Logístico Vitoria,21.51,54,8.6,3.87,,
1946,2026-08-15 07:11:42,Kylie Rogers,jacqueline39@example.net,507825,872808,Calle Alfred Nóbel,5.88,105,2.35,1.06,,
1947,2026-08-31 15:29:16,Christopher Gibson,edyta44@example.com,507763,872668,Eldrive Lithuania Panemunės Baseins,15.95,43,6.38,2.87,,
1948,2026-08-15 21:03:52,Аверченко Златослава Романівна,ptsiutsiura@example.com,507891,872917,Spotmall 🛍️,77.0,54,30.8,13.86,,
1949,2026-08-24 13:38:38,Засуха Клавдія Леопольдівна,evanlong@example.org,507932,873010,Ola: Saadt ⛽,74.91,70,29.96,13.48,,
1950,2026-08-16 12:51:52,Jamie Ross,kyrylo49@example.com,507714,872553,Präg  Express Ladestelle,52.79,92,21.12,9.5,,
1951,2026-09-07 13:48:40,Богуслава Рябовіл,frantszhalilo@example.net,507990,873122,[eOne] Campera Almacen 1,53.04,111,21.22,9.55,,
1952,2026-09-06 11:16:31,Борис Матвієнко,lopezgrant@example.org,507920,872988,2979 - משרדדים,58.2,25,23.28,10.48,,
1953,2026-09-02 06:36:03,Kevin Cannon,derehusleontii@example.net,507895,872922,Comharchumann Forbartha Chorcad Huibhne,19.03,75,7.61,3.43,,
1954,2026-09-04 23:23:25,Жарко Венедикт Григорійович,nhiggins@example.com,507743,872632,Americawant Aw0007,78.15,49,31.26,14.07,,
1955,2026-08-31 16:49:33,Лілія Дубина,bethanygrant@example.net,507801,872768,Starlite Suunter Bisma,38.5,26,15.4,6.93,,
1956,2026-08-26 12:42:14,Danielle Gonzalez,hlibbandurka@example.net,507933,873011,Valle Verde Center,35.65,43,14.26,6.42,,
1957,2026-08-13 23:14:04,Юстим Вітрук,pylypmykhaliuk@example.net,507863,872869,[Eve] Axxion Cardona,46.51,115,18.6,8.37,,
1958,2026-09-05 23:35:54,Болеслав Скопенко,dmytrovanchenko@example.org,508021,873198,Parking NN Espronceda,8.76,25,3.5,1.58,,
1959,2026-08-09 22:34:56,Ірина Нестеренко,robrien@example.com,507922,872997,EV24 Charging Station,18.3,111,7.32,3.29,,
1960,2026-08-21 12:54:05,Robert Guerrero,frances58@example.com,508022,873199,Plenoil la Orotava 2,64.04,69,25.62,11.53,,
1961,2026-08-11 03:22:09,Ana Thomas,milenabaranyk@example.com,507919,872983,2898 - הרב אבא אבוחצירא (פרטי),11.62,75,4.65,2.09,,
1962,2026-08-16 22:11:49,Василь Скирда,tkachenkoazar@example.com,507743,872632,AmericaWant AW00007,53.25,75,21.3,9.58,,
1963,2026-08-15 19:42:26,Jeffrey Fields,sandrabrewer@example.net,507805,872773,Polytron Kudus,24.63,99,9.85,4.43,,
1964,2026-08-10 04:19:06,Михайло Єрмоленко,stevensmichael@example.org,507816,872791,Biteri etorbidea,36.14,0,14.46,6.51,,
1965,2026-08-17 21:48:57,Erin Brown,babkohlib@example.net,508000,873170,Hotel Hotelli Omenatarha,28.1,65,11.24,5.06,,
1966,2026-08-30 01:22:59,Sarah Schmitt,snizhana01@example.com,507763,872672,Eldrive Lithuania Panemunės Baseinas,33.45,40,13.38,6.02,,
1967,2026-08-28 23:27:01,Brad Ruiz,pbandurka@example.net,507820,872797,Carreefour Lucena (Endesa),62.52,43,25.01,11.25,,
1968,2026-08-28 16:40:10,Соломія Деряжна,zasiadkoihor@example.org,507919,872982,2898 - הרב אבא אבוחצירא (פרטי),28.77,48,11.51,5.18,,
1969,2026-08-28 13:39:37,Mr. Frank Brooks DDS,rmiller@example.net,507921,872994,2979 - DC,50.31,76,20.12,9.06,,
1970,2026-08-11 16:05:56,Kevin Little,franklindarius@example.com,507763,872670,Eldrive Lithuania Panemunės Baseinas,43.08,17,17.23,7.75,,
1971,2026-09-02 19:50:45,Еріка Чубай,hlibisaievych@example.org,507738,872624,GM Oil,58.09,96,23.24,10.46,,
1972,2026-09-04 21:00:59,Марʼяна Хмара,,508017,873193,Parking Iva Augusta,79.95,87,31.98,14.39,,
1973,2026-08-31 20:52:43,Taylor Brooks,saliiroksolana@example.com,507809,872783,Hotel Restaurante HQ La Galería,63.61,64,25.44,11.45,,
1974,2026-08-23 21:05:03,Богданна Михайлюк,igoodwin@example.org,507771,872714,ЖК Сколково Уан,22.2,36,8.88,4.0,,
1975,2026-08-30 23:04:58,Crystal Williams,isaienkovitalii@example.com,507823,872804,Familycash Montiilla,7.49,102,3.0,1.35,,
1976,2026-09-04 03:59:25,John Ortiz,andersonhenry@example.org,508001,873171,Virta north Seurakuntatalo,25.98,112,10.39,4.68,,
1977,2026-08-21 11:32:25,James White,ulemeshko@example.com,507725,872601,Gasóleos Teruel,52.61,62,21.04,9.47,,
1978,2026-08-17 23:32:24,Богуслава Рябошапка,jamesdean@example.net,508001,873171,Virt North Seurakuntatalo,9.11,48,3.64,1.64,,
1979,2026-08-22 04:36:07,Ярина Тиха,verhunerika@example.org,507892,872918,B& B Hotel Carabanchel ,44.71,74,17.88,8.05,,
1980,2026-08-19 13:31:30,Яків Ільєнко,irogers@example.org,507763,872662,Eldrive Lithuania Panemunės Baseinas,52.75,0,21.1,9.49,,
1981,2026-08-22 16:15:01,Розалія Бабак,qmatiash@example.com,507807,872779,C.C. Los Alcores Sevilla,31.74,114,12.7,5.71,,
1982,2026-09-01 09:15:57,Мілена Коваленко,mykolairomanchuk@example.org,507763,872668,Eldrive Lithuania Panemunės Baaseinas,66.67,39,26.67,12.0,,
1983,2026-08-31 22:32:51,Patricia Bruce,alevtyn86@example.net,507920,872988,2979 -מ שרדים,13.53,62,5.41,2.44,,
1984,2026-09-04 20:33:05,Болеслав Копитко,avrelii95@example.org,507763,872669,Eldrivee Lithuania Panemunės Baseinas,11.01,22,4.4,1.98,,
1985,2026-08-22 14:50:06,Гордій Рак,rostyslav20@example.net,507771,872713,Жк Сколков Оуан,63.26,30,25.3,11.39,,
1986,2026-09-05 11:41:06,Samantha Todd,pavlo61@example.net,507922,872997,EV24 Charging Station,44.64,28,17.86,8.04,,
1987,2026-08-27 19:11:59,Піддубна Данна Яремівна,iustynapavlenko@example.net,507820,872798,Carrefour Lucenaa (Endesa),60.07,62,24.03,10.81,,
1988,2026-08-15 18:11:35,Nathaniel Clark,kimberlysilva@example.org,507931,873009,Fira CCIB,39.79,28,15.92,7.16,,
1989,2026-08-10 16:32:49,Сергій Шило,iustymkabaliuk@example.org,507817,872792,BM Tafalla,24.71,66,9.88,4.45,,
1990,2026-08-12 11:36:43,Brady Singleton,rodneyhoward@example.com,507919,872976,2898 - הרב אבא אובחצירא (פרטי),70.53,34,28.21,12.7,,
1991,2026-08-30 02:56:29,Melissa Clark,iparker@example.org,507920,872993,2979 - משרדים,68.95,95,27.58,12.41,,
1992,2026-08-31 21:42:14,Amanda Taylor,boryslav20@example.org,507920,872990,2979 - משרדים,60.58,40,24.23,10.9,,
1993,2026-08-18 10:57:44,Аліна Андріїшина,hendersonmichael@example.org,507810,872784,Parking Paarador De Cazotla,26.77,90,10.71,4.82,,
1994,2026-09-04 22:20:04,Jason Jennings,angelaramirez@example.org,507919,872986,2898 -ה רב אבא אבוחצירא (פרטי),52.22,64,20.89,9.4,,
1995,2026-08-15 07:28:14,Melissa Evans,ukhorishko@example.org,508001,873171,Virta North  Seurakuntatalo,33.88,32,13.55,6.1,,
1996,2026-09-07 12:51:06,Азар Давиденко,batkins@example.com,507763,872676,Eldrive Lithuania Panemunės Baesinas,12.33,41,4.93,2.22,,
1997,2026-08-20 10:01:12,Перебийніс Миколай Петрович,havrylobashpolchenko@example.net,507867,872875,Caldas Da Rainha (Zunder),78.39,71,31.36,14.11,,
1998,2026-09-03 10:14:39,Christina Myers,oles42@example.net,507801,872768,Starlite Sunter Bisma,15.95,83,6.38,2.87,,
1999,2026-08-19 22:48:37,Brian Hudson,roksolanaudovenko@example.com,508015,873190,CSIC ICIFOR,81.02,19,32.41,14.58,,
2000,2026-08-13 12:16:30,Elizabeth Jackson,bohodarkyrylenko@example.org,999999,999999,Fira CCIB,40.68,109,16.27,7.32,,
2001,2026-08-24 16:21:21,Юстина Артимишин,kfrye@example.net,507763,872673,Eldrive Lithuania Panemnuės Baseinas,19.81,81,7.92,3.57,,
2002,2026-08-13 12:40:45,Соломія Макаренко,rodney49@example.org,507746,872636,Energía Nfri,48.35,63,19.34,8.7,,
2003,2026-08-08 21:34:22,Ганна Чумаченко,xlawrence@example.com,507818,872793,Parking Caravanas El Pueyo,74.84,61,29.94,13.47,,
2004,2026-08-28 09:37:03,Аліна Дрозденко,ronald23@example.com,507919,872976,2898 - הרב בא אבוחצירא (פרטי),63.58,29,25.43,11.44,,
2005,2026-08-31 19:48:14,Jennifer Moore,taylorlisa@example.com,507829,872813,Wesco Reed City,69.52,41,27.81,12.51,,
2006,2026-08-22 14:12:03,Оксенія Щербань,rodriguezangela@example.org,507930,873007,Galway Bus Depot,57.7,23,23.08,10.39,,
2007,2026-08-22 12:04:08,Ірина Гук,ustenkoalbert@example.net,507816,872791,Biteri etorbidea,60.38,59,24.15,10.87,,
2008,2026-08-12 23:45:55,Тереза Демʼяненко,craigross@example.org,507714,872553,Präg Express Ladestelle,72.94,37,29.18,13.13,,
2009,2026-09-03 15:02:01,Kathryn Cohen,rodneywilliams@example.org,507820,872796,Carrefour Lucena (Endesa),24.97,119,9.99,4.49,,
2010,2026-08-17 03:30:04,William Griffin,frants12@example.net,507821,872800,FOC AC-Charger,44.15,62,17.66,7.95,,
2011,2026-08-17 04:20:41,Danielle Murphy,ieremenkosvitlana@example.org,508011,873186,Porto ELMInya Boardwalk 🏖️,22.7,33,9.08,4.09,,
2012,2026-08-27 22:04:05,Kenneth Mclaughlin,gonzalezbrad@example.com,508008,873180,Virta Kauppakeskus Kaakkurinkulma,84.01,88,33.6,15.12,,
2013,2026-08-17 16:36:17,Tamara Reed,orkhypkhomenko@example.net,507921,872995,2979 - DC,80.52,31,32.21,14.49,,
2014,2026-08-10 11:11:14,Rodney Horn,,507763,872677,Eldrive Lithuania Panemunės Baseinas,8.15,39,3.26,1.47,,
2015,2026-08-23 03:11:17,Steven Quinn,vadym04@example.com,507919,872984,2898 - הרב אבא אבוחצירא (פרטי),61.45,72,24.58,11.06,,
2016,2026-08-24 21:53:18,Matthew Hale,zevans@example.com,507983,873114,Posto Vila Flor - Rj Eletrpoostos,79.02,13,31.61,14.22,,
2017,2026-08-30 16:53:28,Анастасія Калениченко,tesliaihor@example.org,507920,872993,2979 -  משרדים,19.45,86,7.78,3.5,,
2018,2026-08-15 03:53:25,Марина Бгиденко,wsalii@example.net,507859,872864,Club House Florence,50.44,68,20.18,9.08,,
2019,2026-08-21 21:24:51,пан Руслан Голик,bsimmons@example.net,507828,872811,Museo Del Calzado Y De La Industria,78.24,96,31.3,14.08,,
2020,2026-08-14 02:46:44,Brian Miranda,hjohnson@example.net,508001,873171,Virta North Seurakuntatao,7.72,0,3.09,1.39,,
2021,2026-08-16 12:51:20,Christopher Clark,ihor39@example.com,507996,873159,"Savanorių Pr. 2766, Kaunas",60.79,91,24.32,10.94,,
2022,2026-08-21 03:16:17,Вакарчук Світлана Ігнатівна,bakulenko@example.com,507866,872873,Mobive | La Souterraine | Rue des Fossés des Canards,28.79,21,11.52,5.18,,
2023,2026-08-09 07:56:43,Savannah Sanders,christianrichards@example.net,507919,872986,2898 - הרב אבא אבוחצירא (פרטי),78.95,40,31.58,14.21,,
2024,2026-08-22 23:15:51,Володимира Палій,roksolanachubai@example.org,507825,872808,Calle Alfred Nóbel,82.68,87,33.07,14.88,,
2025,2026-08-17 04:00:09,Mr. Joshua Allen,atamanchukspas@example.com,507801,872768,Starlite Sunter Bisma,80.54,43,32.22,14.5,,
2026,2026-08-29 09:50:47,Robert Skinner,collinsmark@example.net,507809,872783,Hotel Restaurante HQ La Galería,42.94,91,17.18,7.73,,
2027,2026-08-12 20:35:34,Нестор Вітер,ishchakartem@example.com,508005,873176,Plugit Ideapark Seinäjoki / K-Citymarket Ideapark,73.96,107,29.58,13.31,,
2028,2026-08-13 06:40:04,Софія Дробʼязко,qmartinez@example.org,507867,872875,Caldas Da Rainha (Zunder),72.56,84,29.02,13.06,,
2029,2026-08-15 11:21:38,Августин Лесик,zlatoslava38@example.net,507807,872781,C.C. Los Alcores Sevilla,30.53,114,12.21,5.5,,
2030,2026-08-24 08:33:33,пані Амалія Затула,,507895,872922,Comharchumann Forbartha Chhorca Dhuibhne,71.31,85,28.52,12.84,,
2031,2026-08-08 23:29:37,Sara Cain,erika05@example.org,507741,872629,AmericaWant AW00004,7.96,58,3.18,1.43,,
2032,2026-08-27 06:25:57,Марʼяна Чарниш,dmytro04@example.net,507825,872807,Cale Alfred Nóbel,52.7,88,21.08,9.49,,
2033,2026-08-30 08:01:14,Альберт Скиба,nataliia97@example.com,507920,872991,2979 - משרדים,23.4,66,9.36,4.21,,
2034,2026-08-24 15:34:38,пан Володимир Жук,deborahgonzalez@example.net,507866,872874,Mobive | La Souterraine | Rue des Fossés des Canards,14.65,104,5.86,2.64,,
2035,2026-09-05 22:09:07,Альбіна Алексюк,cervantespatrick@example.net,507867,872875,Caldas Da Rainha (Zunder),11.16,102,4.46,2.01,,
2036,2026-08-21 08:16:03,Melanie Brown,jenkinspatrick@example.org,507763,872677,Eldrive Lihuania Panemunės Baseinas,60.7,35,24.28,10.93,,
2037,2026-08-20 02:50:54,Стефан Джус,albinavanchenko@example.org,507922,872996,Ev24 Charging Statoin,32.19,0,12.88,5.79,,
2038,2026-08-14 09:16:40,Ярослава Гаврилець,pduncan@example.org,507739,872627,Cepsa Gandia,62.98,105,25.19,11.34,,
2039,2026-08-23 12:59:29,Mark Weber,ustym23@example.net,507763,872671,Eldrive Lithunaia Panemunės Baseinas,10.23,95,4.09,1.84,,
2040,2026-08-28 07:52:50,Barbara Lewis,forbessean@example.org,507929,873006,Sligo Bus Depot,30.22,0,12.09,5.44,,
2041,2026-08-14 08:20:07,Adrian Valdez,demyd62@example.org,508012,873187,Porto Elmiyna Club 🏓,48.16,90,19.26,8.67,,
2042,2026-08-26 11:45:20,Роксолана Зінченко,,507827,872810,Spklu Ujb Up Tcawang 1,68.26,96,27.3,12.29,,
2043,2026-08-19 06:50:21,Герман Свистун,gvlasenko@example.com,507763,872664,Elldrive Lithuania Panemunės Baseinas,30.5,97,12.2,5.49,,
2044,2026-08-31 20:39:30,Ірена Удовенко,dupliistepan@example.org,507919,872982,2898 - הרב אבאא אבוחצירא (פרטי),55.07,59,22.03,9.91,,
2045,2026-08-30 17:37:28,Kathryn Mooney,kovaliuksnizhana@example.net,507763,872664,Eldrvie Lithuania Panemunės Baseinas,75.88,17,30.35,13.66,,
2046,2026-08-28 20:01:52,Варвара Павлик,atkinsonrachel@example.net,507958,873057,Hotel HCC St. Moritz,54.27,50,21.71,9.77,,
2047,2026-09-03 17:47:22,Valerie Benson,prokhirriaboshapka@example.net,507919,872986,2898 - הרב אבא אבוחצירא (פרטי),23.64,15,9.46,4.26,,
2048,2026-08-20 15:51:15,Philip Watts,phyllismiller@example.com,507725,872601,Gasóleos Teruel,6.95,78,2.78,1.25,,
2049,2026-09-03 03:47:44,Alan Barr,snizhana80@example.org,507763,872675,Eldrive Ilthuania Panemunės Baseinas,74.61,53,29.84,13.43,,
2050,2026-09-03 06:54:08,Martin Hall,kevin22@example.org,507892,872918,B& B Hotl Carabanchel ,6.7,73,2.68,1.21,,
2051,2026-08-12 10:31:56,Віолетта Оберемко,alejandra39@example.com,507771,872713,ЖК Сколково Уан,74.98,38,29.99,13.5,,
2052,2026-08-11 15:29:22,Ростислав Кармалюк,irandolph@example.org,507763,872658,Eldrive Lithuania Panemunės Baseinas,47.31,37,18.92,8.52,,
2053,2026-09-05 10:46:54,Святослава Абрагамовська,androshchukvolodymyra@example.org,507920,872990,2979 - ממשרדים,80.13,20,32.05,14.42,,
2054,2026-08-16 15:14:08,James May,qflores@example.org,507815,872789,Incalplas,68.9,74,27.56,12.4,,
2055,2026-09-02 21:46:40,пан Йосип Парасюк,ruslanhaidai@example.org,507829,872812,Wesco Reed City,84.83,116,33.93,15.27,,
2056,2026-08-14 06:57:55,Анастасія Устенко,pdavis@example.net,508021,873198,Parking NN Espronceda,33.06,28,13.22,5.95,,
2057,2026-09-05 22:57:08,Crystal Quinn,bohuslavavoblyi@example.net,507869,872878,Cepsa A Groba,66.38,18,26.55,11.95,,
2058,2026-08-13 01:29:26,Joshua Knox,carolhenderson@example.net,507763,872659,Eldrive Lithuania Panemunės Baseinas,37.15,36,14.86,6.69,,
2059,2026-08-11 08:21:23,Павло Зубко,wchalenko@example.com,507827,872810,SPKLU UJB UPT Cawang 1,,43,,,,
2060,2026-08-15 01:15:44,Catherine Soto,adamsbrianna@example.org,507961,873060,"Svylos Gatvė 1,6 Vilnius",55.2,53,22.08,9.94,,
2061,2026-08-30 19:44:41,Андрій Єсипенко,valerii96@example.org,507866,872874,Mobive | La Souterraine | Rue des Fossés des Canards,74.89,77,29.96,13.48,,
2062,2026-09-04 18:34:55,Борис Забашта,jwilliams@example.net,507825,872807,Calle  Alfred Nóbel,83.73,109,33.49,15.07,,
2063,2026-08-23 14:34:46,Ірина Їжакевич,albinabevzenko@example.net,508022,873199,Plenoil la Orotava 2,66.46,91,26.58,11.96,,
2064,2026-08-27 20:50:59,пані Едита Жаліло,iaryna65@example.org,507921,872994,2979 - DC,38.42,24,15.37,6.92,,
2065,2026-08-08 19:02:57,пані Марта Малик,owhite@example.org,507990,873122,[eOne] Campera Almacen 1,38.71,60,15.48,6.97,,
2066,2026-09-05 17:19:03,Christina Huffman,mary66@example.net,507739,872627,Cepsa Gnadia,64.01,22,25.6,11.52,,
2067,2026-08-10 20:18:09,William Sanders,liubov60@example.com,508020,873197,Paring Garatge 2000,24.1,92,9.64,4.34,,
2068,2026-08-25 08:56:28,Франчук Ярина Опанасівна,edward70@example.org,507746,872636,Energía Nufri,13.84,58,5.54,2.49,,
2069,2026-09-03 22:02:14,Sally Leon,cruzernest@example.com,507808,872782,Parque Comercial Alarzón (Burogs),33.37,79,13.35,6.01,,
2070,2026-08-11 23:56:57,Єлисей Ващенко-Захарченко,ibakumenko@example.net,507820,872797,Carrefour Lucenna (Endesa),27.98,65,11.19,5.04,,
2071,2026-08-10 04:30:35,Brittany Barber,zabarnyierika@example.org,507807,872780,C.C. Los Alcores Esvilla,28.7,85,11.48,5.17,,
2072,2026-08-28 11:54:02,Eric Campbell,gpatel@example.org,507763,872662,Eldrive Lithuania Panemunės Baseinas,23.69,60,9.48,4.26,,
2073,2026-08-15 05:19:19,Chad Harrison,qlytvyn@example.com,507919,872981,2898 - הרב אאב אבוחצירא (פרטי),8.37,46,3.35,1.51,,
2074,2026-08-26 19:48:52,пан Трохим Вишиваний,vickimullins@example.com,507763,872664,Eldrive Lithuania Panemunės Baseinas,6.43,26,2.57,1.16,,
2075,2026-08-30 10:07:11,Timothy Bentley DVM,nbabiichuk@example.org,507763,872664,Eldrive Lithuania Panemunės Baseinas,84.02,67,33.61,15.12,,
2076,2026-08-26 21:11:41,Eric Archer,borys31@example.net,507919,872983,2898 - הרב אבא אבוחצירא (פרטי),39.22,96,15.69,7.06,,
2077,2026-09-03 19:51:59,пані Віолетта Стельмах,,507779,872724,McDonald's - Gallagher Retail Park,35.75,99,14.3,6.44,,
2078,2026-08-25 12:43:02,Ольга Колесниченко,snizhana92@example.org,507821,872800,Foc Ac-Chaarger,59.37,38,23.75,10.69,,
2079,2026-08-17 07:28:22,Katherine Barker,,507738,872624,GM Oil,22.46,42,8.98,4.04,,
2080,2026-09-03 07:40:56,Яків Харченко,hallthomas@example.com,507741,872629,Americawant Aaw00004,81.0,69,32.4,14.58,,
2081,2026-08-19 10:59:20,Амалія Сагаль,zorian30@example.com,507826,872809,Mercacentro,67.91,100,27.16,12.22,,
2082,2026-08-09 18:01:28,Омелян Данько,moraleskimberly@example.net,507744,872633,AmericaWant AW00011,12.15,98,4.86,2.19,,
2083,2026-08-31 02:58:29,Terry Hernandez,parmenbaranets@example.com,507820,872799,Carrefour Lucena (Endesa),38.41,64,15.36,6.91,,
2084,2026-09-03 11:17:01,Опанас Демиденко,josejensen@example.com,507862,872868,[eOne] Via Disegno,75.33,19,30.13,13.56,,
2085,2026-08-19 19:06:50,Валентина Сомко,marksheidi@example.com,507866,872872,Mobive | La Souterraine | Rue des Fossés des Canards,80.58,56,32.23,14.5,,
2086,2026-08-31 00:12:12,Valerie Miller,enikoliuk@example.com,507919,872980,2898  הרב אבא אבוחצירא (פרטי),42.39,32,16.96,7.63,,
2087,2026-08-16 04:15:56,Валентин Хомик,bartondavid@example.com,507763,872676,Eldrive Lithuania Ppanemunės Baseinas,54.07,94,21.63,9.73,,
2088,2026-08-17 19:07:54,Kathryn Ferguson,neporozhniiiakiv@example.net,507810,872784,Parking Parador de Cazotla,18.36,0,7.34,3.3,,
2089,2026-08-10 05:04:19,Morgan Goodwin,babkovadym@example.com,507959,873058,"Svylos gatvė 8, Vilnius",84.29,116,33.72,15.17,,
2090,2026-09-07 11:58:24,Наталія Данильчук,gblack@example.org,507895,872922,Comharchumann Fobartha Chorca Dhuibhne,,22,,,,
2091,2026-08-20 07:55:57,Tara Sanders,samanthasims@example.com,508004,873174,Plugit ProDC Viinikka,80.42,110,32.17,14.48,,
2092,2026-08-11 21:56:08,Christopher Vasquez,hollyperkins@example.net,507780,872728,Warrren Lodge ,56.97,42,22.79,10.25,,
2093,2026-09-06 11:31:52,Оксенія Фартушняк,sarah69@example.com,507779,872725,Mcdonald'S - Gallagheer Retail Park,53.62,33,21.45,9.65,,
2094,2026-08-30 07:40:39,Carolyn Brooks,okhrim94@example.com,507779,872726,Mdconald'S - Gallagher Retail Park,46.02,117,18.41,8.28,,
2095,2026-08-20 12:40:19,Єлисавета Вишивана,kylymnykmariia@example.org,507763,872659,Eldrive Lithuania Panemunės Baseinas,23.45,20,9.38,4.22,,
2096,2026-08-28 04:12:33,Засенко Єлисавета Венедиктівна,samoilenkoalina@example.com,508018,873194,Parking NN Diagonal,19.12,26,7.65,3.44,,
2097,2026-08-20 00:33:40,Спас Єрьоменко,cskopenko@example.com,507866,872874,Mobive | La Souterraine | Rue des Fossés des Canards,22.64,77,9.06,4.08,,
2098,2026-08-11 09:17:53,Dr. Jessica Durham,chornovilvadym@example.com,508020,873197,Parking Garagte 2000,19.92,56,7.97,3.59,,
2099,2026-09-02 02:37:02,Валентин Василечко,larysabashtan@example.net,507809,872783,Hotel Restuarante Hq La Galería,67.37,34,26.95,12.13,,
2100,2026-08-20 00:21:14,Caleb Brown,robertwright@example.net,507922,872997,EV24 Charging Station,33.01,103,13.2,5.94,,
2101,2026-09-05 16:20:34,Леон Ющенко,andriichukirena@example.com,508009,873181,Ionity Ioniity Pudasjärvi,9.63,82,3.85,1.73,,
2102,2026-08-20 03:32:57,Людмила Адамчук,carol67@example.org,507763,872675,Eldrive Lithuania  Panemunės Baseinas,82.53,30,33.01,14.86,,
2103,2026-08-15 14:26:47,Ада Сіробаба,dupliirozaliia@example.net,507807,872781,C.C. Los Alcores Sevilla,75.7,93,30.28,13.63,,
2104,2026-08-28 17:22:07,Kara Rogers,kennethmata@example.com,507920,872988,2979 - משרדים,79.22,92,31.69,14.26,,
2105,2026-08-22 00:06:49,Michael Cooper,venhrynovychrostyslav@example.com,507813,872787,Caprabo Mollerussa,84.59,92,33.84,15.23,,
2106,2026-09-04 16:09:35,Teresa Ortega,areynolds@example.org,507919,872987,2898 - הרב אבא אבוחצירא (פרטי),18.91,21,7.56,3.4,,
2107,2026-08-29 09:15:39,Vanessa Marks,abaker@example.com,507813,872787,Caaprabo Mollerussa,36.7,46,14.68,6.61,,
2108,2026-08-10 22:09:36,Одарка Давиденко,,507724,872600,"Arinna Garden Sitesi, Çorum Merkez - AC 2",65.66,51,26.26,11.82,,
2109,2026-08-27 03:36:48,Устим Луценко,fgrimes@example.com,507920,872989,2979 - משרדים,60.68,26,24.27,10.92,,
2110,2026-08-28 20:35:22,Тереза Юрчишина,,507820,872797,Carrefour Lucena (Endesa),17.31,110,6.92,3.12,,
2111,2026-08-15 21:23:14,April Little,,507996,873159,"Savanoriųp R. 276, Kaunas",70.27,57,28.11,12.65,,
2112,2026-08-26 22:08:38,Isaac Williams,duncankimberly@example.com,507771,872714,ЖК Сколково Уан,22.96,112,9.18,4.13,,
2113,2026-09-03 18:16:04,Cynthia Washington,jameshunter@example.net,999999,999999,Eldrive Lithuania Panemunės Baseinas,22.91,37,9.16,4.12,,
2114,2026-08-20 08:17:03,Тереза Вітер,pkopytko@example.com,507919,872983,2898 - הרב אבא אבוחצירא פרטי),47.96,50,19.18,8.63,,
2115,2026-08-23 05:55:09,Cory Thomas,yliu@example.org,507859,872864,Club House Florence,52.44,108,20.98,9.44,,
2116,2026-08-31 02:59:58,Валентина Наливайко,,508011,873186,Porto ELMInya Boardwalk 🏖️,51.41,56,20.56,9.25,,
2117,2026-09-04 22:45:47,Jeremy Wilson,sdzyndra@example.com,507821,872800,FOC AC-Charger,12.32,27,4.93,2.22,,
2118,2026-08-28 20:48:10,Едита Вергун,mykhailiukmarusia@example.com,507919,872978,2898 - הרב אבא אבוחצירא (פרטי),75.2,87,30.08,13.54,,
2119,2026-08-27 12:04:37,пані Дарина Палій,sarasmith@example.net,507812,872786,Mercadona Centro Logístico Vitoria,,108,,,,
2120,2026-08-21 00:37:39,Connie Scott,melissawilson@example.org,507919,872986,2898 - הרב אבא אבוחצירא (פטרי),15.36,117,6.14,2.76,,
2121,2026-08-24 16:19:13,Meagan Wade,sylviayates@example.com,507822,872802,Ayunt. Navalacrnero. Ciudad Deportiva,76.1,114,30.44,13.7,,
2122,2026-08-30 11:34:32,Michael Wiggins,icollins@example.com,507803,872770,Hotel Laksaciater,81.45,80,32.58,14.66,,
2123,2026-08-13 03:15:52,Іван Скоробогатько,gbandura@example.org,507867,872875,Caldas Da Rainha (Zuder),73.97,114,29.59,13.31,,
2124,2026-08-11 03:34:50,Courtney Wilson,tereza11@example.com,507920,872993,2979 - מרדים,69.76,22,27.9,12.56,,
2125,2026-08-26 22:58:07,Надія Єресько,aholder@example.net,507763,872666,Eldrive Lithuania Panemunsė Baseinas,57.42,91,22.97,10.34,,
2126,2026-08-12 04:20:09,Богуслав Оліфіренко,chornovilkamilla@example.net,507808,872782,Parque Comercial Alarzón (Burgos),49.07,110,19.63,8.83,,
2127,2026-09-06 04:07:14,April Brown,jdawson@example.org,507866,872874,Mobive | La Souterraine | Rue des Fossés des Canards,11.96,22,4.78,2.15,,
2128,2026-08-31 22:04:15,Єлисей Остапчук,rakiryna@example.net,508005,873176,Plugit Ideapark Seinäjoki / K-Citymaret Ideapark,37.68,109,15.07,6.78,,
2129,2026-08-24 19:28:03,Taylor Martinez,agalvan@example.com,507862,872868,[Enoe] Via Disegno,34.82,40,13.93,6.27,,
2130,2026-08-09 09:24:04,Аліна Швайка,virginiaortiz@example.com,508007,873179,Plgit Oulun Lentoasema (Oul),25.78,11,10.31,4.64,,
2131,2026-08-17 20:55:47,Tommy Hood,,507820,872799,Carrefour Lucena (Endesa),62.87,25,25.15,11.32,,
2132,2026-08-31 21:31:09,Brittany Campbell,jdatsiuk@example.net,507820,872799,Carrefour Lucena (Endesa),44.67,18,17.87,8.04,,
2133,2026-09-06 23:42:53,Данило Гаєвський,orkhyptryhub@example.net,507737,872617,Calle Los Jazmines,11.48,82,4.59,2.07,,
2134,2026-08-27 21:38:45,Тетяна Затовканюк,jillwilkerson@example.com,507869,872878,Cepsaa A Groba,22.61,47,9.04,4.07,,
2135,2026-09-04 10:45:18,Vincent Brown,siefymenko@example.net,507818,872793,Parking Caravanas El Pueyo,59.66,84,23.86,10.74,,
2136,2026-08-22 09:19:26,Mitchell Charles,murraymichael@example.net,507724,872600,"Arinna Garden Sitsei, Çorum Merkez - Ac 2",11.09,63,4.44,2.0,,
2137,2026-08-31 06:45:26,Альберт Дурдинець,makar82@example.com,508004,873174,Plugit ProDC Viinikka,73.1,65,29.24,13.16,,
2138,2026-08-23 14:52:26,Elizabeth Briggs,petrenkoedyta@example.net,507742,872630,Americawan Aw00009,44.61,95,17.84,8.03,,
2139,2026-08-26 02:33:08,Твердохліб Демʼян Климентович,leopold54@example.org,508017,873193,Parking Via Aguusta,43.45,106,17.38,7.82,,
2140,2026-08-31 06:28:12,Norma Myers DDS,taleksandrenko@example.net,507922,872997,Ev224 Charging Station,52.39,109,20.96,9.43,,
2141,2026-08-31 10:31:55,Thomas Haynes,denise52@example.org,507820,872797,Carrefour Lucena (Endesa),70.97,118,28.39,12.77,,
2142,2026-08-18 12:11:48,Frank Moody,lutsenkoihnat@example.org,507807,872780,C.C. Los Alcores Sevilla,32.82,96,13.13,5.91,,
2143,2026-08-23 20:07:00,Панас Нестайко,kayla97@example.net,508017,873193,Parking Via Augusta,59.24,54,23.7,10.66,,
2144,2026-08-10 20:47:54,Laura Ramos,xskyrda@example.com,507861,872867,[Eone] Paseo Del Este  1,50.26,118,20.1,9.05,,
2145,2026-08-15 17:32:54,Charles Robinson,solomiiaverhun@example.net,507806,872777,Mansies,26.36,43,10.54,4.74,,
2146,2026-08-21 07:21:35,Августин Сагаль,bprytula@example.org,507801,872768,Starlite Sunter Bisma,75.29,18,30.12,13.55,,
2147,2026-08-22 23:27:36,Тимофій Данько,lorihurst@example.com,508020,873197,Parking Garatge 2000,68.79,97,27.52,12.38,,
2148,2026-08-18 04:06:57,Jessica Skinner,galaganliudmyla@example.com,507812,872786,Mercadona Centro Logístico Vitroia,57.68,17,23.07,10.38,,
2149,2026-08-19 19:31:38,Тереза Дурдинець,alekseienkoopanas@example.net,507763,872674,Eldrive Lithuaniaa Panemunės Baseinas,73.05,16,29.22,13.15,,
2150,2026-09-05 07:23:20,Ярослава Примаченко,lytvynliudmyla@example.org,508022,873199,Plenoil  La Orotava 2,74.38,45,29.75,13.39,,
2151,2026-09-01 21:15:52,Lori Powell,josephenglish@example.com,507763,872663,Eldrive Lithuania Panemunės Baseinas,61.67,27,24.67,11.1,,
2152,2026-08-21 03:20:36,Софія Ярема,adam01@example.net,508022,873199,Plenoil La Rotava 2,71.96,12,28.78,12.95,,
2153,2026-09-01 11:07:17,Tiffany Delgado,,507740,872628,AmericaWant AW00001,60.8,37,24.32,10.94,,
2154,2026-08-16 19:32:33,Wendy Lambert,esliusar@example.net,507823,872804,Fmilycash Montilla,59.41,79,23.76,10.69,,
2155,2026-08-16 20:44:41,Трохим Смик,kirbymichael@example.org,507919,872982,2898 - הרב אבא אבוחצירא (פרטי),54.49,117,21.8,9.81,,
2156,2026-09-04 04:18:31,Jill Smith,jonathan54@example.com,507739,872626,Cepsa Gandia,65.22,53,26.09,11.74,,
2157,2026-08-17 13:58:02,Юстина Деряжна,,508008,873180,Virta Kapupakeskus Kaakkurinkulma,17.69,30,7.08,3.18,,
2158,2026-09-03 01:58:32,Тетяна Лисенко,petersenjason@example.net,507864,872870,[Chargeobx] Parking La Rural,75.47,37,30.19,13.58,,
2159,2026-08-12 06:08:14,Варфоломій Сомко,alvarezchristine@example.com,507763,872672,Eldrive Lithuania Panemunės Baseinas,-15.5,0,-6.2,-2.79,,
2160,2026-08-08 22:58:25,Dr. Elizabeth Martinez MD,lysenkoolena@example.net,507763,872662,Eldrive Lithuaia Panemunės Baseinas,7.34,63,2.94,1.32,,
2161,2026-08-15 07:43:31,пані Софія Ярема,dawnmartinez@example.net,507820,872799,Carreefour Lucena (Endesa),71.07,63,28.43,12.79,,
2162,2026-08-11 22:43:28,Мирослав Гречаник,morgan69@example.net,507826,872809,Mecacentro,15.31,74,6.12,2.76,,
2163,2026-08-09 02:11:12,Гайдамака Варфоломій Опанасович,nicoleduran@example.net,507919,872976,2898 - הרב אב אבוחצירא (פרטי),31.81,109,12.72,5.73,,
2164,2026-09-02 04:45:27,Орися Онищенко,oleksandr79@example.net,507779,872726,Mcdonald'S -  Gallagher Retail Park,64.48,30,25.79,11.61,,
2165,2026-08-26 18:20:47,Ірина Демиденко,rzakusylo@example.com,507804,872771,Fastnedd - Mundolsheim,17.86,116,7.14,3.21,,
2166,2026-09-07 15:21:58,Теодор Атаманюк,rostyslav30@example.org,507763,872672,Eldrive Lithuania Panemunės Baseinas,70.44,108,28.18,12.68,,
2167,2026-09-01 07:55:39,Деряжний Гліб Іванович,gregory23@example.net,507990,873122,[eOne] Campera Almacen 1,71.57,22,28.63,12.88,,
2168,2026-08-08 23:14:24,добродійка Ада Килимник,hpavlychenko@example.org,507864,872870,[Chargebox] Parkking La Rural,45.6,66,18.24,8.21,,
2169,2026-08-09 05:20:36,Tracy Conway,nehodavitalii@example.net,507959,873058,"Svylos Gatvė 8 ,Vilnius",5.51,58,2.2,0.99,,
2170,2026-09-03 08:21:08,Jill Ray,,507929,873006,Sligo Bus Depoot,27.96,63,11.18,5.03,,
2171,2026-09-03 15:42:58,Victoria Bell,myerslisa@example.net,507817,872792,Bm Atfalla,54.35,19,21.74,9.78,,
2172,2026-08-09 11:30:31,Опанас Бабійчук,valentynaandriichuk@example.org,507779,872724,Mcdoanld'S - Gallagher Retail Park,,62,,,,
2173,2026-08-17 08:23:49,Галина Москаль,hryhoriikaras@example.org,507813,872787,Caprabo Mollerussa,55.55,53,22.22,10.0,,
2174,2026-08-13 07:44:59,Затула Михайло Зорянович,symonenkokostiantyn@example.org,507920,872993,2979 - משרדים,25.78,56,10.31,4.64,,
2175,2026-08-20 08:17:06,Marcus Jones,hrytsenkooryna@example.net,507820,872799,Carrefour Lucena (Endesa),55.72,62,22.29,10.03,,
2176,2026-09-03 04:54:06,Matthew Martin,hhamilton@example.org,507829,872812,Wesoc Reed City,48.2,83,19.28,8.68,,
2177,2026-08-25 20:29:23,David Coleman,yfomenko@example.org,507763,872668,Eldrive Lithuania Panemunės Baseinas,-15.5,55,-6.2,-2.79,,
2178,2026-08-27 21:57:14,Антон Лагода,vernydubivan@example.com,507920,872989,2979 - משרדים,13.56,22,5.42,2.44,,
2179,2026-08-26 18:10:21,Миколай Чалий,robertssamantha@example.org,507763,872658,Eldrive Lithuania Panemunėss Baseinas,65.88,46,26.35,11.86,,
2180,2026-08-30 22:18:26,пані Ольга Скопенко,debra19@example.net,507763,872675,Eldrive Lithuania Panemunės Baseinas,48.3,111,19.32,8.69,,
2181,2026-08-19 14:40:43,Кибкало Антон Георгійович,abandera@example.net,507807,872779,C.C. Los Alcores Sevilla,82.04,33,32.82,14.77,,
2182,2026-08-12 13:27:41,Охрім Токар,oleksandrhodunok@example.com,507869,872878,Cepsa A Groba,32.35,11,12.94,5.82,,
2183,2026-08-13 04:28:19,Валентина Саєнко,johnsonjames@example.org,508002,873172,Virta Kunnantalo Pohoinen,55.61,95,22.24,10.01,,
2184,2026-08-27 01:24:38,Brianna Yates,amoon@example.com,507864,872870,[Chargebox] Parking La Urral,79.56,0,31.82,14.32,,
2185,2026-09-04 11:28:47,James Novak,stephanie96@example.com,507763,872662,Eldrive Lithuania Panemunės Baseinas,13.2,109,5.28,2.38,,
2186,2026-08-11 08:54:53,Rachel Martinez,alevtyn06@example.com,507869,872878,Cepsa A Groba,79.98,23,31.99,14.4,,
2187,2026-08-16 23:12:44,Renee Davis,eadams@example.org,507725,872601,Gasóleos Teruel,60.03,19,24.01,10.81,,
2188,2026-09-01 21:54:48,Sharon Arnold,kerry11@example.net,507815,872789,Icnalplas,10.43,44,4.17,1.88,,
2189,2026-08-24 17:29:39,Валентин Орлик,aaron78@example.com,507983,873114,Posto Vila Flor - Rj Letropostos,29.08,0,11.63,5.23,,
2190,2026-09-03 06:53:10,Robert Byrd,lzakharchenko@example.com,507763,872670,Eldrive Lithuania Panemuns Baseinas,61.65,12,24.66,11.1,,
2191,2026-08-19 19:14:00,Cameron Smith,millsalexis@example.net,507919,872986,2898 - הרב אבא אבוחצירא (פרטי),,111,,,,
2192,2026-09-05 03:53:15,Борис Скирда,jprokopovych@example.org,507865,872871,Tesla Supercharger Elxy,51.57,26,20.63,9.28,,
2193,2026-08-21 19:23:05,Nicholas Villegas,nicholasswanson@example.net,507815,872789,Incalplas,,21,,,,
2194,2026-08-12 06:09:28,Євген Шамрай,paulstevens@example.org,508009,873181,Ionity Ionity Puadsjärvi,54.67,63,21.87,9.84,,
2195,2026-09-04 00:12:45,пані Світлана Вишивана,jhabelko@example.net,507866,872874,Mobive | La Souterraine | Rue des Fossés des Canards,8.66,33,3.46,1.56,,
2196,2026-08-17 08:29:57,Jeffrey David,rbaida@example.net,507866,872872,Mobive | La Souterraine | Rue Des Fssés Des Canards,74.72,38,29.89,13.45,,
2197,2026-08-09 09:46:44,Валентина Нестеренко,diaznathan@example.net,507763,872666,Eldrive Lithuania Panemunės Baseinas,,52,,,,
2198,2026-09-06 03:28:57,Sarah Walters,michaelanthony@example.net,507807,872781,C.C. Los Alcores Sevilla,82.51,34,33.0,14.85,,
2199,2026-08-27 23:35:04,Ярослав Вернидуб,mjohnson@example.org,507920,872990,2997 - משרדים,64.97,109,25.99,11.69,,
2200,2026-08-23 04:13:08,Аркадій Малик,dubynahennadii@example.com,507738,872623,GM Oil,15.41,69,6.16,2.77,,
2201,2026-09-05 00:35:42,Alexandra Vaughan,osweeney@example.net,508020,873197,Parking Gartage 2000,65.66,99,26.26,11.82,,
2202,2026-09-05 03:47:04,Юрчишина Віолетта Едуардівна,tartiushenko@example.org,508003,873173,Netse Liikenneasema Härkäpakari,6.97,111,2.79,1.25,,
2203,2026-09-03 21:20:13,Юстим Адамчук,herman17@example.com,507826,872809,Merrcacentro,6.77,74,2.71,1.22,,
2204,2026-08-27 06:44:57,Nicole Sanchez,teresa17@example.com,508018,873194,Parking NN Diagonal,30.89,93,12.36,5.56,,
2205,2026-08-12 10:54:39,Валентин Іванченко,janice27@example.com,507806,872777,Mnaises,44.09,37,17.64,7.94,,
2206,2026-08-11 06:05:49,Володимира Чала,kristendavis@example.net,507746,872635,Energía Nufir,66.63,25,26.65,11.99,,
2207,2026-08-29 20:46:51,Jenny Gray,varfolomii99@example.com,507920,872988,2979 - משרדים,59.66,56,23.86,10.74,,
2208,2026-08-12 08:06:13,Gail Shelton,latamaniuk@example.org,507822,872802,Ayunt. Navalcarnero. Ciudad Deportiva,40.67,90,16.27,7.32,,
2209,2026-09-07 00:36:31,Тетяна Микитюк,gdrozd@example.net,507892,872918,B& B Hottel Carabanchel ,26.89,113,10.76,4.84,,
2210,2026-08-24 11:47:32,Oscar Carroll,zhavrylenko@example.net,507763,872668,Eldrive Lithuania Panemunės Baseinas,84.77,101,33.91,15.26,,
2211,2026-08-21 21:59:06,добродій Омелян Атрощенко,joseph21@example.net,507763,872674,Eldrive Lithuania Panemunės Baseinas,39.09,67,15.64,7.04,,
2212,2026-09-01 11:07:50,Sarah Brown,nathan05@example.com,507741,872629,AmericaWant AW00004,41.11,85,16.44,7.4,,
2213,2026-08-25 22:05:10,Демид Міщенко,dankevychhordii@example.org,507739,872627,Cespa Gandia,,36,,,,
2214,2026-08-29 14:40:31,Gregory Bowen,trivas@example.net,507822,872802,Ayunt. Navalcranero. Ciudad Deportiva,68.58,62,27.43,12.34,,
2215,2026-09-06 02:07:48,Brian Vasquez,hrytsenkomarusia@example.com,507922,872996,EV24 Charging Station,60.49,51,24.2,10.89,,
2216,2026-08-12 19:22:37,Хома Дашкевич,stanislav40@example.com,507763,872668,Eldrive Lithuania Panemunės Baseinas,22.66,68,9.06,4.08,,
2217,2026-08-20 14:40:15,John Moore,,507763,872663,Eldrive Lithuaniaa Panemunės Baseinas,11.59,56,4.64,2.09,,
2218,2026-08-12 15:07:02,James Evans,heorhiibaranets@example.com,507808,872782,Parque Comercial Alarzón (Burgos),59.44,103,23.78,10.7,,
2219,2026-08-16 03:12:59,Kimberly Adams,ievazasenko@example.com,507983,873114,Posto Vila Flor - RJ Eletropostos,57.36,114,22.94,10.32,,
2220,2026-08-16 03:16:54,Jessica Taylor,browntodd@example.net,507763,872673,Eldrive Lithuania Panemunės Baseinas,26.86,43,10.74,4.83,,
2221,2026-08-24 00:29:34,Stephen Fletcher,olhaartym@example.net,507867,872876,Caldas Da Rainha (Zunder),81.07,46,32.43,14.59,,
2222,2026-08-13 19:40:36,Анастасія Гуцуляк,christopherchaney@example.org,507919,872986,2898 - הרב אבא אבוחצירא (פרטי),17.08,15,6.83,3.07,,
2223,2026-08-08 21:35:20,Gary Johnson,adam10@example.com,507865,872871,Tsela Supercharger Lexy,39.59,16,15.84,7.13,,
2224,2026-08-30 05:41:27,добродій Георгій Гайденко,isaienkoiryna@example.com,507990,873122,[eOne] Campera Almacen 1,80.49,105,32.2,14.49,,
2225,2026-08-21 17:50:12,Jon Maldonado Jr.,iakivzakharchenko@example.net,507919,872977,2898 - הרב אבא אבוחצירא (פרטי),38.58,105,15.43,6.94,,
2226,2026-08-15 01:55:04,Tammy Cameron,zorian61@example.net,508011,873186,Porto Elminyaboardwalk 🏖️,56.08,34,22.43,10.09,,
2227,2026-08-17 17:51:48,Tyler Sparks,kostiantyn70@example.net,507771,872713,ЖК Сколково Уан,36.81,42,14.72,6.63,,
2228,2026-08-30 10:28:36,Ярина Алексійчук,arsenbashtan@example.com,507919,872976,2898 - הרב אבא אבווחצירא (פרטי),26.94,64,10.78,4.85,,
2229,2026-08-13 15:52:51,Надія Христенко,udotsenko@example.net,507763,872664,Eldrive Lithuania Panemunės Baseinas,83.72,67,33.49,15.07,,
2230,2026-08-12 23:56:58,пані Юстина Ващенко,shynkarenkolukian@example.net,507921,872995,29779 - Dc,37.75,16,15.1,6.8,,
2231,2026-09-04 13:14:56,Christian Dixon,ieva54@example.org,508019,873196,Ayut. Olost Piscines,76.53,66,30.61,13.78,,
2232,2026-09-06 15:00:13,Вікторія Корж,lparasiuk@example.net,507892,872918,B& B Hotel Carabanchel ,23.4,21,9.36,4.21,,
2233,2026-08-27 08:22:14,Єлисей Жарко,iierchenko@example.net,507819,872795,FOC DC-Charger,22.05,25,8.82,3.97,,
2234,2026-08-22 19:33:46,Rhonda Haynes,sue16@example.net,507739,872626,Cepsa Gandai,7.49,0,3.0,1.35,,
2235,2026-08-27 11:21:19,Данна Ільченко,adatovstolis@example.com,507865,872871,Tesla Supercharger Lexy,57.13,52,22.85,10.28,,
2236,2026-09-04 19:26:36,Амалія Лисенко,iarynadanylenko@example.org,507806,872776,Mnises,34.48,0,13.79,6.21,,
2237,2026-09-05 09:55:05,пан Олег Жук,brandon58@example.net,507919,872983,2898 - הרב אבא אבוחצירא (פרטי),74.15,86,29.66,13.35,,
2238,2026-08-27 03:07:15,Іван Тригуб,gabriellejones@example.com,507919,872983,2898 - הרב אבא אבוחצירא (פרטי),42.86,16,17.14,7.71,,
2239,2026-08-15 09:17:47,Veronica Walker,fedir48@example.org,507808,872782,Parque Comercial Alarzón (Burgos),82.46,109,32.98,14.84,,
2240,2026-08-23 06:22:46,Jordan Schneider,robertbrown@example.com,507863,872869,[Eve] Xaion Cardona,19.84,60,7.94,3.57,,
2241,2026-09-01 14:04:01,Jack Hahn,mcgeeseth@example.net,507763,872664,Eldrivelithuania Panemunės Baseinas,74.49,82,29.8,13.41,,
2242,2026-08-11 17:14:51,Steven White,nazar88@example.org,507865,872871,Tesla Supercharger Lexy,67.13,41,26.85,12.08,,
2243,2026-08-29 17:58:14,Михайлина Засенко,louisperez@example.net,507996,873159,"Savanorių pr. 276, Kaunas",66.67,84,26.67,12.0,,
2244,2026-08-29 02:09:21,Terry Garcia,iherman@example.org,507862,872868,[Eone] Ia Disegno,72.58,17,29.03,13.06,,
2245,2026-09-01 03:42:23,Юстина Салій,brian74@example.net,507745,872634,AmericaWant AW00012,65.88,106,26.35,11.86,,
2246,2026-08-26 04:16:37,Brent Smith,czubko@example.net,507869,872878,Cepsa A Grobba,55.1,96,22.04,9.92,,
2247,2026-08-20 14:50:03,Розалія Сиротенко,christopher62@example.org,507818,872793,Parking Caravanas El Pueyo,15.5,98,6.2,2.79,,
2248,2026-09-06 11:22:14,Веніямин Сомко,dupliiandrii@example.net,507801,872768,Starlite Sunter Bisma,7.6,81,3.04,1.37,,
2249,2026-08-30 20:59:00,Богуслав Годунок,daniel74@example.net,507763,872670,Eldrive Liithuania Panemunės Baseinas,78.67,54,31.47,14.16,,
2250,2026-08-15 05:23:34,Юстим Єрченко,sheremetvenedykt@example.org,507919,872986,2898 - הרב אבא אבוחצירא (פרטי),54.33,95,21.73,9.78,,
2251,2026-08-08 23:25:14,Яків Вівчаренко,yavramchuk@example.org,507763,872662,Eldive Lithuania Panemunės Baseinas,68.72,68,27.49,12.37,,
2252,2026-08-24 18:35:49,пан Гліб Штокало,opanasvernyhora@example.net,507806,872775,Manises,43.52,13,17.41,7.83,,
2253,2026-08-24 15:28:48,Борислав Бабій,sbrown@example.org,508013,873188,Watanya: Assyut West RD ⛽,14.38,113,5.75,2.59,,
2254,2026-08-24 21:31:55,Ліза Ребрик,onyshchenkoiustyna@example.net,507737,872617,Calle Los Jazmines,15.01,76,6.0,2.7,,
2255,2026-09-06 12:03:14,Mitchell Bartlett,lesliegillespie@example.com,507742,872630,AmericaWant AW00009,59.85,38,23.94,10.77,,
2256,2026-08-23 05:34:06,Вобла Алла Валентинівна,aaronderkach@example.net,507828,872811,Museo Del Calzado Y De La Industria,39.42,114,15.77,7.1,,
2257,2026-09-06 22:19:41,Betty Williams,fedirhuz@example.net,507810,872784,Parkingg Parador De Cazotla,21.04,38,8.42,3.79,,
2258,2026-08-31 21:37:22,Петро Єрошенко,smithmichelle@example.net,507763,872671,Eldrive Lithuania Panemunės Baseinas,44.33,107,17.73,7.98,,
2259,2026-08-17 06:29:54,Joseph Palmer Jr.,danylenkovitalii@example.com,508004,873174,Plugi Prodc Viinikka,10.14,107,4.06,1.83,,
2260,2026-08-24 03:21:30,Janet Chan,petromoskal@example.net,507805,872773,Polytron Kudus,51.56,37,20.62,9.28,,
2261,2026-09-01 11:36:03,Christine Smith,nschultz@example.com,507746,872636,Energía  Nufri,26.52,86,10.61,4.77,,
2262,2026-08-24 11:13:15,Августин Чуприна,cbhydenko@example.com,508001,873171,Virta North Seurkuntatalo,68.8,88,27.52,12.38,,
2263,2026-08-22 06:06:34,Daniel Erickson,mtymchenko@example.org,507806,872774,Manises,29.83,96,11.93,5.37,,
2264,2026-08-26 08:48:36,Анастасія Кабаненко,galvanjeanette@example.net,508011,873186,Porto ELMInya Boardwalk 🏖️,41.42,53,16.57,7.46,,
2265,2026-09-05 00:28:10,Charles Stephenson,mcintyreelizabeth@example.org,507806,872776,Manisees,5.93,99,2.37,1.07,,
2266,2026-09-06 09:31:50,Аніта Килимник,mamchurmyron@example.net,507807,872781,C.C. Los Alcoress Evilla,10.8,13,4.32,1.94,,
2267,2026-09-04 08:26:53,Аарон Ребрик,khrystyna03@example.net,507827,872810,Spkluujb Upt Cawang 1,36.4,99,14.56,6.55,,
2268,2026-08-31 01:21:53,Travis Henson,barabashpavlo@example.org,507763,872676,Eldrive Lithuania Panemunės Baaseinas,43.4,113,17.36,7.81,,
2269,2026-08-29 22:22:23,Jennifer Carr,tymofiivermenych@example.net,508013,873188,Watanya: Assyut West RD ⛽,53.0,18,21.2,9.54,,
2270,2026-08-12 00:06:42,Miss Alexandra Kelly,joneskevin@example.net,507714,872553,Prääg Express Ladestelle,28.33,14,11.33,5.1,,
2271,2026-09-01 21:15:59,Wesley Medina,rozaliiadzyndra@example.net,507818,872793,Parking Caravanas El Pueyo,60.6,65,24.24,10.91,,
2272,2026-08-23 08:21:42,Петро Смик,petro35@example.net,507763,872676,Eldrivee Lithuania Panemunės Baseinas,,105,,,,
2273,2026-08-20 21:55:53,Madison Pierce,brandonhughes@example.org,507763,872672,Eldrive Lithuania Panemnuės Baseinas,,93,,,,
2274,2026-08-29 04:30:57,Derrick Perkins,kshukhevych@example.net,507990,873122,[eOne] Campera Almacen 1,8.17,59,3.27,1.47,,
2275,2026-08-12 05:42:42,David Barber,,507812,872786,Mercadona Centro Logístico Vitoria,43.44,84,17.38,7.82,,
2276,2026-09-06 16:10:46,John Crawford,miroshnychenkoerika@example.com,507779,872726,McDonald's - Gallagher Retail Park,13.39,24,5.36,2.41,,
2277,2026-09-05 21:53:58,Scott Lopez,vashchenko-zakharchenkosemen@example.net,999999,999999,Eldrive Lithuania Panemuės Baseinas,24.36,41,9.74,4.38,,
2278,2026-09-03 14:07:09,Catherine Campbell,xbaker@example.net,507738,872623,Gm  Oil,83.93,37,33.57,15.11,,
2279,2026-09-04 00:55:43,Christopher Long,rhaivoronskyi@example.net,507763,872672,Eldrive Lithuania Panemunės Baseinas,16.4,31,6.56,2.95,,
2280,2026-08-26 02:25:05,Богуслава Хоменко,snizhanastus@example.net,507725,872601,Gasólos Teruel,44.91,114,17.96,8.08,,
2281,2026-08-13 22:57:38,Ткач Варвара Семенівна,bianca53@example.org,507862,872868,[eOne] Via Disegno,54.45,26,21.78,9.8,,
2282,2026-08-25 21:09:04,Спас Алексеєнко,diukhymenko@example.com,507808,872782,Parque Comercial Alarzón (Burgos),61.2,68,24.48,11.02,,
2283,2026-09-07 09:21:27,Алла Гаврилів,onysym03@example.org,508011,873186,Porto ELMInya Boardwalk 🏖️,49.77,99,19.91,8.96,,
2284,2026-09-04 23:44:07,Омелян Бабій,,507825,872808,Calle Alfred Nóble,5.78,117,2.31,1.04,,
2285,2026-08-24 17:52:27,Богданна Лавренко,jonesjason@example.com,507736,872615,Calle Montalbán,31.12,80,12.45,5.6,,
2286,2026-08-13 18:58:13,пан Симон Акименко,,507779,872726,Mcdoald'S - Gallagher Retail Park,46.42,115,18.57,8.36,,
2287,2026-08-13 10:25:15,Станіслав Примаченко,david62@example.com,507815,872789,Inaclplas,12.03,66,4.81,2.17,,
2288,2026-08-19 10:11:10,Тетяна Чарниш,qbashpolchenko@example.org,507743,872632,AmericaWant AW00007,33.05,35,13.22,5.95,,
2289,2026-08-30 06:54:20,Тетяна Девдюк,snizhanagerega@example.net,507763,872671,Eldrive Lithuania Panemunės Baseinas,7.66,34,3.06,1.38,,
2290,2026-08-27 15:14:25,Людмила Гресь,iosyphaidamaka@example.com,507919,872977,2889 - הרב אבא אבוחצירא (פרטי),11.29,19,4.52,2.03,,
2291,2026-09-06 05:17:35,Орхип Михалюк,arkhymovychandrii@example.net,507958,873057,Hotel HCC St. Moritz,36.75,54,14.7,6.61,,
2292,2026-08-25 09:27:08,Тарас Фаренюк,cpushkar@example.com,507763,872668,Eldrive Lithuania Panemunės Baseinas,15.62,92,6.25,2.81,,
2293,2026-09-01 02:00:18,Златослава Арсенич,korolenkovolodymyra@example.net,507746,872635,Energía Nufri,50.4,20,20.16,9.07,,
2294,2026-08-22 23:44:22,пані Марія Івасюк,john21@example.org,507920,872991,2979 - משרדים,60.16,86,24.06,10.83,,
2295,2026-08-12 19:33:51,Michelle Valenzuela,ywallace@example.org,507919,872984,2898 - הרב אבא אבוחצירא (פרטי),69.05,62,27.62,12.43,,
2296,2026-08-15 12:35:58,Brian Garcia,oksana57@example.com,507863,872869,[EVE] Axion Cardona,21.01,81,8.4,3.78,,
2297,2026-08-23 18:54:52,Luis Wilson,meredith21@example.org,507932,873010,OLA: Sadat ⛽,18.4,113,7.36,3.31,,
2298,2026-08-30 18:02:13,Нестор Даценко,gary03@example.org,508012,873187,Porto ELMInya Club 🏓,13.37,77,5.35,2.41,,
2299,2026-09-02 22:40:44,пані Єлисавета Хмара,lauradyer@example.org,507763,872666,Eldrive Lithuania Panemunės Baseinas,,104,,,,
2300,2026-08-25 13:20:07,Охрім Наливайко,michael21@example.com,507919,872985,2898 - הרב אבא אבוחצירא (פרטי),61.52,37,24.61,11.07,,
2301,2026-08-13 09:16:30,Brian Hendricks,swu@example.net,507929,873006,Sligo Bus Depot,7.53,84,3.01,1.36,,
2302,2026-08-30 14:40:31,Rita Dawson,tverdokhlibvladyslav@example.org,507806,872777,Mainses,,116,,,,
2303,2026-08-11 21:47:59,Трохим Дараган,jeremiahwalton@example.org,508019,873196,Ayunt. Oolst Piscines,9.16,74,3.66,1.65,,
2304,2026-08-10 19:35:44,Соломія Чередник,trokhymtarasenko@example.org,507741,872629,AmericaWant AW00004,48.3,58,19.32,8.69,,
2305,2026-08-09 17:50:58,Ashley Simmons,boleslavzaika@example.net,507956,873053,Maxim Goup 💼,61.72,56,24.69,11.11,,
2306,2026-08-13 22:57:10,Frank Anderson,atsymbaliuk@example.net,507822,872802,Ayunt. Navalcarnero. Ciudad Deprtiva,74.68,61,29.87,13.44,,
2307,2026-08-20 11:42:55,Johnny Olson,hamiltonkendra@example.net,507919,872987,2898 - הרב אבא אבוחצירא (פרטי),62.13,111,24.85,11.18,,
2308,2026-09-04 10:33:29,Mallory Taylor,amandacook@example.net,507738,872624,GM Oil,69.14,97,27.66,12.45,,
2309,2026-08-24 17:10:01,Христина Яремчук,emiliia77@example.org,507745,872634,AmericaWant AW00012,32.16,63,12.86,5.79,,
2310,2026-08-31 01:52:05,Оксенія Зінкевич,hvlasenko@example.org,507920,872992,2979 - משרדים,70.19,69,28.08,12.63,,
2311,2026-08-28 07:27:02,Ада Забара,les78@example.net,507890,872915,A1: Shoouk 1 ⛽,11.41,0,4.56,2.05,,
2312,2026-08-17 16:41:33,Тереза Гуцуляк,vdovenkorostyslav@example.net,507919,872979,2898 - הרב אבא אבוחצירא (פרטי),76.59,56,30.64,13.79,,
2313,2026-08-27 20:25:22,Наталія Савенко,zradchenko@example.net,507763,872666,Eldrive Lithuania Panemunės Baseinas,48.81,40,19.52,8.79,,
2314,2026-09-07 11:01:21,Галина Франко,suzanne40@example.net,507921,872995,2979 - DC,70.38,114,28.15,12.67,,
2315,2026-08-30 11:19:44,Златослава Бандурка,demiantsymbal@example.com,507919,872983,2898 - הרב אבא אבוחצירא (פרטי),41.19,55,16.48,7.41,,
2316,2026-08-27 12:33:45,Галина Скиба,havryletszakhar@example.net,507763,872657,Eldrive Lithuania Panemunės Baseinas,,35,,,,
2317,2026-08-19 01:47:30,Єлисей Сиротенко,vira23@example.org,507763,872659,Eldrive Lithuania Panemunės Baseinas,47.11,14,18.84,8.48,,
2318,2026-08-22 03:49:52,Опанас Вакуленко,adamenkovalerii@example.com,507825,872808,Calle Alfred Nóbel,63.53,93,25.41,11.44,,
2319,2026-09-05 16:11:42,Sheila Johnson,parcher@example.org,508017,873193,Parking Via Augusta,11.53,61,4.61,2.08,,
2320,2026-09-03 17:03:25,David Smith,hupalotaras@example.com,507763,872676,Eldrive Lithuania Panemunės Baseinas,9.83,114,3.93,1.77,,
2321,2026-08-26 09:42:57,Clarence Manning,poltavetshavrylo@example.net,507746,872635,Energía Nufri,24.77,84,9.91,4.46,,
2322,2026-08-18 05:08:39,Nathan Wallace,antonkomar@example.org,507763,872671,Eldrive Lithuania Panemunės Baseinas,17.76,63,7.1,3.2,,
2323,2026-08-14 04:18:11,Данна Бараник,,507818,872793,Parking Caravanas El Pueyo,74.74,42,29.9,13.45,,
2324,2026-09-01 09:49:34,Валерій Гайворонський,tetiana23@example.org,508021,873198,Parking Nnespronceda,22.54,59,9.02,4.06,,
2325,2026-09-06 15:03:27,Олена Чумаченко,wiashchuk@example.org,508009,873181,Ionity Ionity Pudasjäärvi,83.07,47,33.23,14.95,,
2326,2026-09-07 07:45:43,Kathryn Fletcher,,508000,873170,Hotel Hotelli Omenaatarha,31.95,36,12.78,5.75,,
2327,2026-09-06 03:26:46,Denise Davis,romankhomenko@example.org,507826,872809,Mercacetro,19.57,107,7.83,3.52,,
2328,2026-08-25 12:53:51,Beth Lewis,anzhelaieremenko@example.com,507866,872874,Mobive | La Sotuerraine | Rue Des Fossés Des Canards,-15.5,24,-6.2,-2.79,,
2329,2026-08-30 20:58:56,Єлисавета Василевич,russellrandy@example.org,508013,873188,Watanya: Assyut West RD ⛽,57.7,105,23.08,10.39,,
2330,2026-08-23 02:05:04,Matthew Sullivan,iustyna93@example.com,507959,873058,"Syvlos Gatvė 8, Vilnius",44.86,70,17.94,8.07,,
2331,2026-08-15 03:35:47,Robert Lucas,lkelly@example.org,507820,872799,Carrefourr Lucena (Endesa),49.43,30,19.77,8.9,,
2332,2026-08-14 08:51:17,Василина Василевич,borysriabovil@example.org,507919,872986,2898 - הרב אבא אבוחצירא (פרטי),62.54,55,25.02,11.26,,
2333,2026-08-23 11:19:46,Sarah Johnson,petrenkookseniia@example.net,507930,873007,Galway Bus Depot,23.28,78,9.31,4.19,,
2334,2026-08-17 12:47:54,Brian Lewis,yvivcharenko@example.net,508016,873192,Ford Tarragona,84.71,15,33.88,15.25,,
2335,2026-08-15 12:13:50,Данило Єресько,zlatoslavaiarema@example.net,507919,872980,2898 - הרב אבא אבוחירא (פרטי),82.98,47,33.19,14.94,,
2336,2026-08-28 22:49:11,Азар Кальченко,baranmakar@example.org,507763,872664,Eldirve Lithuania Panemunės Baseinas,57.03,71,22.81,10.27,,
2337,2026-09-05 13:14:01,Kelly Williams,harveyphilip@example.org,507763,872668,Eldrive Lithuania Panemunės Baseinas,20.96,95,8.38,3.77,,
2338,2026-08-29 04:24:43,Ernest Harding,volodymyrprokopovych@example.com,508001,873171,Virta north Seurakuntatalo,59.42,71,23.77,10.7,,
2339,2026-09-01 06:32:52,Мазур Ігор Микитович,izhakevychspas@example.net,507806,872776,Manies,10.78,91,4.31,1.94,,
2340,2026-09-04 14:03:22,Софія Рудько,zskinner@example.com,507919,872980,2898 - הרב אבא אבוחצירא (פרטי),7.45,87,2.98,1.34,,
2341,2026-09-01 10:00:37,Артем Перепелиця,ssheremet@example.com,507919,872985,2898 - הרב אבא אבוחצירא (פרטי),25.61,83,10.24,4.61,,
2342,2026-08-15 10:59:36,Kathy Shaw,hunkobohdanna@example.com,507807,872780,C.C. Los Alcore Sevilla,42.01,55,16.8,7.56,,
2343,2026-08-23 22:02:54,Сніжана Щербак,bruce94@example.com,507895,872922,Comharchumann Forbartha Chorca Dhuibhne,74.46,22,29.78,13.4,,
2344,2026-08-11 05:59:51,Данна Шведченко,alexanderryan@example.org,507829,872812,Wesco Reed City,63.17,104,25.27,11.37,,
2345,2026-08-09 02:42:05,Арсен Ісаєнко,jenniferbradley@example.com,507919,872986,2898 - הרב אבא אבוחצירא ((פרטי),64.42,103,25.77,11.6,,
2346,2026-08-15 06:36:38,Онисим Даниленко,nataliia96@example.org,507890,872915,A1: Shorouk 1 ⛽,39.04,12,15.62,7.03,,
2347,2026-08-27 06:51:48,Воблий Кирило Соломонович,davidjackson@example.org,507919,872976,2898 - הרב אבא אבוחצירא (פרטי),32.67,103,13.07,5.88,,
2348,2026-08-28 12:12:43,Carlos Carter,davistanya@example.com,507763,872663,Eldrive Lithuania Panemunės Baseinas,34.68,15,13.87,6.24,,
2349,2026-08-28 19:46:50,Micheal Vega,iokhrymovych@example.net,507824,872805,Ayunt. Sevilla. Calle José Velázquez Sánchez (Eranovum),84.01,102,33.6,15.12,,
2350,2026-09-01 08:54:44,Богуслава Дашенко,joseph21@example.net,999999,999999,2898 - הרב אבא אוחצירא (פרטי),8.21,17,3.28,1.48,,
2351,2026-08-12 15:51:15,Adrian Miranda,rduplii@example.net,507824,872805,Ayunt. Sevilla. Calle José Velázquez Sánchez (Ranovum),74.36,53,29.74,13.38,,
2352,2026-08-19 08:28:17,Tracy Harrington,omykhailiuk@example.org,507813,872787,Caprabo Mollerussa,51.29,118,20.52,9.23,,
2353,2026-08-10 05:37:43,Чумаченко Маруся Валентинівна,barrettashley@example.com,507866,872872,Mobive | La Souterraine | Rue des Fossés des Canards,40.09,116,16.04,7.22,,
2354,2026-08-19 13:29:51,Douglas Cox,jamesmorgan@example.org,507771,872713,ЖК Сколково Уан,63.02,117,25.21,11.34,,
2355,2026-08-16 19:30:49,Роксолана Комар,iukhym25@example.net,507920,872991,297 9- משרדים,43.93,42,17.57,7.91,,
2356,2026-09-05 02:33:59,Pamela Ramos,violetta33@example.org,507746,872636,Enegría Nufri,74.87,90,29.95,13.48,,
2357,2026-09-04 08:00:48,добродій Леонід Бабариченко,stacyjohnson@example.net,507763,872662,Eldrive Lithuania Panemunės Baesinas,77.06,84,30.82,13.87,,
2358,2026-09-05 10:47:46,Jennifer Vincent,deisunsvitlana@example.com,507763,872660,Eldrie Lithuania Panemunės Baseinas,38.74,86,15.5,6.97,,
2359,2026-08-21 15:38:57,пані Маруся Сімашкевич,ujohnson@example.com,507763,872662,Eldrive Lithuania Panemunės Baseinas,27.15,59,10.86,4.89,,
2360,2026-09-03 23:03:44,Леопольд Чміль,yosborne@example.net,507919,872980,28998 - הרב אבא אבוחצירא (פרטי),52.39,20,20.96,9.43,,
2361,2026-08-30 01:45:55,Wendy Williams,drivera@example.com,507763,872663,Eldrive Lithuania Panemunės Baseinas,77.99,104,31.2,14.04,,
2362,2026-08-29 06:52:38,Вʼячеслав Ажажа,stacey53@example.com,507866,872872,Mobive | La Souterraine | Rue Des Fossés  Des Canards,21.85,37,8.74,3.93,,
2363,2026-08-20 15:55:52,Григорій Сіробаба,rritter@example.com,507763,872672,Eldrive Lithuania Panemunės Baseinas,54.84,117,21.94,9.87,,
2364,2026-08-10 05:05:14,Тимофій Вакарчук,erivers@example.com,508002,873172,Virtta Kunnantalo Pohjoinen,55.52,0,22.21,9.99,,
2365,2026-08-21 09:44:16,Світлана Вернидуб,,507745,872634,Amreicawant Aw00012,63.65,50,25.46,11.46,,
2366,2026-08-12 20:52:43,Marvin Mccullough,havrylo12@example.com,508011,873186,Porto ELMInya Boardwalk 🏖️,15.53,25,6.21,2.8,,
2367,2026-08-14 08:18:02,Christopher Rodriguez,andrew09@example.com,508003,873173,Neste Liikenneasema Härkäpakair,62.27,77,24.91,11.21,,
2368,2026-08-18 20:03:42,Christina Murphy,briggsjacob@example.com,508003,873173,Neste Liikenneasema Härkäpakari,77.72,108,31.09,13.99,,
2369,2026-09-07 06:32:33,Larry Lewis,roman96@example.com,507827,872810,SPKLU UJB UPT Cawang 1,19.37,57,7.75,3.49,,
2370,2026-08-16 16:55:07,Jesse Gardner,pwhite@example.org,507763,872670,Eldrive Lithuania Panemunės Baseinas,24.0,65,9.6,4.32,,
2371,2026-08-18 16:15:55,Daniel Carroll,derrick59@example.org,507895,872922,Comharchumann Forbartha Chorca Dhuibhne,82.71,73,33.08,14.89,,
2372,2026-08-11 12:41:34,Robert Clarke,paulfitzpatrick@example.com,507861,872867,[eONE] Paseo del Este 1,19.48,68,7.79,3.51,,
2373,2026-09-03 11:41:17,Daniel Johnson,priska89@example.org,507919,872978,28988 - הרב אבא אבוחצירא (פרטי),73.35,99,29.34,13.2,,
2374,2026-09-06 14:55:32,Mark Miller,stefanishchak@example.com,507743,872632,AmericaWant AW00007,44.38,71,17.75,7.99,,
2375,2026-08-24 08:37:11,Богданна Міщенко,jason07@example.net,507820,872797,Carrefour Lcena (Endesa),24.78,85,9.91,4.46,,
2376,2026-08-22 16:38:01,Kelly Caldwell,dianeellis@example.org,508015,873190,CSIC ICIFOR,74.66,0,29.86,13.44,,
2377,2026-09-02 14:52:22,Anthony Jacobson,barannataliia@example.net,507823,872804,FamilyCash Montilla,40.62,110,16.25,7.31,,
2378,2026-08-15 05:30:31,Paul Martin,wbakumenko@example.org,507861,872867,[eONE] Paseo del Este 1,46.19,98,18.48,8.31,,
2379,2026-08-11 12:36:33,Karen Nichols,demianenkoprokhir@example.net,507763,872665,Eldrive Lithuannia Panemunės Baseinas,33.74,27,13.5,6.07,,
2380,2026-08-14 19:22:17,Цісик Захар Русланович,hendricksangela@example.com,508007,873179,Plugit Oulu Lentoasema (Oul),52.44,28,20.98,9.44,,
2381,2026-08-20 18:25:52,Kristina English,parmennikoliuk@example.com,507930,873007,Galway Bus Depot,18.08,96,7.23,3.25,,
2382,2026-08-24 06:48:21,Галина Павленко,zabramchuk@example.com,507806,872775,Manises,36.29,64,14.52,6.53,,
2383,2026-08-27 17:03:56,Steven Peck,megan70@example.org,507771,872713,Ж Ксколково Уан,82.55,111,33.02,14.86,,
2384,2026-08-15 13:10:41,Ashley Cordova,dawnmartin@example.net,507920,872993,2979 - משרדים,25.65,91,10.26,4.62,,
2385,2026-08-28 18:08:35,Nathan Mcneil,viemelianenko@example.org,507807,872779,C.C. Los Alcores Sevilla,57.54,35,23.02,10.36,,
2386,2026-08-30 14:08:40,Олесь Височан,ckhomyk@example.org,507763,872666,Eldrive Lithuania Panemunės Baseinas,31.02,15,12.41,5.58,,
2387,2026-08-13 03:59:57,Емілія Фоменко,afleming@example.org,507859,872865,Club House Florence,66.88,13,26.75,12.04,,
2388,2026-09-02 16:16:09,Віктор Рева,,508002,873172,Virta Kunnantalo pohjoinen,15.47,117,6.19,2.78,,
2389,2026-08-26 13:32:06,Алексюк Зорян Юстимович,hadamenko@example.com,507865,872871,Tesla Supercharger  Lexy,82.59,38,33.04,14.87,,
2390,2026-09-01 08:08:56,Steven Shaw,kylymnykroksolana@example.com,507763,872668,Eldrive Lithuania Panemuėns Baseinas,41.3,68,16.52,7.43,,
2391,2026-09-05 21:33:48,Онисим Чуприна,ebatiuk@example.org,507819,872795,Focc Dc-Charger,23.88,107,9.55,4.3,,
2392,2026-08-13 04:03:14,Harold Daniels,debra00@example.org,508005,873176,Plugit Ideapark Seinäjoki / K-Citymarket Ideapark,10.88,26,4.35,1.96,,
2393,2026-08-26 00:53:45,Christopher Patterson,lrudyk@example.net,507807,872779,C.C Los Alcores Sevilla,18.58,116,7.43,3.34,,
2394,2026-09-03 14:11:08,Вадим Цимбалюк,,507919,872979,2898 - הרב אבא אבוחצירא (פרטי),46.58,52,18.63,8.38,,
2395,2026-08-19 05:19:34,Matthew Frazier,hodunokzorian@example.com,508003,873173,Neste Liikenneasema Härkäpakari,31.96,89,12.78,5.75,,
2396,2026-08-18 22:21:39,Teresa Bullock,davidjohnson@example.com,508021,873198,Parkng Nn Espronceda,71.31,75,28.52,12.84,,
2397,2026-08-21 16:24:15,Влох Арсен Пантелеймонович,tsymbalsymon@example.net,508019,873196,Ayunt. Olost Piscines,39.47,43,15.79,7.1,,
2398,2026-08-22 09:56:45,Едуард Влох,cparasiuk@example.org,508002,873172,Virta Kunnantalo pohjoinen,24.9,17,9.96,4.48,,
2399,2026-09-04 05:11:56,Loretta Gardner,rostyslavizhak@example.com,507738,872623,GM Oil,54.37,22,21.75,9.79,,
2400,2026-09-05 03:08:22,Renee Contreras,aprilmyers@example.net,508017,873193,Parking Via Augusta,61.54,115,24.62,11.08,,
2401,2026-08-25 08:01:18,Ricardo Arnold,irynachalenko@example.net,999999,999999,Biteri etorbidea,18.36,17,7.34,3.3,,
2402,2026-08-10 21:03:48,Тереза Гречаник,mauriceball@example.net,507738,872624,Gm Il,18.41,0,7.36,3.31,,
2403,2026-08-30 22:59:15,Suzanne Gutierrez,reneehernandez@example.org,507780,872728,Warren Lodge ,7.93,105,3.17,1.43,,
2404,2026-08-14 16:16:58,James Walker,hollylee@example.net,507817,872792,Bm Tafala,63.91,109,25.56,11.5,,
2405,2026-08-30 01:40:17,Matthew Parker,vasylashkopylyp@example.com,507823,872804,FamilyCash Montilla,58.1,103,23.24,10.46,,
2406,2026-08-08 16:19:25,April Stout,klyment23@example.com,507829,872812,Wesco Reed City,42.97,74,17.19,7.73,,
2407,2026-08-18 11:15:14,Данна Сірко,hunterteresa@example.com,507859,872865,Club Hosue Florence,72.53,52,29.01,13.06,,
2408,2026-08-23 07:14:05,Tyler Haney,solomonandrea@example.com,507715,872554,Via Francesco Borromini,69.45,48,27.78,12.5,,
2409,2026-08-21 22:47:30,Ігор Єсипенко,,507780,872728,Warren Loge ,51.83,90,20.73,9.33,,
2410,2026-08-26 03:28:25,Rebecca Lane,,507763,872675,Eldrive Lithuania Paneumnės Baseinas,74.46,68,29.78,13.4,,
2411,2026-08-12 15:33:46,пан Пилип Дубенко,semenzabashta@example.com,508004,873174,Plugit Prodc Viiinkka,21.47,93,8.59,3.86,,
2412,2026-08-16 16:23:12,Kelly Kim,illiakorolenko@example.org,507890,872915,A1: Shorouk 1 ⛽,13.95,97,5.58,2.51,,
2413,2026-08-27 21:18:27,Богуслав Гоголь-Яновський,iushchenkoviacheslav@example.org,507746,872636,Energía Nnufri,26.58,95,10.63,4.78,,
2414,2026-08-20 00:20:00,Сергій Твердохліб,gomezmegan@example.net,507763,872675,Eldrive Lithuania Panemunės Baseinas,9.57,102,3.83,1.72,,
2415,2026-08-13 01:47:27,Caitlin Morris,svitlanadurdynets@example.com,507738,872624,GM Oil,47.49,95,19.0,8.55,,
2416,2026-08-08 16:48:06,Ольга Александренко,amanda46@example.com,507763,872662,Eldrive Lituhania Panemunės Baseinas,79.93,53,31.97,14.39,,
2417,2026-08-31 19:03:22,Богданна Смик,feofan42@example.org,507959,873058,"Svylos Gatvė 8, Ilnius",8.15,18,3.26,1.47,,
2418,2026-08-15 02:08:33,Богуслав Чумак,olhanesterenko@example.org,507806,872776,Manises,14.77,46,5.91,2.66,,
2419,2026-09-02 20:43:57,Matthew Walker,konoplenkoviktor@example.net,507866,872873,Mobive | La Souterraine | Rue des Fossés des Canards,41.18,83,16.47,7.41,,
2420,2026-08-09 02:21:22,Вʼячеслав Скирда,wendy58@example.net,507919,872977,2898 - הרב אא אבוחצירא (פרטי),79.71,45,31.88,14.35,,
2421,2026-08-25 07:49:44,Denise Donovan,zakharshapoval@example.com,507919,872986,2898 - הרב אבא אבוחצירא (פרטי),30.29,110,12.12,5.45,,
2422,2026-08-29 03:34:03,Мирослав Власюк,bennettlori@example.net,507829,872813,Wescco Reed City,45.58,101,18.23,8.2,,
2423,2026-08-31 20:05:50,Голобородько Василина Борисівна,nathanwilliams@example.com,507771,872714,Жк Ксолково Уан,8.33,37,3.33,1.5,,
2424,2026-08-19 18:16:42,Christopher Jones,eiaremenko@example.net,507865,872871,Tesla  Supercharger Lexy,16.87,51,6.75,3.04,,
2425,2026-08-12 23:36:51,Christine Garcia,babkosymon@example.net,507823,872804,FamilyCash Montilla,83.93,52,33.57,15.11,,
2426,2026-08-13 15:46:28,пані Богуслава Запорожець,dan30@example.com,507826,872809,Mercacentro,82.21,94,32.88,14.8,,
2427,2026-08-26 11:46:35,Erik Odonnell,melissadodson@example.org,508005,873175,Plugit Ideeapark Seinäjoki / K-Citymarket Ideapark,5.4,97,2.16,0.97,,
2428,2026-08-15 07:18:11,Аліна Дуплій,alexanderkeller@example.org,508013,873188,Watanya: Assyut West RD ⛽,81.14,51,32.46,14.61,,
2429,2026-08-15 02:39:45,Надія Ребрик,richardbrown@example.com,507763,872660,Eldrive Lithuania Panemunės Baseinas,56.13,113,22.45,10.1,,
2430,2026-08-11 23:14:29,Lindsay Smith DDS,ashleycortez@example.net,507743,872632,AmericaWant AW00007,74.43,75,29.77,13.4,,
2431,2026-09-07 06:36:34,Cheryl Johnson,ubrown@example.com,507771,872713,Жк Сколлково Уан,41.38,64,16.55,7.45,,
2432,2026-08-30 00:17:20,Руслан Дашенко,wardjohn@example.org,507771,872714,Жк Скоково Уан,46.25,81,18.5,8.32,,
2433,2026-08-18 23:45:49,Богдан Захаренко,kadeniukvalerii@example.com,508020,873197,Parking Garatge 2000,44.11,57,17.64,7.94,,
2434,2026-08-28 15:12:46,Златослава Ващенко-Захарченко,joneskatie@example.net,507742,872630,Americawantt Aw00009,58.35,100,23.34,10.5,,
2435,2026-08-19 04:38:40,Тетяна Жук,ronnie09@example.net,507763,872659,Eldrive Lithuania Panemunės Baseinas,16.17,31,6.47,2.91,,
2436,2026-08-13 12:35:11,Марина Шеремет,ndzyndra@example.net,507817,872792,BM Tafalla,7.4,110,2.96,1.33,,
2437,2026-08-14 15:01:28,Travis Nielsen,wpayne@example.org,507919,872983,2898 - הרב אבא בוחצירא (פרטי),29.63,36,11.85,5.33,,
2438,2026-08-25 17:06:17,Michael Clay,zabramchuk@example.org,507919,872978,298 - הרב אבא אבוחצירא (פרטי),61.37,102,24.55,11.05,,
2439,2026-08-23 21:57:33,Ashley Mcguire,demian62@example.net,507921,872994,2979 -- Dc,21.15,76,8.46,3.81,,
2440,2026-08-20 16:13:41,Daniel Bowen,izhakevychpriska@example.com,508017,873193,Parking Via Augusta,58.87,117,23.55,10.6,,
2441,2026-08-12 17:41:34,Jessica Burgess,,507919,872983,2898 - הרבא בא אבוחצירא (פרטי),82.59,22,33.04,14.87,,
2442,2026-09-04 12:17:23,Lisa Patterson,iaroslavaonyshchenko@example.org,507919,872976,2898 - הרב אבא אבוחציראא (פרטי),12.51,54,5.0,2.25,,
2443,2026-08-09 22:47:19,Mark Brown,borys39@example.org,507817,872792,BM Tafalla,58.81,19,23.52,10.59,,
2444,2026-08-18 14:53:51,Лукʼян Козак,kford@example.net,507806,872776,Manises,40.5,109,16.2,7.29,,
2445,2026-08-27 15:57:32,Ronald Newman,hjohnson@example.com,507932,873010,Ola: Sdaat ⛽,74.45,18,29.78,13.4,,
2446,2026-08-11 07:06:49,Brian Lamb,pelekhtymofii@example.com,507763,872668,Eldrive Lithuania Panemunės Baseeinas,19.17,63,7.67,3.45,,
2447,2026-09-01 16:07:19,Heather Jones,christopherguzman@example.org,507859,872864,Clubhouse Florence,60.41,36,24.16,10.87,,
2448,2026-08-14 02:53:31,Richard Martinez,ymykhailychenko@example.net,507919,872980,2898 - הרב אבא אבוחצירא (פרטי),72.05,43,28.82,12.97,,
2449,2026-09-01 21:35:31,Michelle Lewis,sdutka@example.net,507763,872667,Eldrive Lithuania Panemunės Baseinas,80.57,10,32.23,14.5,,
2450,2026-09-03 07:02:04,Kristina Cruz,ogomez@example.org,507820,872796,Carrefour Luecna (Endesa),59.66,41,23.86,10.74,,
2451,2026-08-26 04:14:45,Орхип Лукаш,dariusdavis@example.com,508012,873187,Porto ELMInya Club 🏓,44.77,98,17.91,8.06,,
2452,2026-08-15 01:18:26,Омелян Франко,jacob89@example.net,507921,872994,2979 - DC,54.43,102,21.77,9.8,,
2453,2026-09-05 05:44:50,Francisco Gonzalez,jessethomas@example.org,507958,873057,Hotel Hcc St. Moriitz,74.51,80,29.8,13.41,,
2454,2026-08-26 09:16:20,Dr. Jason Martinez Jr.,zabilaalbert@example.com,507823,872803,FamilyCash Montilla,50.65,76,20.26,9.12,,
2455,2026-08-31 12:18:28,Cynthia Smith,snelson@example.net,507741,872629,Americaawnt Aw00004,7.43,93,2.97,1.34,,
2456,2026-08-09 10:58:50,Тимофій Авраменко,timothy00@example.org,507806,872777,Manises,79.48,29,31.79,14.31,,
2457,2026-08-09 07:36:23,Ryan Powell,tfoster@example.net,507869,872878,Cepsa A Groba,60.16,103,24.06,10.83,,
2458,2026-08-19 02:53:41,Алла Бевзенко,kmorales@example.com,508015,873190,CSIC ICIFOR,59.12,44,23.65,10.64,,
2459,2026-08-11 13:59:14,Robert Cummings,nicole16@example.org,507744,872633,Americawant Aw0001,22.25,108,8.9,4.0,,
2460,2026-09-02 05:46:48,Gregory Miller,ronald04@example.com,507715,872554,Via Francesco Borromini,57.71,112,23.08,10.39,,
2461,2026-09-01 23:18:01,Anthony Evans DVM,,507805,872773,Polytron Kudus,36.51,100,14.6,6.57,,
2462,2026-08-29 05:02:13,Tracy Martinez,onishchukleonid@example.com,507822,872802,Ayuntt. Navalcarnero. Ciudad Deportiva,57.1,99,22.84,10.28,,
2463,2026-08-12 15:34:17,Ashley Walker,thomasjohnson@example.net,507806,872775,Maniess,13.53,87,5.41,2.44,,
2464,2026-08-22 02:48:34,Михайлина Цимбалюк,annette92@example.com,507763,872674,Eldrive Lithuania Panemunės Baseinas,57.63,26,23.05,10.37,,
2465,2026-08-23 16:36:13,Емілія Свистун,rodriguezcynthia@example.net,507813,872787,Caprabo Molleurssa,84.95,27,33.98,15.29,,
2466,2026-09-02 11:14:57,добродій Геннадій Бабій,ashleyjames@example.com,507820,872798,Carrefour Lucena (Endesa),8.86,54,3.54,1.59,,
2467,2026-08-16 04:33:48,Марта Валенко,skopenkoprokhir@example.net,507826,872809,Mercacentro,83.17,102,33.27,14.97,,
2468,2026-08-27 14:46:16,Lonnie Burnett,whitemichael@example.org,507763,872669,Eldrive Lithuania Panemunės Baseinas,37.55,93,15.02,6.76,,
2469,2026-08-23 16:54:35,Tammy Silva,rparasiuk@example.org,507715,872554,Via  Francesco Borromini,74.66,62,29.86,13.44,,
2470,2026-08-20 05:34:07,Галина Усик,jimmy15@example.net,507922,872997,EV24 Charging Station,67.59,100,27.04,12.17,,
2471,2026-08-20 12:22:32,Kelly Allen,cheryl54@example.com,507919,872980,2898 - הרב אבא  אבוחצירא (פרטי),50.36,91,20.14,9.06,,
2472,2026-08-29 17:44:46,Vanessa Morris,kennethrivera@example.com,507779,872726,Mcdonald'S  -Gallagher Retail Park,64.08,77,25.63,11.53,,
2473,2026-08-30 15:45:09,Dennis Phillips,kylescott@example.org,507763,872672,Eldrive Lithuania Panemunėsb Aseinas,75.28,74,30.11,13.55,,
2474,2026-08-23 15:53:06,Лариса Забіла,fostersarah@example.net,507866,872874,Mobive | La Souterraine | Rue des Fossés des Canards,37.33,10,14.93,6.72,,
2475,2026-08-14 10:41:50,Христина Бараник,svitlanaandriiovych@example.com,507961,873060,"Svylos gatvė 16, Vilnius",31.16,67,12.46,5.61,,
2476,2026-08-15 07:23:57,Ірена Шило,jeremy46@example.com,507807,872780,C.C. Los Alcores Sevilla,58.41,35,23.36,10.51,,
2477,2026-08-16 14:24:53,Brian Clark,hryhoriichernenko@example.org,507929,873006,Sligo Bus Depot,69.63,118,27.85,12.53,,
2478,2026-08-25 11:28:36,Emily Gibson,uanderson@example.com,508003,873173,Neste Liikenneasema Härkäpakari,65.98,29,26.39,11.88,,
2479,2026-08-16 18:03:43,Орхип Гук,venedykt32@example.org,507861,872867,[Eoen] Paseo Del Este 1,68.83,96,27.53,12.39,,
2480,2026-08-14 19:25:15,пан Климент Жученко,dkomar@example.net,507763,872657,Eldrive Lithuania Panemunėės Baseinas,39.85,19,15.94,7.17,,
2481,2026-08-14 09:04:55,Donald Martin,shakhraiarsen@example.com,507869,872878,Cepsa A Groba,70.43,68,28.17,12.68,,
2482,2026-08-24 21:51:08,Laura Garcia,rachel85@example.org,507740,872628,AmericaWant AW00001,14.62,84,5.85,2.63,,
2483,2026-08-21 20:24:59,Natasha Allen,ewood@example.net,507919,872981,2898 -ה רב אבא אבוחצירא (פרטי),48.56,50,19.42,8.74,,
2484,2026-08-21 09:53:40,Allen Stanley,antoniarema@example.org,507736,872615,Calle Montalbán,5.46,114,2.18,0.98,,
2485,2026-09-01 17:35:23,Bryan Pierce,,507919,872987,2898 - רב אבא אבוחצירא (פרטי),30.97,14,12.39,5.57,,
2486,2026-09-02 10:38:24,Chris Shaw,mykyta96@example.com,507763,872658,Eldrive Lithuania Panemunės Baseinas,34.32,74,13.73,6.18,,
2487,2026-08-11 08:07:38,Dominic Davis,hernandezcheryl@example.net,507824,872805,Ayunt. Sevilla. Calle José Velázquez Sánchez (Eranovum),36.69,26,14.68,6.6,,
2488,2026-09-05 04:00:22,Jenny Carter,mazurpanteleimon@example.org,508007,873179,Plugit Oulun Lentoasema (OUL),60.64,31,24.26,10.92,,
2489,2026-08-26 11:55:24,Donald Lawson,tryhubiakiv@example.com,507919,872979,2898 - הרב אבא אבוחצירא (פרטי),36.08,107,14.43,6.49,,
2490,2026-08-21 00:46:04,Anthony Wright,allison96@example.org,508005,873176,Plugit Ideapark Seinääjoki / K-Citymarket Ideapark,40.9,118,16.36,7.36,,
2491,2026-09-05 12:11:32,Аніта Атрощенко,courtney70@example.net,507891,872917,Spot Mall 🛍️,24.0,50,9.6,4.32,,
2492,2026-08-19 17:38:47,Joseph Hill,livingstonchelsea@example.org,507919,872976,298 - הרב אבא אבוחצירא (פרטי),34.86,102,13.94,6.27,,
2493,2026-08-10 18:50:38,Brian Gross,angela34@example.net,507820,872798,Carrefourlucena (Endesa),23.18,77,9.27,4.17,,
2494,2026-08-20 12:27:33,Christopher Harris DDS,fhughes@example.org,507763,872668,Eldrive Lithuania Panemunės Baseinas,10.86,78,4.34,1.95,,
2495,2026-08-31 13:10:54,Anna Gordon,artem34@example.org,507891,872917,Spot Malll 🛍️,53.28,20,21.31,9.59,,
2496,2026-08-27 05:44:22,Sarah Watts,qonishchuk@example.net,507737,872617,Calle Los Jazmines,58.46,65,23.38,10.52,,
2497,2026-08-17 08:02:26,Ганна Джунь,,507826,872809,Mercacetnro,54.56,60,21.82,9.82,,
2498,2026-09-04 11:40:12,Роксолана Данилюк,iashchukihnat@example.com,507779,872725,McDonald's - Gallagher Retail Park,42.08,30,16.83,7.57,,
2499,2026-08-19 13:06:55,Єлисей Петрик,isaac63@example.net,508020,873197,Parking Ggaratge 2000,35.38,108,14.15,6.37,,
2500,2026-08-20 16:47:01,Лілія Василашко,vlokhlevko@example.net,507919,872987,2898 - הרב אבא אבוחצירא (פרטי),74.07,85,29.63,13.33,,
2501,2026-08-24 04:17:15,Тимофій Акименко,sgordon@example.net,507863,872869,[Ev]E Axion Cardona,46.53,35,18.61,8.38,,
2502,2026-08-12 10:16:52,Lauren Freeman,johnsonlacey@example.net,507763,872661,Eldrive Lithuania Panemunės Baseinas,43.33,28,17.33,7.8,,
2503,2026-08-14 10:38:53,Бабко Алла Михайлівна,ashleyramirez@example.net,507919,872981,2898 - הרב אבא אבוחצירא (פרטי),7.05,118,2.82,1.27,,
2504,2026-08-17 08:29:14,Kelly Jackson,rozaliiadurdynets@example.net,507763,872666,Eldrive Lithuania Panemunės Baseinas,32.3,69,12.92,5.81,,
2505,2026-09-02 16:27:23,Артем Нестайко,esmall@example.com,507810,872784,Parking Parador de Cazotla,35.42,80,14.17,6.38,,
2506,2026-08-28 02:38:50,Nicholas Fritz,victoriaturner@example.com,507919,872981,2898 - הרב אבא אבוחצירא (פרטי),36.91,56,14.76,6.64,,
2507,2026-08-31 05:24:36,Dawn Ellis,kostiantynbaturynets@example.com,508011,873186,Portoo Elminya Boardwalk 🏖️,51.41,80,20.56,9.25,,
2508,2026-08-23 17:31:30,Gene Holmes,danhavrylyshyn@example.net,507890,872915,A1: Shorouk 1 ⛽,47.69,35,19.08,8.58,,
2509,2026-08-12 20:10:57,Michael Chandler,lmyers@example.com,507958,873057,Hotel Hccst. Moritz,53.63,49,21.45,9.65,,
2510,2026-08-09 00:49:15,Оксана Зінченко,jamesanderson@example.org,507763,872659,Eldrive Lithuania Panemunės Baseinas,66.19,14,26.48,11.91,,
2511,2026-08-18 09:20:05,Альбіна Карпа,lesykazar@example.org,507869,872878,Cepsa A Groba,70.04,30,28.02,12.61,,
2512,2026-09-05 00:25:06,Patrick Lee,gberry@example.org,507823,872804,FamilyCash Montilla,62.45,87,24.98,11.24,,
2513,2026-08-20 10:10:01,Tracie Wiley,,507829,872812,Wesco Eed City,81.44,13,32.58,14.66,,
2514,2026-08-26 12:36:21,Dr. Carrie Lozano,shakhraialevtyn@example.org,507806,872777,Manises,6.46,32,2.58,1.16,,
2515,2026-08-18 03:13:11,Jeanne Butler,stanislav77@example.org,507828,872811,Museo Del Calzado Y De La Industria,20.66,115,8.26,3.72,,
2516,2026-08-15 22:57:31,Andrew Meyer,xustenko@example.org,507779,872725,McDonald's - Gallagher Retail Park,5.61,93,2.24,1.01,,
2517,2026-08-28 13:15:46,Barbara Pope,ethomas@example.net,507763,872658,Eldrvie Lithuania Panemunės Baseinas,56.8,24,22.72,10.22,,
2518,2026-08-19 22:59:53,Wayne Porter,john02@example.com,507931,873009,Fira CCIB,-15.5,118,-6.2,-2.79,,
2519,2026-08-09 02:42:53,Дахно Марина Орестівна,briandavid@example.org,507763,872668,Eldrive Lithuania Panemunės Baseinas,24.48,102,9.79,4.41,,
2520,2026-08-08 17:14:22,Марія Башполченко,albina23@example.org,507959,873058,"Svylos Ggatvė 8, Vilnius",79.16,17,31.66,14.25,,
2521,2026-08-23 13:48:43,Andrew Campbell,iustyna20@example.org,507931,873009,Fira Ccb,9.82,50,3.93,1.77,,
2522,2026-08-18 14:36:17,Марʼяна Аврамчук,zjones@example.net,507802,872769,Kantor BPKP,79.75,28,31.9,14.35,,
2523,2026-08-29 00:39:25,Roy Williams,udovenkoiustyna@example.org,507859,872865,Club House Fflorence,33.13,112,13.25,5.96,,
2524,2026-08-11 13:19:08,Марія Вишивана,myroslavvlokh@example.com,507859,872865,Club House  Florence,13.11,55,5.24,2.36,,
2525,2026-08-22 05:33:22,Левченко Борис Соломонович,atsymbal@example.com,507763,872676,Eldrive Lithuania Panemunės Baseinas,,37,,,,
2526,2026-08-10 18:41:01,добродійка Марина Зінкевич,deckerthomas@example.net,507808,872782,Parqeu Comercial Alarzón (Burgos),25.54,119,10.22,4.6,,
2527,2026-09-02 21:05:58,Рудик Лариса Трохимівна,mallory61@example.net,507763,872665,Eldrive Lithuania Panemunės Baseinas,27.79,100,11.12,5.0,,
2528,2026-08-26 17:31:14,Walter Garcia,artem65@example.net,507763,872676,Eldrive Lithuania Panemunės Baseinas,29.58,77,11.83,5.32,,
2529,2026-08-12 18:27:16,Linda Thompson,ynosenko@example.net,507813,872787,Caprabo Mollerussa,69.24,24,27.7,12.46,,
2530,2026-09-02 04:24:07,Erica Lane,matthewbrennan@example.org,507803,872770,Hotel Laksa Ciater,48.13,108,19.25,8.66,,
2531,2026-08-27 18:59:19,Оксенія Жук,olesieresko@example.org,507779,872726,McDonald's - Gallagher Retail Park,29.9,46,11.96,5.38,,
2532,2026-09-06 09:08:40,Edward Ho,ilong@example.com,999999,999999,Ford Traragona,53.83,10,21.53,9.69,,
2533,2026-08-29 18:19:40,Jamie Liu,staceywashington@example.net,507771,872713,Жксколково Уан,62.29,76,24.92,11.21,,
2534,2026-08-20 03:23:42,Joseph Benson,xgerus@example.org,507763,872658,Eldrive Lithuania Panemunės Baseinas,26.81,33,10.72,4.83,,
2535,2026-08-21 07:36:45,Jeffrey Fisher,konopliavalentyn@example.org,507780,872727,Warren Lodge ,38.08,36,15.23,6.85,,
2536,2026-08-27 17:21:32,Thomas Johnson,bakumenkoiukhym@example.net,508022,873199,Plenoil La Orotavaa 2,14.75,49,5.9,2.66,,
2537,2026-08-24 02:06:00,Charles Meadows,orysiaieshchenko@example.net,507922,872996,Ev24 Charging Statiion,19.49,72,7.8,3.51,,
2538,2026-08-21 20:23:15,Зорян Гузенко,caldwellpatricia@example.org,507920,872988,2979 - שרדים,,70,,,,
2539,2026-08-12 06:33:11,Ryan Martinez,roytodd@example.net,508004,873174,Plugit ProDC Viinikka,19.52,45,7.81,3.51,,
2540,2026-08-15 06:07:04,Швайка Аніта Аркадіївна,lizanehoda@example.com,508008,873180,Virta Kauppakeskus Kaakkurinkulma,47.01,107,18.8,8.46,,
2541,2026-08-16 04:36:09,Василина Петренко,,507919,872984,2898 - הרב אבא אוחצירא (פרטי),61.72,102,24.69,11.11,,
2542,2026-08-16 15:02:48,Миколай Юрчишин,oryna52@example.net,508004,873174,Plugit ProDC Viinikka,13.55,33,5.42,2.44,,
2543,2026-08-31 06:31:46,Barbara Richards,snydergerald@example.org,508021,873198,Parking Nn Esprnceda,50.38,33,20.15,9.07,,
2544,2026-08-28 09:09:27,Кирило Данченко,pgoodman@example.org,507825,872808,Calle Alfredd Nóbel,25.53,115,10.21,4.6,,
2545,2026-09-03 15:56:00,Steven Bowman,frankward@example.com,508022,873199,Plenoil la Orotava 2,82.03,13,32.81,14.77,,
2546,2026-08-18 17:26:59,Марʼяна Адаменко,vitaliikozak@example.org,507824,872805,Ayunt. Sevilla. Calle José Velázquez Sánchez (Eranovum),43.68,76,17.47,7.86,,
2547,2026-08-23 14:44:26,Christina Jones,gina49@example.net,507763,872677,Eldrive Lithuana Panemunės Baseinas,69.48,43,27.79,12.51,,
2548,2026-08-21 12:17:33,Богодар Височан,reginasingh@example.org,507919,872982,2898 - הרב אבא אבוחצירא (פרטי),49.02,66,19.61,8.82,,
2549,2026-08-13 00:53:02,Тереза Артеменко,myroslavveres@example.com,507746,872636,Energgía Nufri,8.47,58,3.39,1.52,,
2550,2026-08-23 09:58:20,Timothy Evans,torresmary@example.com,507920,872990,2979 - משרדים,55.65,96,22.26,10.02,,
2551,2026-08-19 02:03:12,Dr. Sarah Payne,nelsonandrew@example.org,507919,872983,2898 - הרב אבא אבוחצירא (פרטי),81.11,62,32.44,14.6,,
2552,2026-08-15 20:20:45,Lisa Reynolds,mariia68@example.net,507822,872802,Ayunt. Nvaalcarnero. Ciudad Deportiva,53.13,32,21.25,9.56,,
2553,2026-08-20 16:43:55,Клавдія Дрозд,salazarnancy@example.org,507818,872793,Parking Caravanas El Pueyo,70.54,118,28.22,12.7,,
2554,2026-08-27 21:11:39,Масоха Марина Пантелеймонівна,sscott@example.org,508012,873187,Potro Elminya Club 🏓,75.74,78,30.3,13.63,,
2555,2026-08-23 03:42:38,Яремчук Зорян Прохорович,nwalters@example.org,507744,872633,AmericaWant AW00011,23.25,104,9.3,4.18,,
2556,2026-08-17 02:06:24,Michael Rodriguez,lhall@example.com,507861,872867,[eONE] Paseo del Este 1,21.96,62,8.78,3.95,,
2557,2026-08-28 06:41:13,Brittany Campbell,kflores@example.org,507930,873007,Gaalway Bus Depot,53.88,71,21.55,9.7,,
2558,2026-09-04 15:16:09,Августин Непорожній,andresmiller@example.com,507763,872657,Eldrive Lithuania Panemunės Baseinas,37.88,0,15.15,6.82,,
2559,2026-08-13 05:53:56,Франц Чекалюк,thomascassandra@example.org,507823,872804,Famlycash Montilla,72.19,66,28.88,12.99,,
2560,2026-08-13 14:16:00,пан Болеслав Шило,edwardmitchell@example.org,507920,872988,2979 - משרדים,77.0,69,30.8,13.86,,
2561,2026-08-14 13:02:21,William Howard,jrobinson@example.net,507919,872985,2898 - הרב אבא אבוחצירא (פרטי),33.27,63,13.31,5.99,,
2562,2026-08-11 15:23:09,Соломія Тиха,katherine96@example.org,507739,872627,Cepsa Gandia,23.95,79,9.58,4.31,,
2563,2026-08-14 23:49:49,Данна Романчук,stevencortez@example.org,507744,872633,AmericaWant AW00011,67.44,110,26.98,12.14,,
2564,2026-08-28 02:14:51,Scott Taylor,margaretsharp@example.net,507865,872871,Tesla Suupercharger Lexy,26.98,66,10.79,4.86,,
2565,2026-08-12 17:26:56,Andrea Franco,samoilenkorostyslav@example.org,507820,872797,Carrefour Lucena (Endesa),70.81,19,28.32,12.75,,
2566,2026-08-12 06:54:09,John Hopkins,cindy08@example.com,507763,872658,Eldrive Lithuania Panemunės Baseinas,38.9,49,15.56,7.0,,
2567,2026-08-11 18:39:05,Fred Moses,eduardtsushko@example.org,507763,872662,Eldrive Lithuania Panemunės Baseinas,58.4,16,23.36,10.51,,
2568,2026-08-30 04:10:15,Sandra Jones,velychkomarko@example.net,508019,873196,Ayunt. Olost Piscinse,12.64,112,5.06,2.28,,
2569,2026-08-13 02:41:56,Вадим Ісаєнко,bohuslavlytvyn@example.org,508013,873188,Watanya: Assyut West RD ⛽,54.91,47,21.96,9.88,,
2570,2026-08-14 14:17:28,Леонтій Шухевич,vasylrak@example.org,507930,873007,Galway Bus Depot,41.14,94,16.46,7.41,,
2571,2026-08-31 00:38:02,Vicki Stokes,william15@example.net,507867,872875,Caldas Da Rainha (Zunder),51.93,70,20.77,9.35,,
2572,2026-08-16 19:15:27,Єва Сомко,avasylashko@example.net,507920,872988,2979 - משדים,18.44,93,7.38,3.32,,
2573,2026-08-27 19:44:34,Amy King,aevans@example.org,508008,873180,Virta Kauppakeskus Kaakkurinkulma,-15.5,12,-6.2,-2.79,,
2574,2026-08-10 01:53:07,Антон Чайка,makar88@example.org,508001,873171,Virta north Seurakuntatalo,74.02,60,29.61,13.32,,
2575,2026-08-29 08:38:08,Sara Mclean,vanessa20@example.org,507740,872628,AmericaWant AW00001,22.34,95,8.94,4.02,,
2576,2026-08-25 19:54:35,Jerry Anderson,ashleyshaw@example.com,507919,872985,2898 - הרב אבא אבוחצירא (פרטי),12.66,56,5.06,2.28,,
2577,2026-08-17 17:34:58,Юстина Цушко,usanchez@example.net,508005,873176,Plugit Ideapark Seinäjoki / K-Citymarket Ideapark,6.89,77,2.76,1.24,,
2578,2026-08-22 05:35:25,Patrick Hamilton,,507801,872768,Starlite Sunter Bisma,56.36,101,22.54,10.14,,
2579,2026-08-15 20:42:15,Альбіна Верхола,slittle@example.com,507825,872808,Calle Alfred Nóbel,53.57,85,21.43,9.64,,
2580,2026-09-07 11:01:19,Володимира Аврамчук,larsonjennifer@example.org,508016,873192,Foord Tarragona,48.74,47,19.5,8.77,,
2581,2026-08-22 23:21:30,Laura Lin,danielthomas@example.com,507920,872991,2979- משרדים,23.56,45,9.42,4.24,,
2582,2026-08-28 15:32:30,Nicholas Bartlett,boryslavstets@example.org,507929,873006,Sligo Buss Depot,36.27,50,14.51,6.53,,
2583,2026-08-11 14:34:54,Daniel Carey,olha10@example.com,507763,872677,Eldrive Lithuania Panemunės Baseinas,52.56,78,21.02,9.46,,
2584,2026-08-22 05:29:55,Steven Castaneda,violetta31@example.com,507745,872634,AmericaWant AW00012,,22,,,,
2585,2026-08-15 07:25:39,пані Богуслава Василенко,davismichelle@example.com,507919,872985,2898 - הרב אבא אבוחצירא (פרטי),84.02,96,33.61,15.12,,
2586,2026-08-18 07:55:16,Гліб Вітрук,ndzhun@example.net,507763,872665,Eldrive Lithuania Panemnės Baseinas,15.92,67,6.37,2.87,,
2587,2026-09-04 00:56:31,Баклан Мілена Аврелійовна,pearsonwillie@example.org,507829,872813,Wesc Oreed City,60.61,59,24.24,10.91,,
2588,2026-08-27 05:10:43,Григорій Ковалюк,havriushenkoiosyp@example.com,507763,872660,Eldrive Lithuania Panemunės Baseinas,37.35,39,14.94,6.72,,
2589,2026-08-31 22:24:32,Andrea Savage,ssmith@example.net,507930,873007,Galway Bus Depot,39.26,71,15.7,7.07,,
2590,2026-08-25 08:21:53,Kenneth Castaneda,hrechanykavhustyn@example.com,507779,872726,Mcdonalds' - Gallagher Retail Park,62.41,110,24.96,11.23,,
2591,2026-08-27 12:01:59,Anthony Terry,volodymyradzyndra@example.org,507740,872628,AmericaWant AW00001,60.39,34,24.16,10.87,,
2592,2026-08-17 09:02:12,Ярема Корж,moniquesmith@example.net,507811,872785,Alcampo Vilagarcía,84.3,36,33.72,15.17,,
2593,2026-08-24 03:03:19,Оксенія Копитко,zakhar43@example.net,507919,872982,2898 - הרב אבא אבוחצירא (פרטי),15.27,60,6.11,2.75,,
2594,2026-08-10 01:40:37,Анжела Давиденко,zasenkodaryna@example.net,507919,872982,2898 - הרב אבא אבוחצירא (פרטי),13.33,87,5.33,2.4,,
2595,2026-08-11 11:47:59,Пилип Пелех,kzubko@example.net,507958,873057,Hotel HCC St. Moritz,62.95,66,25.18,11.33,,
2596,2026-09-03 08:22:09,Богуслава Атрощенко,tkachenkosymon@example.net,507956,873053,Maxim Roup 💼,-15.5,56,-6.2,-2.79,,
2597,2026-09-05 23:55:57,Dr. Linda Salazar,lynnavila@example.org,508018,873194,Parking NN Diagonal,26.93,109,10.77,4.85,,
2598,2026-08-16 09:30:44,Леон Гузь,,507771,872714,ЖК Сколково Уан,11.35,48,4.54,2.04,,
2599,2026-08-20 16:18:37,Ashley Crawford,,507864,872870,[ChargeBox] Parking La Rural,11.85,25,4.74,2.13,,
2600,2026-08-21 14:03:45,Єфрем Щербань,edytausyk@example.net,507866,872872,Mobive | La Souterraine | Rue  Des Fossés Des Canards,76.54,31,30.62,13.78,,
2601,2026-08-19 07:10:08,Sherri Perez,jasonwebb@example.net,507820,872796,Carrefour Lucena (Endesa),20.35,94,8.14,3.66,,
2602,2026-08-25 20:54:48,Еріка Скопенко,mykhailyna18@example.com,507867,872876,Caldas Da Rainha (Zunder),30.87,63,12.35,5.56,,
2603,2026-08-17 04:42:28,Альберт Стус,gudovychenko@example.org,507892,872918,B& B Hoetl Carabanchel ,23.13,30,9.25,4.16,,
2604,2026-09-06 09:52:16,Jessica Simmons,tammy10@example.org,507829,872812,Wesco Reed Icty,33.4,0,13.36,6.01,,
2605,2026-08-26 01:32:55,Віолетта Свириденко,snizhanaabramchuk@example.org,508015,873190,CSIC ICIFOR,10.55,25,4.22,1.9,,
2606,2026-08-25 17:16:31,Jeffrey Brown,iustynazaika@example.org,507743,872632,AmericaWant AW00007,46.52,68,18.61,8.37,,
2607,2026-09-04 23:36:19,Аліна Іващенко,pavlosimashkevych@example.com,507828,872811,Museo Deel Calzado Y De La Industria,10.41,40,4.16,1.87,,
2608,2026-09-01 13:01:18,Stacy Mcguire,tdashenko@example.net,507746,872635,Energía Nufri,69.03,51,27.61,12.43,,
2609,2026-08-17 04:04:28,Андрейко Устим Симонович,fshelest@example.com,507827,872810,SPKLU UJB UPT Cawang 1,23.7,83,9.48,4.27,,
2610,2026-08-10 11:46:01,Антон Барабаш,rebrykmarusia@example.net,507763,872663,Eldrive Lihuania Panemunės Baseinas,48.2,41,19.28,8.68,,
2611,2026-08-11 08:58:35,пані Маруся Романенко,adamnolan@example.net,508002,873172,Virta Kunnantalo pohjoinen,75.41,68,30.16,13.57,,
2612,2026-09-06 20:31:26,Гузь Нестор Євгенійович,leontii19@example.org,507867,872875,Caldasda Rainha (Zunder),57.07,43,22.83,10.27,,
2613,2026-08-09 14:45:14,Mary Jones,hhuber@example.com,507820,872796,Carrefour Lucena (Endesa),47.64,18,19.06,8.58,,
2614,2026-08-08 16:19:56,Рябець Златослава Климентівна,klavdiia69@example.net,507812,872786,Mercadona Cenrto Logístico Vitoria,30.95,90,12.38,5.57,,
2615,2026-09-07 11:03:17,Penny Carter,pavlo72@example.net,508016,873192,Ford Tarragona,31.64,20,12.66,5.7,,
2616,2026-08-14 23:34:02,Георгій Оробець,roksolanamakarenko@example.com,507763,872677,Eldrive Lithuana Panemunės Baseinas,58.56,105,23.42,10.54,,
2617,2026-08-17 06:17:30,Оксана Якименко,wferguson@example.org,507828,872811,Museo Del Calzado Y De La Industrria,,19,,,,
2618,2026-08-11 12:55:25,Thomas Skinner,taylorshane@example.com,507763,872659,Eldrive Lithuania Panemunės Baseinas,57.95,95,23.18,10.43,,
2619,2026-08-15 19:37:59,Ірина Голобородько,onysym39@example.com,508009,873181,Ionity Ionity Pudasjjärvi,49.62,26,19.85,8.93,,
2620,2026-08-14 00:46:04,Rachel Johnson,gallagherjoanna@example.org,507763,872675,Eldrive Lithuania Panemunės Baseinas,63.45,77,25.38,11.42,,
2621,2026-08-12 04:02:29,Онисим Чумак,obabak@example.com,507859,872865,Club House Floorence,42.22,57,16.89,7.6,,
2622,2026-08-27 20:26:18,Амалія Лазаренко,lreva@example.com,507823,872804,FamilyCash Montilla,9.81,61,3.92,1.77,,
2623,2026-08-24 23:39:29,Elizabeth Hanna,ngoliash@example.com,507868,872877,Asador Montelueñ O(Iberdrola),49.98,34,19.99,9.0,,
2624,2026-08-24 07:23:45,Соломія Яценюк,hartangela@example.net,507763,872672,Eldrive Lithuania Panemunės Baseinas,81.61,30,32.64,14.69,,
2625,2026-08-16 07:02:29,Ігнат Чарниш,gina74@example.net,508013,873188,Watanya: Assyut West RD ⛽,19.02,110,7.61,3.42,,
2626,2026-09-01 07:09:54,Сніжана Євтушок,richard18@example.org,507763,872660,Eldrive Lithuania Panemunės Baseinas,60.2,111,24.08,10.84,,
2627,2026-08-17 02:29:48,Mary Johnson,jenkinsjohn@example.com,507823,872804,FamilyCash Montilla,21.07,74,8.43,3.79,,
2628,2026-08-19 11:37:34,Susan Webster,raymondperkins@example.net,508003,873173,Neste Liikenneasema Härkäpakari,47.87,72,19.15,8.62,,
2629,2026-08-27 00:23:07,Susan Patrick,,507866,872873,Mobive | La Souterraine | Rue des Fossés des Canards,12.73,98,5.09,2.29,,
2630,2026-08-22 22:40:24,Демʼян Цибуленко,xvelychko@example.net,507827,872810,Spkl Ujb Upt Cawang 1,41.03,60,16.41,7.39,,
2631,2026-08-17 06:34:52,Tanya Goodwin,myroslav50@example.net,507763,872671,Eldrive Lithuania Panemunės Basenas,65.49,45,26.2,11.79,,
2632,2026-09-05 10:56:13,Пармен Мамчур,uandriichuk@example.org,507958,873057,Hotel Hcc St.Moritz,32.81,90,13.12,5.91,,
2633,2026-09-05 04:42:05,Nathan Mack,panchuksolomon@example.org,507763,872662,Eldrive Lihtuania Panemunės Baseinas,58.19,114,23.28,10.47,,
2634,2026-08-17 11:40:36,James Reese,sanderskelly@example.net,507919,872978,2898 - הרב אבא אבוחצירא (פרטי),68.64,97,27.46,12.36,,
2635,2026-09-07 07:50:48,Аліна Ляшко,vasylenkozakhar@example.com,507931,873009,Fira Cib,79.17,75,31.67,14.25,,
2636,2026-09-05 02:26:59,David Daniels,abigail30@example.net,507863,872869,[Eve] Axion Carodna,23.77,0,9.51,4.28,,
2637,2026-09-01 17:38:00,Amanda Hill,demydenkoalla@example.com,507736,872615,Calle Montalbán,36.95,24,14.78,6.65,,
2638,2026-08-24 17:22:31,Rachel Patrick,vartym@example.org,507863,872869,[Eve] Axion Cardoan,17.19,105,6.88,3.09,,
2639,2026-08-20 04:49:17,Михайлина Короленко,pjoyce@example.org,507823,872804,FamilyCash Montilla,84.4,48,33.76,15.19,,
2640,2026-08-24 03:48:08,пані Аліна Шелест,akaras@example.org,507780,872728,Warren Lodge ,79.16,79,31.66,14.25,,
2641,2026-08-12 22:54:33,Щорс Олесь Ярославович,arsenredko@example.com,507806,872775,Maanises,48.2,10,19.28,8.68,,
2642,2026-08-30 07:53:51,пані Богданна Лубенець,xgarcia@example.net,507829,872813,Wesco Red City,72.36,32,28.94,13.02,,
2643,2026-08-21 12:31:51,Jessica Scott,andredonaldson@example.com,507921,872994,2979- Dc,46.68,48,18.67,8.4,,
2644,2026-08-20 18:16:20,Johnny Perez,colton49@example.org,507802,872769,Kantor BPKP,54.89,0,21.96,9.88,,
2645,2026-08-25 15:52:34,Аніта Іщак,ryan90@example.net,507807,872779,C.C. Los Alcore Ssevilla,12.13,90,4.85,2.18,,
2646,2026-08-13 21:24:19,Варфоломій Деряжний,valdezalyssa@example.org,507763,872674,Eldrive Lithuania Panemunės Baseinas,65.42,43,26.17,11.78,,
2647,2026-08-10 23:37:55,Amanda Love,johnsoncrystal@example.org,507771,872713,ЖК Сколково Уан,15.22,50,6.09,2.74,,
2648,2026-08-29 22:05:58,Конопленко Гаврило Аврелійович,pamela10@example.org,507763,872658,Eldrive Lituhania Panemunės Baseinas,71.09,102,28.44,12.8,,
2649,2026-08-16 17:20:03,Amanda Young,kevin42@example.net,507820,872799,Carrefour Lucena (Endesa),67.56,82,27.02,12.16,,
2650,2026-09-01 14:01:05,Орина Гавришкевич,rshyian@example.net,507763,872664,Eldrive Lithuania Panemunės Baseinas,61.7,22,24.68,11.11,,
2651,2026-08-25 16:45:00,Михайлина Сиротенко,zhansen@example.com,507930,873007,Galway Bus Deopt,7.89,79,3.16,1.42,,
2652,2026-08-13 13:42:32,Jeffery Campbell,anton62@example.org,507990,873122,[eOne] Campera Almacen 1,29.25,15,11.7,5.26,,
2653,2026-09-05 17:01:10,Розалія Пилипенко,petro99@example.com,507958,873057,Hotel Hcc St. Morittz,26.05,93,10.42,4.69,,
2654,2026-08-16 13:02:40,Jade Dunlap,,507739,872627,Cepsa Ganndia,33.81,61,13.52,6.09,,
2655,2026-08-12 05:24:49,Caitlin Williams,lesliecoleman@example.org,507829,872812,Wesco Reed City,12.01,12,4.8,2.16,,
2656,2026-08-22 23:07:46,пан Нестор Заруба,viacheslavzaichenko@example.org,508020,873197,Parrking Garatge 2000,79.96,90,31.98,14.39,,
2657,2026-08-24 02:52:05,Priscilla Romero,jasonreid@example.net,507763,872672,Eldrive Lithuania Panemunės Baseinas,49.3,72,19.72,8.87,,
2658,2026-08-13 17:32:58,Jamie Aguilar,qmcguire@example.com,508013,873188,Watanya: Assyut West RD ⛽,29.44,58,11.78,5.3,,
2659,2026-08-25 05:46:17,Богданна Василевич,tlester@example.net,507866,872873,Mobive | La Souterraine | Rue Des Fossés Des  Canards,,85,,,,
2660,2026-08-26 20:58:34,Мирон Фесенко,nathan39@example.com,507771,872713,ЖК Сколково Уан,40.78,56,16.31,7.34,,
2661,2026-08-12 06:55:12,Макар Баклан,coleholloway@example.org,507772,872715,Готсиница Карелия 282 Км,53.05,118,21.22,9.55,,
2662,2026-08-25 01:16:37,Kelly Stewart,avhustyn71@example.org,507780,872728,Warren Lodge ,46.25,64,18.5,8.32,,
2663,2026-08-10 03:38:44,Григорій Кармалюк,jessica31@example.org,508021,873198,Parking NN Espronceda,78.55,73,31.42,14.14,,
2664,2026-08-16 15:46:18,Randall Cox,shovkopliasleontii@example.com,507779,872724,Mcodnald'S - Gallagher Retail Park,,74,,,,
2665,2026-08-16 06:34:31,William Steele,varfolomiigereta@example.net,507919,872982,2898 - הרב אאבא אבוחצירא (פרטי),84.37,90,33.75,15.19,,
2666,2026-08-13 13:30:36,Shirley Cox,sandrabowman@example.net,507741,872629,AmericaWant AW00004,73.11,76,29.24,13.16,,
2667,2026-08-18 15:01:11,Angela Cox,xmoore@example.com,507895,872922,Comharchumann Forbartha Chorca Dhuibhne,21.68,99,8.67,3.9,,
2668,2026-08-28 12:22:54,Joann Barnes,edyta55@example.net,507864,872870,[Chargebox] Aprking La Rural,79.45,24,31.78,14.3,,
2669,2026-08-22 07:32:03,пан Юстим Тригуб,henrybarnett@example.org,507808,872782,Parque Comercial Alarzón (Burgos),14.31,109,5.72,2.58,,
2670,2026-08-20 04:17:59,Симон Малишко,jenniferedwards@example.com,507919,872983,2898 - הרב אבא אבוחצירא (פרטי),70.4,41,28.16,12.67,,
2671,2026-08-11 01:21:56,Brad Fisher,amaliia59@example.org,508018,873194,Parking NN Diagonal,35.45,105,14.18,6.38,,
2672,2026-09-05 09:41:46,Олександр Жаліло,brownsabrina@example.net,507820,872796,Carrefour Lucena (Endesa),75.24,0,30.1,13.54,,
2673,2026-08-16 02:28:52,Августин Джунь,oleh91@example.com,507919,872984,2898 - הרב אבא אבוחצירא (פרטי),74.44,27,29.78,13.4,,
2674,2026-08-26 03:55:56,пані Тереза Вітрук,eparker@example.org,507807,872781,C.C.L Os Alcores Sevilla,69.47,0,27.79,12.5,,
2675,2026-08-29 09:43:59,Стефан Худобʼяк,michaelthomas@example.com,507961,873060,"Svylos gatvė 16, Vilnius",68.2,52,27.28,12.28,,
2676,2026-08-22 22:42:39,Антон Гупало,whitakermegan@example.org,507809,872783,Hotel Restaurante HQ La Galería,29.37,44,11.75,5.29,,
2677,2026-08-18 08:10:26,Heather Morales,jacqueline97@example.org,507823,872804,FamilyCash Montilla,11.47,113,4.59,2.06,,
2678,2026-08-09 21:31:13,Богодар Полтавець,melanie93@example.org,507920,872990,2979 - משרדים,37.24,87,14.9,6.7,,
2679,2026-08-16 22:34:12,Lisa Mcknight,tracyferguson@example.org,507802,872769,Kantor Bpkkp,18.88,67,7.55,3.4,,
2680,2026-08-12 14:59:54,Пріска Черненко,bairakiefrem@example.com,507865,872871,Tsela Supercharger Lexy,60.6,42,24.24,10.91,,
2681,2026-08-14 06:06:49,Natalie Graham,sachenkoillia@example.org,508005,873176,Pluugit Ideapark Seinäjoki / K-Citymarket Ideapark,32.69,23,13.08,5.88,,
2682,2026-08-27 22:37:08,Morgan Cummings,gvalenko@example.com,507919,872982,2898 - הרב אבא אבוחיצרא (פרטי),83.05,43,33.22,14.95,,
2683,2026-09-01 09:22:30,Ада Семенченко,zaikadmytro@example.com,507920,872988,2979 - משרדים,56.28,70,22.51,10.13,,
2684,2026-08-13 01:43:05,Jeffrey Romero,alecwilcox@example.com,507820,872796,Carrefour Lucena (Endesa),70.8,13,28.32,12.74,,
2685,2026-08-17 14:56:18,Anne Evans,olena15@example.org,507866,872874,Mobive | La Souterraine | Rue Des Fossés Des Anards,15.6,97,6.24,2.81,,
2686,2026-08-27 03:57:07,Joseph Fox,tsimashkevych@example.com,507929,873006,Sligo Bu Sdepot,73.96,68,29.58,13.31,,
2687,2026-08-17 16:55:15,James Todd,saradaniel@example.com,507959,873058,"Svylos gatvė 8, Vilnius",78.82,38,31.53,14.19,,
2688,2026-08-10 19:31:06,Ірина Христич,aleksiukielysaveta@example.org,507919,872977,2898 -ה רב אבא אבוחצירא (פרטי),43.96,92,17.58,7.91,,
2689,2026-08-29 23:52:15,Lisa Garcia,mjennings@example.com,507772,872715,Гостиница Кареиля 282 Км,-15.5,15,-6.2,-2.79,,
2690,2026-08-21 10:25:13,Dwayne Tucker,vcrawford@example.com,507804,872771,Fastned - Mundolsheim,66.18,106,26.47,11.91,,
2691,2026-08-21 16:26:00,Гордій Конопленко,lmahoney@example.com,508016,873192,Ford Tarrgona,18.99,58,7.6,3.42,,
2692,2026-08-15 23:36:57,пан Борис Верхола,klyment36@example.org,507763,872674,Eldrive Lithuania Panemunės Baseinas,45.21,49,18.08,8.14,,
2693,2026-08-12 19:23:32,Лукʼян Дробʼязко,bsoto@example.com,507812,872786,Mercadona Centro Logístico Vitoria,36.89,92,14.76,6.64,,
2694,2026-09-03 22:22:11,Алевтин Єщенко,lynchbarbara@example.org,507743,872632,AmericaWant AW00007,16.71,74,6.68,3.01,,
2695,2026-09-06 06:37:01,Артим Святослава Веніяминівна,verkholavioletta@example.net,507920,872993,2979 - משרדים,34.4,78,13.76,6.19,,
2696,2026-09-04 12:31:44,Laura Dennis,bperez@example.net,507866,872872,Mobive | La Souterraine | Rue Des Fossés Des Canaards,-15.5,36,-6.2,-2.79,,
2697,2026-08-27 10:32:50,Григорій Гаврилів,dan11@example.net,508001,873171,Virta North Seurakunntatalo,7.06,89,2.82,1.27,,
2698,2026-09-03 15:27:20,пані Лілія Вдовиченко,rebecca24@example.com,507763,872665,Eldrive Lithuania Panemunės Baseinas,,15,,,,
2699,2026-09-05 10:47:47,Гайдай Захар Федорович,christine97@example.net,507933,873011,Valle Verde Center,82.05,113,32.82,14.77,,
2700,2026-08-31 18:25:18,Віталій Валенко,xjackson@example.com,507763,872670,Eldrive Lithuania Panemunės Baseinas,48.96,22,19.58,8.81,,
2701,2026-08-12 11:31:31,George Chavez,karen28@example.net,507820,872796,Carrefour Lucean (Endesa),82.27,73,32.91,14.81,,
2702,2026-08-10 07:59:51,Давид Бабак,riabovilhordii@example.org,507763,872660,Eldrive Lithuania Panemunės Baseinas,39.6,71,15.84,7.13,,
2703,2026-08-14 11:40:28,Michael Boyd,msimon@example.net,507772,872715,Гостиница Ккарелия 282 Км,29.95,108,11.98,5.39,,
2704,2026-08-17 00:57:16,Опанас Атрощенко,nazarbaida@example.net,507817,872792,BM Tafalla,45.49,28,18.2,8.19,,
2705,2026-08-18 22:24:21,Сніжана Зінченко,dderevianko@example.org,507919,872985,2898 - הרב אבא אבוחצירא (פרטי),40.16,85,16.06,7.23,,
2706,2026-08-14 18:33:12,Данна Ющенко,ruth45@example.org,507932,873010,Ola:S Adat ⛽,13.45,89,5.38,2.42,,
2707,2026-08-29 04:48:13,Гордій Гунько,ronaldhodges@example.org,507763,872676,Eldrive Lithuania Panemunės Baseinas,56.27,52,22.51,10.13,,
2708,2026-08-29 18:48:21,Арсен Засядько,millerjessica@example.net,507919,872981,2898 - הרב אבא אבוחצירא (פרטי),22.28,83,8.91,4.01,,
2709,2026-08-15 19:49:36,пані Ірина Дуплій,viktoriiazabarnyi@example.com,507763,872662,Eldrive Lithuania Panemunės Baseinas,54.57,98,21.83,9.82,,
2710,2026-08-24 04:04:16,пані Сніжана Їжак,rowebelinda@example.net,507806,872777,Mannises,57.02,29,22.81,10.26,,
2711,2026-08-12 20:55:49,Mr. Christopher Evans,hillsabrina@example.net,507919,872985,2898 - הרב אבא אבוחצירא  (פרטי),17.16,104,6.86,3.09,,
2712,2026-09-04 15:44:50,Орест Ющенко,shelestmaryna@example.net,507859,872865,Club House Florence,9.91,77,3.96,1.78,,
2713,2026-09-04 10:43:33,Jenna Howard,tverdokhlibiarema@example.net,507738,872623,GM Oil,67.46,53,26.98,12.14,,
2714,2026-08-22 01:20:00,Daniel Mccarty,oleksandr28@example.com,507919,872976,2898 - הרב אבא אבוחצירא (פרטי),41.78,32,16.71,7.52,,
2715,2026-08-09 05:56:27,Jeremy Wright,jeffreymccormick@example.org,507743,872632,Americawant Aw000007,9.65,11,3.86,1.74,,
2716,2026-08-14 02:37:48,John Flores,webstersteven@example.net,507869,872878,Cepsa A Groba,84.59,31,33.84,15.23,,
2717,2026-08-15 21:52:55,Софія Гузій,ihnat26@example.org,507929,873006,Sligo Bus Depoot,9.62,66,3.85,1.73,,
2718,2026-09-05 03:39:57,Sharon Burke,danylenkoleon@example.net,507866,872872,Mobive | La Souterraine | Rue Des Fossés Des Cannards,60.6,110,24.24,10.91,,
2719,2026-08-13 18:36:34,Людмила Гоголь-Яновська,iashchukvioletta@example.org,507808,872782,Parque Ccomercial Alarzón (Burgos),83.69,81,33.48,15.06,,
2720,2026-08-22 12:51:30,Сергій Туркало,dennis55@example.org,507867,872875,Caldas Da Rainha (Zunder),24.13,16,9.65,4.34,,
2721,2026-08-28 14:15:27,Дан Копитко,kvashchuk@example.org,507763,872659,Eldrive Lithuania Panemunės Baseinas,16.38,87,6.55,2.95,,
2722,2026-08-27 05:48:50,Robert Coleman,foleyjennifer@example.org,507866,872872,Mobive | La Souterraine | Rue des Fossés des Canards,14.71,65,5.88,2.65,,
2723,2026-09-05 09:59:29,Debra Chandler,bruce24@example.org,507807,872779,C.C. Los Alcorse Sevilla,29.26,76,11.7,5.27,,
2724,2026-08-10 11:11:12,Amber West,richardbullock@example.net,507738,872624,GM Oil,13.08,25,5.23,2.35,,
2725,2026-08-22 00:25:00,Валентин Заєць,nicholasmorales@example.com,507825,872807,Calle Afred Nóbel,60.37,92,24.15,10.87,,
2726,2026-08-15 15:08:11,пан Демид Гузь,olhazhuk@example.net,507763,872664,Eldrive Lithuania Pnaemunės Baseinas,9.98,60,3.99,1.8,,
2727,2026-08-10 12:43:15,Андрощук Соломон Ігорович,jasonallen@example.net,507828,872811,Museo Del Calzad Oy De La Industria,45.75,91,18.3,8.24,,
2728,2026-08-24 17:45:16,Демид Рубан,karmaliukorest@example.net,507763,872676,Eldrive Lithuania Panemunės Baseinas,84.74,89,33.9,15.25,,
2729,2026-08-11 00:57:51,Кирило Запорожець,,507763,872674,Eldrive Lithuania Panemunės Baseinas,70.12,81,28.05,12.62,,
2730,2026-08-21 16:27:34,Victoria Massey,odavis@example.com,507739,872627,Cepsa Gandia,54.22,106,21.69,9.76,,
2731,2026-08-09 15:06:32,Crystal Solis,christophercook@example.com,507820,872797,Carrefour Lucena (Endesa),29.5,21,11.8,5.31,,
2732,2026-08-23 08:37:14,Daniel Quinn,brendacarroll@example.com,507920,872990,2979 - מרשדים,54.91,62,21.96,9.88,,
2733,2026-08-22 06:09:49,Алла Власенко,garciakelly@example.com,507763,872674,Eldrive Lithuania Panemunės Baseinas,47.16,84,18.86,8.49,,
2734,2026-08-13 09:58:03,Amanda Campbell,bohuslavashchors@example.com,507920,872990,2979 - משרדים,39.09,14,15.64,7.04,,
2735,2026-08-15 04:06:23,Лариса Атаманчук,stephenwyatt@example.net,507919,872984,2898 - רב אבא אבוחצירא (פרטי),15.46,36,6.18,2.78,,
2736,2026-08-30 03:47:50,Robin Gray,,508019,873196,Ayunt. Olost Piscines,75.93,21,30.37,13.67,,
2737,2026-08-21 17:25:59,Patrick Nelson,,507715,872554,Via Francesco Borromini,40.98,26,16.39,7.38,,
2738,2026-09-07 00:23:16,Ярина Фаренюк,vortiz@example.org,507763,872659,Eldrive Lithuania Panemunės Baseinas,20.57,15,8.23,3.7,,
2739,2026-08-17 18:29:49,Данна Верховинець,adrianagray@example.com,507736,872615,Calle Monttalbán,34.42,106,13.77,6.2,,
2740,2026-08-18 21:49:26,Larry Collins,montoyafelicia@example.org,507813,872787,Caprabo Mollerussa,38.13,14,15.25,6.86,,
2741,2026-09-01 03:58:23,Patrick Turner,kabaliukorysia@example.com,507806,872776,Manisses,71.2,66,28.48,12.82,,
2742,2026-08-11 09:01:14,Dennis Douglas,matthewbrennan@example.net,507763,872677,Eldriv Lithuania Panemunės Baseinas,63.69,37,25.48,11.46,,
2743,2026-08-11 19:59:07,Jeffrey Walker,cclayton@example.com,508000,873170,Hotel Hotelli Omenatarha,66.54,87,26.62,11.98,,
2744,2026-09-02 05:59:43,Karen Velez,skybasofiia@example.net,508017,873193,Parking Via Augusta,5.88,78,2.35,1.06,,
2745,2026-08-15 05:34:46,Христина Теліженко,amaliiakhorishko@example.org,507959,873058,"Svylos gatvė 8, Vilnius",38.29,68,15.32,6.89,,
2746,2026-08-17 01:57:17,Michelle Chavez,,999999,999999,2898 - הרב אבא אבוחציר א(פרטי),43.51,42,17.4,7.83,,
2747,2026-08-18 09:23:59,Камілла Чередник,tommyclark@example.org,507763,872667,Eldrive Lithuania Panemunė Baseinas,,71,,,,
2748,2026-08-20 18:12:48,Brian Collins,mykhailyna44@example.com,507820,872797,Carreffour Lucena (Endesa),25.79,59,10.32,4.64,,
2749,2026-08-30 19:20:14,Аркадій Верховинець,klavdiiagereta@example.org,507808,872782,Parque Comercial Alarzón (Burgos),65.82,114,26.33,11.85,,
2750,2026-08-26 03:24:12,Юстина Кириленко,zdavymuka@example.org,507822,872802,Ayunt. Navalcarnero. Ciudad Deportiva,15.97,28,6.39,2.87,,
2751,2026-08-21 22:44:34,Тереза Іщак,smorales@example.net,507763,872670,Eldrive Lithuania Panemunės Baseinas,47.82,95,19.13,8.61,,
2752,2026-08-31 04:23:23,Гаврило Удовиченко,dmytroabramchuk@example.net,507742,872630,AmericaWant AW00009,22.22,78,8.89,4.0,,
2753,2026-08-14 15:51:30,Sandra Johnson,uhubbard@example.com,507809,872783,Hotel Restaurante Hq La Gaalería,5.97,75,2.39,1.07,,
2754,2026-08-20 09:24:51,Debra Clark,opanasbashtan@example.net,507919,872977,2898 - הרב אבא אובחצירא (פרטי),24.3,0,9.72,4.37,,
2755,2026-09-01 09:00:50,Emily Pearson,meghanmartinez@example.com,508021,873198,Parkng Nn Espronceda,83.07,56,33.23,14.95,,
2756,2026-08-17 06:26:09,John Peters,lysenkoteodor@example.net,507919,872987,2898 - הרב באא אבוחצירא (פרטי),69.12,48,27.65,12.44,,
2757,2026-09-06 03:18:04,пан Антон Сіробаба,haievskasviatoslav@example.com,507746,872635,Energía  Nufri,81.77,77,32.71,14.72,,
2758,2026-08-25 08:36:54,Вадим Голик,olehfartushniak@example.net,507763,872667,Eldrive Lithuaniaa Panemunės Baseinas,44.03,42,17.61,7.93,,
2759,2026-08-21 04:53:48,Вікторія Бабак,judovenko@example.com,507922,872997,Ev24 Harging Station,13.78,22,5.51,2.48,,
2760,2026-08-22 11:39:57,Mark Warren Jr.,,508013,873188,Watanya: Assyut West RD ⛽,48.84,93,19.54,8.79,,
2761,2026-08-27 09:55:03,Edward Graham,suzanne33@example.org,507983,873114,Posto Vila Flor - RJ Eletropostos,41.35,63,16.54,7.44,,
2762,2026-08-16 13:20:13,Shirley Nelson,kathleen70@example.com,507736,872615,Calle Montalbán,72.55,16,29.02,13.06,,
2763,2026-08-19 09:25:43,Jacqueline Santos,iustynaandriienko@example.net,507932,873010,OLA: Sadat ⛽,12.85,88,5.14,2.31,,
2764,2026-08-18 16:23:42,Ірина Сиротенко,,508007,873179,Plugit Oulun Lenoasema (Oul),44.06,96,17.62,7.93,,
2765,2026-08-28 12:38:47,Daniel Rivera,zhukihnat@example.net,507809,872783,Hotel Restaurante HQ La Galería,17.0,23,6.8,3.06,,
2766,2026-08-09 01:54:10,Тереза Акуленко,lopezdavid@example.org,507763,872675,Eldrive Lithuania Panmunės Baseinas,30.97,96,12.39,5.57,,
2767,2026-08-15 01:41:35,Chris Jones,kristin04@example.org,507820,872798,Carrefour Lucena (Endesa),63.99,28,25.6,11.52,,
2768,2026-09-06 19:55:02,Емілія Жук,valentynzasenko@example.org,507919,872979,2898 - הרב אבא אבוחצירא (פרטי),43.08,63,17.23,7.75,,
2769,2026-08-19 12:14:49,Демид Вертипорох,amurray@example.com,507714,872553,Präg Express Ladestelle,35.07,102,14.03,6.31,,
2770,2026-09-07 04:18:29,Назар Дейнеко,smithjasmine@example.com,508019,873196,Ayunt. Olost Piscines,36.56,29,14.62,6.58,,
2771,2026-08-22 00:22:31,Златослава Радченко,cunninghamerik@example.com,507861,872867,[Eone] Paseodel Este 1,41.76,38,16.7,7.52,,
2772,2026-08-26 22:09:42,пан Степан Хоменко,haidenkomarta@example.com,507809,872783,Hotel Restaurante HQ La Galería,67.8,33,27.12,12.2,,
2773,2026-08-30 22:18:27,Randall Villa,blevinssandra@example.org,508005,873176,Plugit Ideapark Seinäjoki / K-Citymarket Ideapark,76.37,91,30.55,13.75,,
2774,2026-08-19 05:46:05,Данна Власюк,,507919,872976,2898 - הרב אבא אבוחצירא (פרטי),81.43,72,32.57,14.66,,
2775,2026-08-23 07:33:38,Лілія Власенко,ujohnson@example.net,507791,872757,Fonnseca Supermercados,67.95,83,27.18,12.23,,
2776,2026-09-06 00:30:46,Михайло Слюсар,juliebird@example.net,507763,872660,Eldriive Lithuania Panemunės Baseinas,30.23,114,12.09,5.44,,
2777,2026-08-09 00:05:47,Sarah Jacobs,,507958,873057,Hotel Hccc St. Moritz,60.05,66,24.02,10.81,,
2778,2026-09-04 21:40:51,Aaron Hall,isaacbrooks@example.com,507863,872869,[EVE] Axion Cardona,40.01,17,16.0,7.2,,
2779,2026-08-23 03:17:08,Галина Данильчук,jacobsmith@example.net,507746,872636,Energía Nufri,25.37,99,10.15,4.57,,
2780,2026-09-01 00:48:07,Абраменко Михайлина Антонівна,taraszhuk@example.org,507958,873057,Hotel Hcc St.. Moritz,72.27,71,28.91,13.01,,
2781,2026-08-24 23:20:05,Орина Хмара,stelmakholeh@example.com,507996,873159,"Savannorių Pr. 276, Kaunas",8.07,38,3.23,1.45,,
2782,2026-08-24 10:20:53,Jonathan Wilson,wattsjason@example.com,507930,873007,Galway Bus Depot,77.14,83,30.86,13.89,,
2783,2026-08-21 07:47:39,James Wells,halynanazarenko@example.com,507930,873007,Galway Bus Depot,41.92,26,16.77,7.55,,
2784,2026-08-17 18:59:29,Emily Miller,neporozhniiandrii@example.org,508001,873171,Virta north Seurakuntatalo,,75,,,,
2785,2026-09-02 18:13:36,Лукаш Пантелеймон Борисович,,507737,872617,Calle Los Jazmines,57.75,15,23.1,10.4,,
2786,2026-08-11 09:41:00,Katherine Mccormick,peterlang@example.net,507867,872876,Caldas Da Arinha (Zunder),76.61,67,30.64,13.79,,
2787,2026-08-24 03:52:49,Єфрем Рева,hupaloparmen@example.org,507920,872990,2979 - משרדים,55.93,78,22.37,10.07,,
2788,2026-08-09 21:11:37,Розалія Шелест,smithsteven@example.net,507741,872629,Americawan Aw00004,54.11,37,21.64,9.74,,
2789,2026-08-22 23:56:25,Cindy Castro,browntroy@example.org,507867,872876,Caldas Da Rainha (Zunder),10.33,71,4.13,1.86,,
2790,2026-08-28 23:12:01,Єва Акуленко,johnsonsteven@example.net,507866,872872,Mobive | La Souterraine | Rue Des Fossés Eds Canards,46.47,50,18.59,8.36,,
2791,2026-08-27 11:54:33,пані Ада Овсієнко,lopezkimberly@example.net,507812,872786,Mercadona Centro Logístico Vitoria,17.01,78,6.8,3.06,,
2792,2026-09-05 22:48:28,Jacob King,ethanrodriguez@example.net,507736,872615,Calle Moontalbán,,91,,,,
2793,2026-08-25 07:21:16,Азар Литвин,paulthomas@example.org,507862,872868,[Eoen] Via Disegno,45.98,99,18.39,8.28,,
2794,2026-09-03 14:25:52,Zachary Padilla,hthomas@example.org,507746,872636,Energía Unfri,,93,,,,
2795,2026-08-26 01:12:55,Tricia Morrow,molly46@example.org,507859,872864,Club House Floernce,8.33,50,3.33,1.5,,
2796,2026-08-16 21:35:05,Lynn Henry DDS,hudsonamy@example.org,507809,872783,Hotel Restaurante Hq La Galría,11.78,58,4.71,2.12,,
2797,2026-08-22 21:49:09,Альбіна Дашенко,gibsonkirk@example.com,508022,873199,Plenoil la Orotava 2,62.31,100,24.92,11.22,,
2798,2026-08-31 12:02:08,Богуслав Ващенко,klymentderiazhna@example.com,507763,872665,Eldrive Lithuania Panemunės Baseinas,10.77,58,4.31,1.94,,
2799,2026-08-21 04:53:14,Barbara Ramos,isaiahthomas@example.net,508008,873180,Virta Kauppakeskus Kaakkurinkulma,,85,,,,
2800,2026-08-24 22:34:34,Любов Єфименко,thomasherbert@example.net,507828,872811,Museo Del Calzado Y De La Industria,5.97,80,2.39,1.07,,
2801,2026-08-19 10:28:48,Маруся Дробаха,thomasjessica@example.net,507763,872673,Eldrive Lithuania Paneemunės Baseinas,81.52,12,32.61,14.67,,
2802,2026-08-19 11:43:55,Teresa Powell,oleh77@example.org,507741,872629,AmericaWant AW00004,64.0,19,25.6,11.52,,
2803,2026-08-29 01:25:19,Ярина Данько,clarkian@example.net,507861,872867,[eONE] Paseo del Este 1,33.26,107,13.3,5.99,,
2804,2026-08-26 16:34:39,Jeremy Hill,cody27@example.com,507996,873159,"Savanorių pr. 276, Kaunas",28.72,98,11.49,5.17,,
2805,2026-09-06 01:46:31,Едуард Дубенко,tzhadan@example.net,507829,872812,Wesco Reeed City,32.98,44,13.19,5.94,,
2806,2026-08-31 03:51:23,Наталія Гайдамака,markoieromenko@example.net,507779,872726,Mdonald'S - Gallagher Retail Park,66.97,89,26.79,12.05,,
2807,2026-08-31 11:45:03,Russell Miller,daniel02@example.org,507920,872988,2979 - משרדים,57.91,11,23.16,10.42,,
2808,2026-09-05 23:26:59,Thomas White,danylenkovira@example.net,507920,872992,2979 - משרידם,19.82,33,7.93,3.57,,
2809,2026-08-31 13:42:42,Алла Дробаха,trokhymbezborodko@example.com,507780,872728,Warren Lodge ,18.93,83,7.57,3.41,,
2810,2026-09-01 22:38:04,Святослава Швайка,,507763,872673,Eldrive Lithuania Panemunės Baseinas,12.87,47,5.15,2.32,,
2811,2026-08-27 04:12:46,Ярослав Кащенко,jscott@example.com,507746,872635,Energía Nufri,57.82,31,23.13,10.41,,
2812,2026-08-28 16:50:27,Maria Valenzuela,jasongray@example.org,507919,872987,2898 - הרב אבא אבוחצירא (פפרטי),66.15,35,26.46,11.91,,
2813,2026-08-15 23:12:20,Прохір Гупало,oleksa74@example.org,507739,872627,Cepsa Gandia,-15.5,52,-6.2,-2.79,,
2814,2026-08-18 08:53:54,Michael Thompson,jnesterenko@example.org,507820,872799,Carrefour Lucena (Endesa),6.68,64,2.67,1.2,,
2815,2026-08-28 12:16:44,Едуард Івасюк,iurchukmyroslav@example.net,507804,872771,Fastned - Mundolsheim,11.57,48,4.63,2.08,,
2816,2026-08-15 14:24:15,Еріка Доценко,sirchenkonazar@example.org,507741,872629,Americawant Aw00004,82.43,100,32.97,14.84,,
2817,2026-08-17 09:40:01,Jeffrey Davis,vhupalo@example.net,507804,872771,Fastned -Mundolsheim,28.64,38,11.46,5.16,,
2818,2026-09-01 07:36:32,Hannah May,uzaiets@example.net,507740,872628,AmericaWant AW00001,66.54,111,26.62,11.98,,
2819,2026-08-17 05:33:04,Melissa Jackson,onysymshvaika@example.com,507824,872805,Ayunt. Sevilla. Calle José Velázquez Sánchez (Eranovum),54.97,29,21.99,9.89,,
2820,2026-08-11 11:07:36,Keith Chaney,cnelson@example.net,507823,872804,FamilyCash Montilla,35.56,100,14.22,6.4,,
2821,2026-08-30 14:12:58,Robert Hogan,cherinkoerika@example.net,507932,873010,OLA: Sadat ⛽,21.45,0,8.58,3.86,,
2822,2026-08-18 19:29:03,Ярина Лагода,joshua22@example.net,507869,872878,Cepsa A Groba,14.71,63,5.88,2.65,,
2823,2026-09-05 14:56:58,Веніямин Комар,bohuslavpetliura@example.org,507996,873159,"Savanorių pr. 276, Kaunas",54.2,29,21.68,9.76,,
2824,2026-09-01 09:56:05,Архипенко Вікторія Марківна,michellehoward@example.com,507920,872991,2979 - משרדים,66.97,117,26.79,12.05,,
2825,2026-08-14 22:18:17,Шеремет Михайлина Іванівна,iefremavramenko@example.org,507812,872786,Mercadona Centro Logístico Vitoria,56.51,28,22.6,10.17,,
2826,2026-08-29 11:50:04,Stephanie Morris,velychkovalentyna@example.com,507739,872627,Cepsaa Gandia,47.42,93,18.97,8.54,,
2827,2026-08-29 11:23:13,Устим Ажажа,tetiana67@example.org,507801,872768,Starlite Sunter Bisma,8.36,108,3.34,1.5,,
2828,2026-08-27 06:07:55,пані Варвара Єременко,adamenkovalentyna@example.net,507820,872797,Carrefour Lucena (Endesa),82.48,75,32.99,14.85,,
2829,2026-08-10 11:29:21,John Lopez,adamenkovolodymyr@example.com,507862,872868,[eOne] Via Disegno,68.9,39,27.56,12.4,,
2830,2026-08-26 18:13:50,пані Ольга Тимченко,dakhnovarfolomii@example.com,507742,872630,Ameicawant Aw00009,28.43,62,11.37,5.12,,
2831,2026-08-24 06:56:29,Dawn Brooks,hermansavenko@example.com,507827,872810,Spklu Ujbupt Cawang 1,,43,,,,
2832,2026-08-09 12:24:35,Mr. Andrew Hickman,lshtokalo@example.net,507817,872792,B Tafalla,53.15,31,21.26,9.57,,
2833,2026-08-20 17:26:09,Хома Забарний,priceamber@example.net,507763,872670,Eldrive Lithuania Panemunės Baseinas,51.59,76,20.64,9.29,,
2834,2026-08-25 08:43:57,пані Одарка Артюх,,507865,872871,Tesla Supercharger Lexy,64.85,15,25.94,11.67,,
2835,2026-08-14 21:45:04,Яків Назаренко,amy18@example.com,507919,872981,2898 - הרב אבא אבוחצירא (פרטי),69.94,88,27.98,12.59,,
2836,2026-08-27 06:24:17,Давиденко Богуслав Пилипович,paul00@example.org,507890,872915,A1: Shorouk 1 ⛽,57.52,36,23.01,10.35,,
2837,2026-08-16 18:07:43,Amy Davis,johnwilson@example.org,507919,872982,2898 - הרב אבא אבוחצירא (פרטי),15.25,19,6.1,2.74,,
2838,2026-08-10 20:48:06,Костянтин Терещук,gderehus@example.net,507867,872875,Cldas Da Rainha (Zunder),32.06,82,12.82,5.77,,
2839,2026-08-22 18:22:30,Данько Еріка Валеріївна,varfolomii98@example.net,507829,872812,Wesco Reed Ciyt,79.25,106,31.7,14.26,,
2840,2026-09-02 21:42:57,Cody Hodge,mark29@example.com,507791,872757,Fonseca Supermeracdos,22.97,105,9.19,4.13,,
2841,2026-08-29 16:47:33,David Cohen,skyrdamykhailyna@example.com,507922,872997,EV24 Charging Station,34.77,57,13.91,6.26,,
2842,2026-08-25 06:50:55,Christopher Garcia,ilienkoeduard@example.com,507922,872997,Ev24 Charing Station,39.57,79,15.83,7.12,,
2843,2026-08-26 02:05:37,Susan Barnett,stepan60@example.com,507865,872871,Tesla Supercharger Lexy,40.15,114,16.06,7.23,,
2844,2026-08-16 15:38:21,Pamela Davis,mharding@example.net,507933,873011,Valle Verde Center,,68,,,,
2845,2026-08-09 13:49:04,Володимира Тимчук,brandi46@example.com,507816,872791,Biteri etorbidea,80.45,109,32.18,14.48,,
2846,2026-08-19 12:53:21,Sally Cross,jenniferdavis@example.net,507763,872660,Eldrive Lithuannia Panemunės Baseinas,24.26,68,9.7,4.37,,
2847,2026-08-18 21:35:26,Kimberly Reed,nadiia02@example.net,507919,872978,2898 - הרב אבא אבוחצירא פ(רטי),14.72,11,5.89,2.65,,
2848,2026-09-06 06:34:41,Єва Їжак,hermanmykhailiuk@example.org,507763,872659,Eldrive Lithaunia Panemunės Baseinas,20.8,38,8.32,3.74,,
2849,2026-08-14 15:01:48,Jonathan Smith,tammy26@example.org,507919,872980,2898 - הרב אבא אבוחצירא (פרטי),75.95,77,30.38,13.67,,
2850,2026-08-10 11:04:03,Maria Taylor,anzhela17@example.com,508016,873192,Ford Tarragona,56.66,74,22.66,10.2,,
2851,2026-08-21 01:33:07,Марта Цимбал,taylorclarke@example.com,507780,872728,Warren Lodge ,27.87,92,11.15,5.02,,
2852,2026-09-06 11:30:28,Єлисавета Хмара,khrechko@example.org,507996,873159,"Savanorių pr. 276, Kaunas",70.28,35,28.11,12.65,,
2853,2026-08-13 21:29:50,Соломія Юрченко,ssmith@example.org,507820,872799,Carrefour Luena (Endesa),73.91,98,29.56,13.3,,
2854,2026-08-10 23:44:02,Оксенія Дурдинець,havrylivherman@example.net,507825,872808,Calle Alfred Nóbel,72.72,19,29.09,13.09,,
2855,2026-08-28 21:06:53,Василина Шевченко,dunnglenda@example.org,507763,872665,Edrive Lithuania Panemunės Baseinas,78.51,62,31.4,14.13,,
2856,2026-08-27 02:33:49,Варвара Товстоліс,petro90@example.com,507763,872659,Eldrive Lithuania Panemunės Baseinas,25.18,88,10.07,4.53,,
2857,2026-09-04 05:09:58,Віра Гоголь-Яновська,warebruce@example.net,507826,872809,Mercacenntro,65.4,68,26.16,11.77,,
2858,2026-08-31 16:14:52,Alexandra Valdez,bohdanarkhymovych@example.com,507820,872799,Carrefour Luceena (Endesa),41.84,31,16.74,7.53,,
2859,2026-08-18 14:57:18,Anthony Coleman,browndavid@example.org,507823,872803,Familycashh Montilla,72.36,60,28.94,13.02,,
2860,2026-08-23 06:21:43,Соломон Чорновіл,bdubenko@example.org,507919,872984,2898 - הרב אבא אבוחצירא (פרטי),63.28,57,25.31,11.39,,
2861,2026-08-13 13:11:10,Michelle Richard,havrylohrechko@example.net,508016,873192,Ford Tarragona,67.12,30,26.85,12.08,,
2862,2026-09-07 01:09:04,Christopher Coleman,belldavid@example.net,507919,872979,2898 - הרב אבא אבוחצירא (פרטי),57.49,31,23.0,10.35,,
2863,2026-08-28 23:30:12,Angela Smith,alexander66@example.com,507779,872724,Mcdonald'S - Gallagher Ertail Park,19.19,109,7.68,3.45,,
2864,2026-09-02 11:34:32,Robert Luna,oleksa60@example.com,507919,872983,2898 - הרב אבא אבוחצירא (פררטי),48.6,107,19.44,8.75,,
2865,2026-08-22 08:54:48,John Williams,fedirprykhodko@example.org,507859,872865,Club House Florence,-15.5,39,-6.2,-2.79,,
2866,2026-08-13 19:20:32,Anthony Greene,bbryan@example.org,507919,872984,298 - הרב אבא אבוחצירא (פרטי),79.99,34,32.0,14.4,,
2867,2026-08-18 06:58:34,George Phillips,les05@example.com,507740,872628,AmericaWant AW00001,8.45,118,3.38,1.52,,
2868,2026-08-21 09:56:46,Валерій Микитюк,amaliia24@example.org,507861,872867,[Eone] Paseo Edl Este 1,18.19,37,7.28,3.27,,
2869,2026-08-26 00:32:42,Jeremy Evans,amiller@example.net,508019,873196,Ayunt. Olost Piscies,15.54,74,6.22,2.8,,
2870,2026-08-22 23:38:42,Захар Бабʼюк,oleshavrylyshyna@example.org,507919,872981,2898 - הרב אבא אבוחצירא (פרטי),63.08,54,25.23,11.35,,
2871,2026-08-10 13:26:49,Bradley Davis,lpalii@example.com,507818,872793,Parking Caravanas El Pueyo,70.42,77,28.17,12.68,,
2872,2026-08-18 17:31:01,Єфрем Литвин,hicksmelanie@example.net,507744,872633,AmericaWant AW00011,22.08,16,8.83,3.97,,
2873,2026-08-24 16:43:02,Melissa Sanchez,sarah62@example.org,507763,872658,Eldrive Lithuania Panemunės Baseinas,45.47,58,18.19,8.18,,
2874,2026-08-08 18:43:34,Gabriel Johnson,huberchristine@example.com,507891,872917,Spot Mall 🛍️,72.26,18,28.9,13.01,,
2875,2026-08-12 23:13:54,Богданна Приймак,,507864,872870,[ChargeBox] Parking La Rural,63.62,45,25.45,11.45,,
2876,2026-09-05 12:28:21,Alex Clements,rdixon@example.net,507932,873010,OLA: Sadat ⛽,48.38,92,19.35,8.71,,
2877,2026-08-15 21:18:07,Natalie Miller,fmcdonald@example.net,507771,872714,Жк Ксолково Уан,52.23,10,20.89,9.4,,
2878,2026-09-02 11:42:57,Rebecca Duncan,lavrenkoievhen@example.com,507738,872624,GM Oil,45.67,19,18.27,8.22,,
2879,2026-08-13 13:32:53,Kimberly Leon,panchukviktor@example.net,507763,872675,Eldrive Lithuania Panemunės Baseinas,28.8,45,11.52,5.18,,
2880,2026-08-19 20:51:26,Тереза Затовканюк,jholder@example.org,508017,873193,Parking Vai Augusta,50.2,82,20.08,9.04,,
2881,2026-08-23 00:25:37,Michael Lopez,marko34@example.org,507919,872982,2898 - הרבא בא אבוחצירא (פרטי),60.11,118,24.04,10.82,,
2882,2026-08-31 04:27:30,Юстим Ейбоженко,wkoch@example.com,507739,872626,Cepsa Gandai,74.87,55,29.95,13.48,,
2883,2026-08-13 11:49:18,Jason Smith,nalyvaikovalerii@example.com,507763,872671,Eldrive Lithuania Panemunės Baseinsa,55.9,115,22.36,10.06,,
2884,2026-08-10 13:29:32,Denise Ford,cassandra52@example.com,507746,872636,Energía Nufri,65.89,41,26.36,11.86,,
2885,2026-08-26 03:12:59,Danny Fletcher,andreross@example.net,507808,872782,Parque Comercial Alarzón( Burgos),17.81,41,7.12,3.21,,
2886,2026-08-29 07:51:23,Марія Швайка,dawn11@example.org,507864,872870,[Chargebox] Parkin La Rural,41.92,15,16.77,7.55,,
2887,2026-08-13 06:13:02,Erin Price,amymiller@example.org,507863,872869,[Eve] Axion Carddona,5.75,57,2.3,1.03,,
2888,2026-08-09 02:48:18,Маруся Рак,aaronbarnett@example.org,507867,872875,Caldas Da Rainha (Zunder),24.73,47,9.89,4.45,,
2889,2026-08-16 22:11:50,Scott Porter,matthewwillis@example.com,508005,873175,Plugit Ideapark Seinäjoki / K-Citymarket Ideapark,63.12,26,25.25,11.36,,
2890,2026-08-26 00:05:08,Гаврило Ткач,bazavluchenkovalentyna@example.com,507739,872626,Cepsa Gandia,84.34,83,33.74,15.18,,
2891,2026-08-21 16:08:21,Мирон Василенко,kaiserrichard@example.org,508016,873192,Ford Tarragona,12.93,36,5.17,2.33,,
2892,2026-08-26 17:40:20,Haley Clark,velasquezvictoria@example.org,507771,872713,ЖК Сколково Уан,37.12,63,14.85,6.68,,
2893,2026-08-17 12:35:39,Paul Hayes,prokhirhres@example.org,507919,872985,2898-  הרב אבא אבוחצירא (פרטי),69.01,59,27.6,12.42,,
2894,2026-08-28 02:28:32,Mario Jackson,phamjacob@example.org,507865,872871,Telsa Supercharger Lexy,21.32,44,8.53,3.84,,
2895,2026-08-30 19:26:32,Jennifer Hubbard,,507866,872872,Mobive | La Souterraine | Rue des Fossés des Canards,49.41,94,19.76,8.89,,
2896,2026-08-27 08:55:38,Katherine Young,tvlasenko@example.net,507919,872983,2898 - הרב אבא אבבוחצירא (פרטי),63.65,34,25.46,11.46,,
2897,2026-08-29 02:53:55,Віолетта Височан,colonjohn@example.org,507763,872658,Eldrive Lithuania Panemunės Baseinas,54.28,37,21.71,9.77,,
2898,2026-08-14 03:15:23,Willie Duncan,dhabelko@example.org,508005,873176,Plugit Ideapark Seinäjoki / K-Citymarket Ideapark,20.04,24,8.02,3.61,,
2899,2026-08-11 11:51:50,Святослав Титаренко,suprunenkoillia@example.org,507763,872674,Eldrive Ithuania Panemunės Baseinas,,13,,,,
2900,2026-08-13 16:22:14,Daniel Lester,millerlindsey@example.org,507959,873058,"Svylos gatvė 8, Vilnius",67.7,102,27.08,12.19,,
2901,2026-09-06 07:48:36,Jack Garcia,nazarchubai@example.org,507864,872870,[ChargeBox] Parking La Rural,49.34,82,19.74,8.88,,
2902,2026-09-05 06:24:11,Kim Perez,iaremkivolha@example.com,507869,872878,Cepsa A Groba,5.42,36,2.17,0.98,,
2903,2026-08-17 10:43:11,John Mckenzie MD,pchala@example.net,507824,872805,Ayunt. Sevilla. Calle José Velázquuez Sánchez (Eranovum),,35,,,,
2904,2026-08-26 01:20:02,пані Мілена Шеремета,normandaniel@example.net,507819,872795,Foc Dc-Chargger,7.82,28,3.13,1.41,,
2905,2026-08-14 23:45:38,Артем Слюсар,kathleencase@example.net,507811,872785,Alcampo Vilagarcía,64.66,101,25.86,11.64,,
2906,2026-09-01 08:14:25,Jennifer Fields,venedykt94@example.net,507763,872668,Eldrive Lithuania Panemunės Baseinas,21.2,26,8.48,3.82,,
2907,2026-08-28 14:43:01,Ярина Ватаманюк,michelle01@example.org,507738,872623,Gm  Oil,81.65,52,32.66,14.7,,
2908,2026-08-10 21:05:51,Erika Wright,oievtushenko@example.com,507791,872757,Fonseca Supermercados,34.44,50,13.78,6.2,,
2909,2026-08-21 08:20:13,Tiffany Johnson,babkoiaroslav@example.org,507922,872997,EV24 Charging Station,31.15,51,12.46,5.61,,
2910,2026-08-09 05:56:12,Sharon Jefferson,ruizkimberly@example.net,507933,873011,Vallee Verde Center,16.91,59,6.76,3.04,,
2911,2026-08-25 01:41:05,Калениченко Єва Леонтіївна,iaremaivanychuk@example.com,507867,872876,Caldas Da Ainha (Zunder),29.45,93,11.78,5.3,,
2912,2026-08-29 15:50:25,Марина Башполченко,jbandura@example.net,508003,873173,Nestee Liikenneasema Härkäpakari,75.13,0,30.05,13.52,,
2913,2026-09-01 01:01:29,Світлана Шахрай,ioberemko@example.org,507763,872669,Eldrive Lithuania Panemunės Baseinas,84.71,49,33.88,15.25,,
2914,2026-08-27 07:56:59,Йосип Канівець,timothy18@example.org,507815,872789,Incalplas,34.46,48,13.78,6.2,,
2915,2026-09-04 18:03:15,Вишиваний Омелян Богданович,mary07@example.com,507814,872788,Clu Bgimnas,40.89,32,16.36,7.36,,
2916,2026-08-09 05:06:12,Susan Sanchez,saliimyron@example.net,507919,872984,2898 - הרב אבא אבוחצירא (פרטי),62.77,105,25.11,11.3,,
2917,2026-09-02 04:33:54,Амалія Токар,,507806,872775,Manises,75.9,61,30.36,13.66,,
2918,2026-09-01 17:13:32,Andrea Butler,panas78@example.org,508018,873194,Parking Nn Diagnoal,52.44,56,20.98,9.44,,
2919,2026-08-12 06:45:37,Kimberly Baldwin,,507820,872797,Carrefour Lucena (Enedsa),36.32,72,14.53,6.54,,
2920,2026-08-24 05:06:05,панна Анжела Медведенко,priskaandriievych@example.net,507921,872995,2799 - Dc,38.01,106,15.2,6.84,,
2921,2026-08-24 17:03:23,Molly Williams,laurentaylor@example.com,507804,872771,Fastned - Mnudolsheim,60.65,119,24.26,10.92,,
2922,2026-08-11 02:11:56,Kayla Banks,viacheslavmakarenko@example.net,507763,872670,Eldrive Liithuania Panemunės Baseinas,5.26,78,2.1,0.95,,
2923,2026-09-04 08:54:35,Ashley Boone,qieshchenko@example.com,507763,872673,Eldrive Lithuania Panemunės Baseinas,54.57,52,21.83,9.82,,
2924,2026-08-28 05:23:16,Зиновій Уманець,qgreen@example.com,507763,872657,Eldrive Lithuania Panemunės Baseinas,33.44,57,13.38,6.02,,
2925,2026-08-12 11:22:49,David Olson,rstus@example.net,507919,872985,2898 - הרב אבא אבוחצירא (פטרי),68.54,43,27.42,12.34,,
2926,2026-08-30 05:03:13,Martin Jones,kimhannah@example.org,507779,872726,McDonald's - Gallagher Retail Park,12.44,49,4.98,2.24,,
2927,2026-08-12 22:05:12,Nicole Peterson,christopherbrown@example.org,507919,872983,2898 - הרב אבא אבוחצירא (פרטי),52.06,84,20.82,9.37,,
2928,2026-08-30 08:24:29,Jerry Scott,madeline61@example.org,507763,872661,Eldriv Elithuania Panemunės Baseinas,43.48,70,17.39,7.83,,
2929,2026-08-14 09:50:22,Pam Hernandez,robinsonmichael@example.net,507825,872807,Calle Alfred Nóbel,56.39,59,22.56,10.15,,
2930,2026-08-09 12:14:19,Spencer Elliott,julianlewis@example.net,507859,872864,Club House Florence,10.19,76,4.08,1.83,,
2931,2026-08-28 05:34:38,Mike Bradley,irynalysenko@example.com,507746,872635,Enregía Nufri,51.4,71,20.56,9.25,,
2932,2026-08-10 09:17:00,Jeremiah Phillips,robinsonalejandro@example.org,508000,873170,Hotel Hotelli Omenatarha,49.92,67,19.97,8.99,,
2933,2026-08-13 01:26:13,Марина Сомко,cervantesleslie@example.org,507990,873122,[eOne] Campera Almacen 1,49.85,42,19.94,8.97,,
2934,2026-09-02 07:47:33,Alyssa Lewis,venedyktkadeniuk@example.org,507820,872798,Carrefour Lucena (Endesa),53.28,84,21.31,9.59,,
2935,2026-08-30 19:03:24,Adam Diaz,wcortez@example.net,507821,872800,FOC AC-Charger,59.12,25,23.65,10.64,,
2936,2026-08-26 06:51:38,Steven Compton,richard33@example.net,507771,872714,Жк Ссколково Уан,69.4,91,27.76,12.49,,
2937,2026-08-19 11:15:16,Леопольд Онищенко,kyledavis@example.org,507779,872726,McDonald's - Gallagher Retail Park,26.59,103,10.64,4.79,,
2938,2026-08-24 18:18:44,Timothy Wong,wilkinsnicole@example.com,507863,872869,[EVE] Axion Cardona,71.0,57,28.4,12.78,,
2939,2026-08-26 06:48:17,Steven Smith,jgreen@example.com,507931,873009,Fira CCIB,44.86,19,17.94,8.07,,
2940,2026-08-14 04:22:58,Марʼяна Заєць,floresjohn@example.com,507807,872779,C.C. Los Alcores Sevilal,11.16,91,4.46,2.01,,
2941,2026-08-19 09:53:24,Віолетта Жайворон,,507763,872670,Eldrivel Ithuania Panemunės Baseinas,9.68,47,3.87,1.74,,
2942,2026-08-25 05:14:45,Mr. Mark Smith DDS,taylorkaylee@example.com,507804,872771,Fastned  - Mundolsheim,31.74,28,12.7,5.71,,
2943,2026-08-22 19:43:17,Зиновій Асаула,lindsay23@example.net,507763,872674,Eldrive Lithuania Panemunės Baseinas,67.79,45,27.12,12.2,,
2944,2026-08-13 19:24:37,Tiffany Romero,vhunter@example.com,507808,872782,Parque Coemrcial Alarzón (Burgos),61.61,68,24.64,11.09,,
2945,2026-08-16 14:47:27,Kimberly Figueroa,nicholasmcmillan@example.org,507922,872996,EV24 Charging Station,68.09,72,27.24,12.26,,
2946,2026-08-15 11:10:16,Бандурка Климент Олексович,jeremyreyes@example.org,507738,872623,GM Oil,46.38,86,18.55,8.35,,
2947,2026-08-13 20:09:19,Єлисавета Карпа,ryan54@example.com,507863,872869,[Eve] Xaion Cardona,40.22,55,16.09,7.24,,
2948,2026-09-07 07:13:48,Костянтин Доценко,wthomas@example.org,508001,873171,Virta north Seurakuntatalo,16.8,12,6.72,3.02,,
2949,2026-08-17 18:02:24,Корсун Мартин Гордійович,johnsonjames@example.net,508005,873176,Plugit Ideapark Seinäjoki / K-Citymarket Ideapark,31.26,83,12.5,5.63,,
2950,2026-08-27 17:17:37,Пилип Батюк,wardlinda@example.net,507865,872871,Tesla Supercharger Lexy,39.72,111,15.89,7.15,,
2951,2026-08-30 20:01:59,Амвросій Заїка,timothysharp@example.org,507920,872989,2979 - משרדים,12.09,74,4.84,2.18,,
2952,2026-08-25 01:15:26,Тетяна Шеремета,tgoliash@example.org,508001,873171,Virta north Seurakuntatalo,22.65,100,9.06,4.08,,
2953,2026-08-28 18:25:44,Сергій Баклан,feofanverkhovynets@example.org,507763,872672,Eldrive Lithuania Panemunės Baseinas,52.86,119,21.14,9.51,,
2954,2026-09-06 05:33:02,Angel Mendoza,janice26@example.org,508018,873194,Parking Nn Diagoal,-15.5,17,-6.2,-2.79,,
2955,2026-08-30 12:24:43,Craig Daniels,orestandroshchuk@example.com,507763,872661,Eldrive Lithuania Panemunės Baseinas,84.87,60,33.95,15.28,,
2956,2026-09-06 06:08:21,Гліб Акименко,patricialopez@example.net,507746,872635,Energa Nufri,79.65,119,31.86,14.34,,
2957,2026-09-01 20:42:48,Ashley Tanner,westroy@example.org,507823,872804,FamilyCash Montilla,56.41,115,22.56,10.15,,
2958,2026-09-03 09:27:19,Олесь Шаблій,ymykhailiuk@example.net,507869,872878,Cepsa A Groba,38.7,90,15.48,6.97,,
2959,2026-09-04 12:05:29,Оксана Левченко,alinagerega@example.net,507920,872992,297 9- משרדים,55.89,82,22.36,10.06,,
2960,2026-09-06 01:15:04,Erin Webb,ievhen86@example.com,507958,873057,Hotel Hcc Sst. Moritz,67.85,15,27.14,12.21,,
2961,2026-09-02 07:47:12,Elizabeth Camacho,michaelmartinez@example.net,507895,872922,Comharchumann Forbartha Chorcca Dhuibhne,14.47,116,5.79,2.6,,
2962,2026-09-05 17:36:02,Ярина Оберемко,,507892,872918,B& B Hotel Carabanchel ,37.79,98,15.12,6.8,,
2963,2026-08-14 21:06:42,Peter White,alawson@example.net,508007,873179,Plugit Oulun Lentoasema (OUL),72.18,48,28.87,12.99,,
2964,2026-08-27 10:53:46,Ярослава Шиян,valentyna86@example.net,507763,872657,Eldrive Lithuania Panemunės Baseinas,35.71,69,14.28,6.43,,
2965,2026-09-02 02:52:01,Austin Reynolds,bohdanskyrda@example.com,507763,872671,Eldrive Lithuania Panemunės Baseinas,50.75,37,20.3,9.14,,
2966,2026-08-28 23:18:57,Scott Peterson,jordanreed@example.org,507825,872807,Calle Alfred Nóbel,52.02,106,20.81,9.36,,
2967,2026-08-21 22:17:54,Василина Ісаєнко,ktymchuk@example.com,507763,872657,Eldrive Lithuania Panemunės Baseinas,19.76,63,7.9,3.56,,
2968,2026-08-25 06:59:44,Марʼяна Остапчук,larysa76@example.com,507919,872985,2898 - הרב אבא אבוחצירא (פרטי),33.98,46,13.59,6.12,,
2969,2026-08-30 15:08:22,Eric Lynch,ihnat56@example.com,507920,872989,2979 -- משרדים,31.76,18,12.7,5.72,,
2970,2026-08-15 08:31:38,Емілія Терещук,mhaievskyi@example.com,507933,873011,Valle Verde Center,7.1,91,2.84,1.28,,
2971,2026-09-06 21:31:40,Олег Дейнеко,,507859,872864,Club House Florence,6.94,65,2.78,1.25,,
2972,2026-09-04 05:46:34,Veronica Valdez,max26@example.org,507763,872671,Eldrive Ithuania Panemunės Baseinas,71.54,68,28.62,12.88,,
2973,2026-09-04 12:30:19,Debra Cantu,vasylynaandroshchuk@example.org,508001,873171,Virta Onrth Seurakuntatalo,26.85,94,10.74,4.83,,
2974,2026-08-18 09:35:19,Sandra Wood,zfomenko@example.net,508011,873186,Potro Elminya Boardwalk 🏖️,46.45,11,18.58,8.36,,
2975,2026-08-22 18:05:08,Hector Mcgee,ncherinko@example.org,507780,872728,Warren Lodge ,28.9,70,11.56,5.2,,
2976,2026-08-15 02:06:35,Justin Farmer,dmytrolubenets@example.org,507763,872672,Eldrive Lithuania Panmeunės Baseinas,80.25,67,32.1,14.44,,
2977,2026-09-02 02:36:52,Ілля Бандура,rodriguezcharles@example.com,507919,872980,2898 - הרב אבא אבוחצירא (פרטי),25.74,116,10.3,4.63,,
2978,2026-08-14 05:59:34,Robert Proctor,hsimmons@example.com,507929,873006,Sligo Bus Depot,39.37,69,15.75,7.09,,
2979,2026-09-04 22:38:24,Michael Clark,dparasiuk@example.com,507744,872633,Americawannt Aw00011,74.82,111,29.93,13.47,,
2980,2026-09-05 22:33:16,James Morris,vladyslav44@example.net,507763,872670,Eldrive Lithuania Panemunės Baseinas,72.35,49,28.94,13.02,,
2981,2026-09-03 13:34:40,Justin Gonzalez,antoniothompson@example.org,507933,873011,Valle Vrde Center,19.89,45,7.96,3.58,,
2982,2026-08-29 03:39:06,Йосип Лисенко,clarkmelissa@example.org,507771,872713,ЖК Сколково Уан,69.21,116,27.68,12.46,,
2983,2026-09-03 00:33:38,Дарина Павличенко,savenkostepan@example.net,507822,872802,Ayunt. Navalcarnerro. Ciudad Deportiva,41.65,46,16.66,7.5,,
2984,2026-08-09 20:58:49,Leslie Crane,atamaniukzorian@example.net,507779,872724,Mcdonald'S - Gallagher Retai Park,,88,,,,
2985,2026-08-15 16:51:14,Ігнат Якимчук,tyler10@example.com,507772,872715,Гостиница Карелия 282 км,15.68,101,6.27,2.82,,
2986,2026-08-11 09:29:07,Сніжана Баранець,tkachiakiv@example.org,507825,872808,Calle Alfred Nóbel,11.45,27,4.58,2.06,,
2987,2026-08-21 14:35:18,Надія Литвиненко,nehodaihnat@example.com,507807,872779,C.C. Los Alcores Sevilla,63.24,107,25.3,11.38,,
2988,2026-08-22 13:28:02,Duane Ruiz,olena00@example.com,507859,872864,Club House Florence,44.72,72,17.89,8.05,,
2989,2026-08-15 18:08:15,Оксана Дацюк,zorianparasiuk@example.com,507933,873011,Valle Verde Center,39.95,31,15.98,7.19,,
2990,2026-08-22 23:23:59,Мирон Жук,mykyta69@example.org,507820,872796,Carrefour Lucena (Enddesa),63.36,0,25.34,11.4,,
2991,2026-09-03 22:02:50,пані Лілія Матяш,kostapchuk@example.com,507763,872659,Eldrive Lithuania Panemuėns Baseinas,66.24,67,26.5,11.92,,
2992,2026-08-26 01:25:53,Ганна Онищенко,jwerner@example.org,507812,872786,Mercadona Centro Logístico  Vitoria,17.71,66,7.08,3.19,,
2993,2026-08-13 14:56:02,Jill Wilkerson,shtepasymon@example.com,507803,872770,Hotellaksa Ciater,53.82,86,21.53,9.69,,
2994,2026-09-04 21:27:49,Камілла Швайка,mooremichael@example.net,508001,873171,Virta north Seurakuntatalo,15.83,13,6.33,2.85,,
2995,2026-08-20 04:21:17,Michael Padilla,halejeffery@example.net,507818,872793,Parking Caravanas El Pueyo,65.11,95,26.04,11.72,,
2996,2026-08-10 22:16:17,Tasha Taylor,iakivtverdokhlib@example.org,507763,872671,Eldrive Lithuaania Panemunės Baseinas,,16,,,,
2997,2026-08-27 11:04:12,Robert Yates,ambermiller@example.net,508022,873199,Plenoil La Orotaa 2,81.53,70,32.61,14.68,,
2998,2026-08-23 19:48:15,пан Аврелій Цісик,wchekaliuk@example.net,507822,872802,Ayunt. Navalcarneero. Ciudad Deportiva,10.52,116,4.21,1.89,,
2999,2026-08-09 06:38:30,Палій Симон Михайлович,ielysaveta60@example.org,508019,873196,Ayunt. Olost Piscines,9.56,63,3.82,1.72,,
3000,2026-08-18 12:08:59,Gene Jones,pchavez@example.com,507961,873060,"Svylos Ggatvė 16, Vilnius",27.57,97,11.03,4.96,,