{"timestamp":"2026-09-03T10:34:49.261674Z","level":"info","event":"Filling up the DagBag from /opt/airflow/dags/dag_api_dimension_sync.py","logger":"airflow.dag_processing.dagbag.BundleDagBag","filename":"dagbag.py","lineno":460}
{"timestamp":"2026-09-03T10:35:21.817611Z","level":"info","event":"Filling up the DagBag from /opt/airflow/dags/dag_api_dimension_sync.py","logger":"airflow.dag_processing.dagbag.BundleDagBag","filename":"dagbag.py","lineno":460}
{"timestamp":"2026-09-03T10:35:52.417934Z","level":"info","event":"Filling up the DagBag from /opt/airflow/dags/dag_api_dimension_sync.py","logger":"airflow.dag_processing.dagbag.BundleDagBag","filename":"dagbag.py","lineno":460}
{"timestamp":"2026-09-03T10:36:23.017342Z","level":"info","event":"Filling up the DagBag from /opt/airflow/dags/dag_api_dimension_sync.py","logger":"airflow.dag_processing.dagbag.BundleDagBag","filename":"dagbag.py","lineno":460}
{"timestamp":"2026-09-03T10:36:53.641951Z","level":"info","event":"Filling up the DagBag from /opt/airflow/dags/dag_api_dimension_sync.py","logger":"airflow.dag_processing.dagbag.BundleDagBag","filename":"dagbag.py","lineno":460}
{"timestamp":"2026-09-03T10:37:24.222208Z","level":"info","event":"Filling up the DagBag from /opt/airflow/dags/dag_api_dimension_sync.py","logger":"airflow.dag_processing.dagbag.BundleDagBag","filename":"dagbag.py","lineno":460}
{"timestamp":"2026-09-03T10:37:54.879867Z","level":"info","event":"Filling up the DagBag from /opt/airflow/dags/dag_api_dimension_sync.py","logger":"airflow.dag_processing.dagbag.BundleDagBag","filename":"dagbag.py","lineno":460}
{"timestamp":"2026-09-03T10:38:25.530978Z","level":"info","event":"Filling up the DagBag from /opt/airflow/dags/dag_api_dimension_sync.py","logger":"airflow.dag_processing.dagbag.BundleDagBag","filename":"dagbag.py","lineno":460}
{"timestamp":"2026-09-03T10:38:56.114580Z","level":"info","event":"Filling up the DagBag from /opt/airflow/dags/dag_api_dimension_sync.py","logger":"airflow.dag_processing.dagbag.BundleDagBag","filename":"dagbag.py","lineno":460}
{"timestamp":"2026-09-03T10:39:26.747954Z","level":"info","event":"Filling up the DagBag from /opt/airflow/dags/dag_api_dimension_sync.py","logger":"airflow.dag_processing.dagbag.BundleDagBag","filename":"dagbag.py","lineno":460}
{"timestamp":"2026-09-03T10:39:57.413685Z","level":"info","event":"Filling up the DagBag from /opt/airflow/dags/dag_api_dimension_sync.py","logger":"airflow.dag_processing.dagbag.BundleDagBag","filename":"dagbag.py","lineno":460}
{"timestamp":"2026-09-03T10:40:27.998508Z","level":"info","event":"Filling up the DagBag from /opt/airflow/dags/dag_api_dimension_sync.py","logger":"airflow.dag_processing.dagbag.BundleDagBag","filename":"dagbag.py","lineno":460}
{"timestamp":"2026-09-03T10:40:58.602507Z","level":"info","event":"Filling up the DagBag from /opt/airflow/dags/dag_api_dimension_sync.py","logger":"airflow.dag_processing.dagbag.BundleDagBag","filename":"dagbag.py","lineno":460}
{"timestamp":"2026-09-03T10:41:26.125185Z","level":"info","event":"Filling up the DagBag from /opt/airflow/dags/dag_api_dimension_sync.py","logger":"airflow.dag_processing.dagbag.BundleDagBag","filename":"dagbag.py","lineno":460}
{"timestamp":"2026-09-03T10:41:26.134093Z","level":"error","event":"Failed to import: /opt/airflow/dags/dag_api_dimension_sync.py","logger":"airflow.dag_processing.importers.python_importer","filename":"python_importer.py","lineno":244,"error_detail":[{"exc_type":"IndentationError","exc_value":"expected an indented block after function definition on line 30 (dag_api_dimension_sync.py, line 34)","exc_notes":[],"syntax_error":{"offset":5,"filename":"/opt/airflow/dags/dag_api_dimension_sync.py","line":"    @task\n","lineno":34,"msg":"expected an indented block after function definition on line 30"},"is_cause":false,"frames":[{"filename":"/home/airflow/.local/lib/python3.13/site-packages/airflow/dag_processing/importers/python_importer.py","lineno":238,"name":"parse"},{"filename":"<frozen importlib._bootstrap_external>","lineno":1019,"name":"exec_module"},{"filename":"<frozen importlib._bootstrap_external>","lineno":1157,"name":"get_code"},{"filename":"<frozen importlib._bootstrap_external>","lineno":1087,"name":"source_to_code"},{"filename":"<frozen importlib._bootstrap>","lineno":488,"name":"_call_with_frames_removed"}],"is_group":false,"exceptions":[]}]}
{"timestamp":"2026-09-03T10:41:26.134903Z","level":"error","event":"Error loading DAG from dag_api_dimension_sync.py: expected an indented block after function definition on line 30 (dag_api_dimension_sync.py, line 34)","logger":"airflow.dag_processing.dagbag.BundleDagBag","filename":"dagbag.py","lineno":319}
{"timestamp":"2026-09-03T10:41:46.385076Z","level":"info","event":"Filling up the DagBag from /opt/airflow/dags/dag_api_dimension_sync.py","logger":"airflow.dag_processing.dagbag.BundleDagBag","filename":"dagbag.py","lineno":460}
{"timestamp":"2026-09-03T10:42:10.013805Z","level":"info","event":"Filling up the DagBag from /opt/airflow/dags/dag_api_dimension_sync.py","logger":"airflow.dag_processing.dagbag.BundleDagBag","filename":"dagbag.py","lineno":460}
{"timestamp":"2026-09-03T10:42:40.687381Z","level":"info","event":"Filling up the DagBag from /opt/airflow/dags/dag_api_dimension_sync.py","logger":"airflow.dag_processing.dagbag.BundleDagBag","filename":"dagbag.py","lineno":460}
{"timestamp":"2026-09-03T10:43:11.500532Z","level":"info","event":"Filling up the DagBag from /opt/airflow/dags/dag_api_dimension_sync.py","logger":"airflow.dag_processing.dagbag.BundleDagBag","filename":"dagbag.py","lineno":460}
{"timestamp":"2026-09-03T10:43:28.069724Z","level":"info","event":"Filling up the DagBag from /opt/airflow/dags/dag_api_dimension_sync.py","logger":"airflow.dag_processing.dagbag.BundleDagBag","filename":"dagbag.py","lineno":460}
{"timestamp":"2026-09-03T10:43:55.832389Z","level":"info","event":"Filling up the DagBag from /opt/airflow/dags/dag_api_dimension_sync.py","logger":"airflow.dag_processing.dagbag.BundleDagBag","filename":"dagbag.py","lineno":460}
{"timestamp":"2026-09-03T10:43:56.208720Z","level":"error","event":"Failed to import: /opt/airflow/dags/dag_api_dimension_sync.py","logger":"airflow.dag_processing.importers.python_importer","filename":"python_importer.py","lineno":244,"error_detail":[{"exc_type":"NameError","exc_value":"name 'JSON_' is not defined","exc_notes":[],"syntax_error":null,"is_cause":false,"frames":[{"filename":"/home/airflow/.local/lib/python3.13/site-packages/airflow/dag_processing/importers/python_importer.py","lineno":238,"name":"parse"},{"filename":"<frozen importlib._bootstrap_external>","lineno":1023,"name":"exec_module"},{"filename":"<frozen importlib._bootstrap>","lineno":488,"name":"_call_with_frames_removed"},{"filename":"/opt/airflow/dags/dag_api_dimension_sync.py","lineno":53,"name":"<module>"},{"filename":"/home/airflow/.local/lib/python3.13/site-packages/airflow/sdk/definitions/dag.py","lineno":1696,"name":"factory"},{"filename":"/opt/airflow/dags/dag_api_dimension_sync.py","lineno":50,"name":"API_dimension_sync"}],"is_group":false,"exceptions":[]}]}
{"timestamp":"2026-09-03T10:43:56.211644Z","level":"error","event":"Error loading DAG from dag_api_dimension_sync.py: name 'JSON_' is not defined","logger":"airflow.dag_processing.dagbag.BundleDagBag","filename":"dagbag.py","lineno":319}
{"timestamp":"2026-09-03T10:44:05.372131Z","level":"info","event":"Filling up the DagBag from /opt/airflow/dags/dag_api_dimension_sync.py","logger":"airflow.dag_processing.dagbag.BundleDagBag","filename":"dagbag.py","lineno":460}
{"timestamp":"2026-09-03T10:44:05.739392Z","level":"error","event":"Failed to import: /opt/airflow/dags/dag_api_dimension_sync.py","logger":"airflow.dag_processing.importers.python_importer","filename":"python_importer.py","lineno":244,"error_detail":[{"exc_type":"NameError","exc_value":"name 'JSON_Formatter' is not defined","exc_notes":[],"syntax_error":null,"is_cause":false,"frames":[{"filename":"/home/airflow/.local/lib/python3.13/site-packages/airflow/dag_processing/importers/python_importer.py","lineno":238,"name":"parse"},{"filename":"<frozen importlib._bootstrap_external>","lineno":1023,"name":"exec_module"},{"filename":"<frozen importlib._bootstrap>","lineno":488,"name":"_call_with_frames_removed"},{"filename":"/opt/airflow/dags/dag_api_dimension_sync.py","lineno":53,"name":"<module>"},{"filename":"/home/airflow/.local/lib/python3.13/site-packages/airflow/sdk/definitions/dag.py","lineno":1696,"name":"factory"},{"filename":"/opt/airflow/dags/dag_api_dimension_sync.py","lineno":50,"name":"API_dimension_sync"}],"is_group":false,"exceptions":[]}]}
{"timestamp":"2026-09-03T10:44:05.742366Z","level":"error","event":"Error loading DAG from dag_api_dimension_sync.py: name 'JSON_Formatter' is not defined","logger":"airflow.dag_processing.dagbag.BundleDagBag","filename":"dagbag.py","lineno":319}
{"timestamp":"2026-09-03T10:44:36.029131Z","level":"info","event":"Filling up the DagBag from /opt/airflow/dags/dag_api_dimension_sync.py","logger":"airflow.dag_processing.dagbag.BundleDagBag","filename":"dagbag.py","lineno":460}
{"timestamp":"2026-09-03T10:44:36.388581Z","level":"error","event":"Failed to import: /opt/airflow/dags/dag_api_dimension_sync.py","logger":"airflow.dag_processing.importers.python_importer","filename":"python_importer.py","lineno":244,"error_detail":[{"exc_type":"NameError","exc_value":"name 'JSON_Formatter' is not defined","exc_notes":[],"syntax_error":null,"is_cause":false,"frames":[{"filename":"/home/airflow/.local/lib/python3.13/site-packages/airflow/dag_processing/importers/python_importer.py","lineno":238,"name":"parse"},{"filename":"<frozen importlib._bootstrap_external>","lineno":1023,"name":"exec_module"},{"filename":"<frozen importlib._bootstrap>","lineno":488,"name":"_call_with_frames_removed"},{"filename":"/opt/airflow/dags/dag_api_dimension_sync.py","lineno":53,"name":"<module>"},{"filename":"/home/airflow/.local/lib/python3.13/site-packages/airflow/sdk/definitions/dag.py","lineno":1696,"name":"factory"},{"filename":"/opt/airflow/dags/dag_api_dimension_sync.py","lineno":50,"name":"API_dimension_sync"}],"is_group":false,"exceptions":[]}]}
{"timestamp":"2026-09-03T10:44:36.391833Z","level":"error","event":"Error loading DAG from dag_api_dimension_sync.py: name 'JSON_Formatter' is not defined","logger":"airflow.dag_processing.dagbag.BundleDagBag","filename":"dagbag.py","lineno":319}
{"timestamp":"2026-09-03T10:44:48.503754Z","level":"info","event":"Filling up the DagBag from /opt/airflow/dags/dag_api_dimension_sync.py","logger":"airflow.dag_processing.dagbag.BundleDagBag","filename":"dagbag.py","lineno":460}
{"timestamp":"2026-09-03T10:45:19.238809Z","level":"info","event":"Filling up the DagBag from /opt/airflow/dags/dag_api_dimension_sync.py","logger":"airflow.dag_processing.dagbag.BundleDagBag","filename":"dagbag.py","lineno":460}
{"timestamp":"2026-09-03T10:45:49.943792Z","level":"info","event":"Filling up the DagBag from /opt/airflow/dags/dag_api_dimension_sync.py","logger":"airflow.dag_processing.dagbag.BundleDagBag","filename":"dagbag.py","lineno":460}
{"timestamp":"2026-09-03T10:46:20.603757Z","level":"info","event":"Filling up the DagBag from /opt/airflow/dags/dag_api_dimension_sync.py","logger":"airflow.dag_processing.dagbag.BundleDagBag","filename":"dagbag.py","lineno":460}
{"timestamp":"2026-09-03T10:46:51.283180Z","level":"info","event":"Filling up the DagBag from /opt/airflow/dags/dag_api_dimension_sync.py","logger":"airflow.dag_processing.dagbag.BundleDagBag","filename":"dagbag.py","lineno":460}
{"timestamp":"2026-09-03T10:47:21.997047Z","level":"info","event":"Filling up the DagBag from /opt/airflow/dags/dag_api_dimension_sync.py","logger":"airflow.dag_processing.dagbag.BundleDagBag","filename":"dagbag.py","lineno":460}
{"timestamp":"2026-09-03T10:47:52.688366Z","level":"info","event":"Filling up the DagBag from /opt/airflow/dags/dag_api_dimension_sync.py","logger":"airflow.dag_processing.dagbag.BundleDagBag","filename":"dagbag.py","lineno":460}
{"timestamp":"2026-09-03T10:48:23.339559Z","level":"info","event":"Filling up the DagBag from /opt/airflow/dags/dag_api_dimension_sync.py","logger":"airflow.dag_processing.dagbag.BundleDagBag","filename":"dagbag.py","lineno":460}
{"timestamp":"2026-09-03T10:48:31.835749Z","level":"info","event":"Filling up the DagBag from /opt/airflow/dags/dag_api_dimension_sync.py","logger":"airflow.dag_processing.dagbag.BundleDagBag","filename":"dagbag.py","lineno":460}
{"timestamp":"2026-09-03T10:49:02.552665Z","level":"info","event":"Filling up the DagBag from /opt/airflow/dags/dag_api_dimension_sync.py","logger":"airflow.dag_processing.dagbag.BundleDagBag","filename":"dagbag.py","lineno":460}
{"timestamp":"2026-09-03T10:49:33.186426Z","level":"info","event":"Filling up the DagBag from /opt/airflow/dags/dag_api_dimension_sync.py","logger":"airflow.dag_processing.dagbag.BundleDagBag","filename":"dagbag.py","lineno":460}
{"timestamp":"2026-09-03T10:50:03.867570Z","level":"info","event":"Filling up the DagBag from /opt/airflow/dags/dag_api_dimension_sync.py","logger":"airflow.dag_processing.dagbag.BundleDagBag","filename":"dagbag.py","lineno":460}
{"timestamp":"2026-09-03T10:50:34.489937Z","level":"info","event":"Filling up the DagBag from /opt/airflow/dags/dag_api_dimension_sync.py","logger":"airflow.dag_processing.dagbag.BundleDagBag","filename":"dagbag.py","lineno":460}
{"timestamp":"2026-09-03T10:51:05.112559Z","level":"info","event":"Filling up the DagBag from /opt/airflow/dags/dag_api_dimension_sync.py","logger":"airflow.dag_processing.dagbag.BundleDagBag","filename":"dagbag.py","lineno":460}
{"timestamp":"2026-09-03T10:51:35.773008Z","level":"info","event":"Filling up the DagBag from /opt/airflow/dags/dag_api_dimension_sync.py","logger":"airflow.dag_processing.dagbag.BundleDagBag","filename":"dagbag.py","lineno":460}
{"timestamp":"2026-09-03T10:52:06.444541Z","level":"info","event":"Filling up the DagBag from /opt/airflow/dags/dag_api_dimension_sync.py","logger":"airflow.dag_processing.dagbag.BundleDagBag","filename":"dagbag.py","lineno":460}
{"timestamp":"2026-09-03T10:52:37.214721Z","level":"info","event":"Filling up the DagBag from /opt/airflow/dags/dag_api_dimension_sync.py","logger":"airflow.dag_processing.dagbag.BundleDagBag","filename":"dagbag.py","lineno":460}
{"timestamp":"2026-09-03T10:53:07.893609Z","level":"info","event":"Filling up the DagBag from /opt/airflow/dags/dag_api_dimension_sync.py","logger":"airflow.dag_processing.dagbag.BundleDagBag","filename":"dagbag.py","lineno":460}
{"timestamp":"2026-09-03T10:53:38.586670Z","level":"info","event":"Filling up the DagBag from /opt/airflow/dags/dag_api_dimension_sync.py","logger":"airflow.dag_processing.dagbag.BundleDagBag","filename":"dagbag.py","lineno":460}
{"timestamp":"2026-09-03T10:54:09.240223Z","level":"info","event":"Filling up the DagBag from /opt/airflow/dags/dag_api_dimension_sync.py","logger":"airflow.dag_processing.dagbag.BundleDagBag","filename":"dagbag.py","lineno":460}
{"timestamp":"2026-09-03T10:54:15.841999Z","level":"info","event":"Filling up the DagBag from /opt/airflow/dags/dag_api_dimension_sync.py","logger":"airflow.dag_processing.dagbag.BundleDagBag","filename":"dagbag.py","lineno":460}
{"timestamp":"2026-09-03T10:54:46.651887Z","level":"info","event":"Filling up the DagBag from /opt/airflow/dags/dag_api_dimension_sync.py","logger":"airflow.dag_processing.dagbag.BundleDagBag","filename":"dagbag.py","lineno":460}
{"timestamp":"2026-09-03T10:55:10.186496Z","level":"info","event":"Filling up the DagBag from /opt/airflow/dags/dag_api_dimension_sync.py","logger":"airflow.dag_processing.dagbag.BundleDagBag","filename":"dagbag.py","lineno":460}
{"timestamp":"2026-09-03T10:55:40.893996Z","level":"info","event":"Filling up the DagBag from /opt/airflow/dags/dag_api_dimension_sync.py","logger":"airflow.dag_processing.dagbag.BundleDagBag","filename":"dagbag.py","lineno":460}
{"timestamp":"2026-09-03T10:56:11.525999Z","level":"info","event":"Filling up the DagBag from /opt/airflow/dags/dag_api_dimension_sync.py","logger":"airflow.dag_processing.dagbag.BundleDagBag","filename":"dagbag.py","lineno":460}
{"timestamp":"2026-09-03T10:56:31.098793Z","level":"info","event":"Filling up the DagBag from /opt/airflow/dags/dag_api_dimension_sync.py","logger":"airflow.dag_processing.dagbag.BundleDagBag","filename":"dagbag.py","lineno":460}
{"timestamp":"2026-09-03T10:57:01.710853Z","level":"info","event":"Filling up the DagBag from /opt/airflow/dags/dag_api_dimension_sync.py","logger":"airflow.dag_processing.dagbag.BundleDagBag","filename":"dagbag.py","lineno":460}
{"timestamp":"2026-09-03T10:57:32.370751Z","level":"info","event":"Filling up the DagBag from /opt/airflow/dags/dag_api_dimension_sync.py","logger":"airflow.dag_processing.dagbag.BundleDagBag","filename":"dagbag.py","lineno":460}
{"timestamp":"2026-09-03T10:58:03.072050Z","level":"info","event":"Filling up the DagBag from /opt/airflow/dags/dag_api_dimension_sync.py","logger":"airflow.dag_processing.dagbag.BundleDagBag","filename":"dagbag.py","lineno":460}
{"timestamp":"2026-09-03T10:58:33.923378Z","level":"info","event":"Filling up the DagBag from /opt/airflow/dags/dag_api_dimension_sync.py","logger":"airflow.dag_processing.dagbag.BundleDagBag","filename":"dagbag.py","lineno":460}
{"timestamp":"2026-09-03T10:59:04.693319Z","level":"info","event":"Filling up the DagBag from /opt/airflow/dags/dag_api_dimension_sync.py","logger":"airflow.dag_processing.dagbag.BundleDagBag","filename":"dagbag.py","lineno":460}
{"timestamp":"2026-09-03T10:59:35.300567Z","level":"info","event":"Filling up the DagBag from /opt/airflow/dags/dag_api_dimension_sync.py","logger":"airflow.dag_processing.dagbag.BundleDagBag","filename":"dagbag.py","lineno":460}
{"timestamp":"2026-09-03T11:00:05.933020Z","level":"info","event":"Filling up the DagBag from /opt/airflow/dags/dag_api_dimension_sync.py","logger":"airflow.dag_processing.dagbag.BundleDagBag","filename":"dagbag.py","lineno":460}
{"timestamp":"2026-09-03T11:00:36.584513Z","level":"info","event":"Filling up the DagBag from /opt/airflow/dags/dag_api_dimension_sync.py","logger":"airflow.dag_processing.dagbag.BundleDagBag","filename":"dagbag.py","lineno":460}
{"timestamp":"2026-09-03T11:01:07.217402Z","level":"info","event":"Filling up the DagBag from /opt/airflow/dags/dag_api_dimension_sync.py","logger":"airflow.dag_processing.dagbag.BundleDagBag","filename":"dagbag.py","lineno":460}
{"timestamp":"2026-09-03T11:01:16.649380Z","level":"info","event":"Filling up the DagBag from /opt/airflow/dags/dag_api_dimension_sync.py","logger":"airflow.dag_processing.dagbag.BundleDagBag","filename":"dagbag.py","lineno":460}
{"timestamp":"2026-09-03T11:01:16.661454Z","level":"error","event":"Failed to import: /opt/airflow/dags/dag_api_dimension_sync.py","logger":"airflow.dag_processing.importers.python_importer","filename":"python_importer.py","lineno":244,"error_detail":[{"exc_type":"IndentationError","exc_value":"expected an indented block after 'try' statement on line 32 (dag_api_dimension_sync.py, line 34)","exc_notes":[],"syntax_error":{"offset":9,"filename":"/opt/airflow/dags/dag_api_dimension_sync.py","line":"        except json.decoder.JSONDecodeError:\n","lineno":34,"msg":"expected an indented block after 'try' statement on line 32"},"is_cause":false,"frames":[{"filename":"/home/airflow/.local/lib/python3.13/site-packages/airflow/dag_processing/importers/python_importer.py","lineno":238,"name":"parse"},{"filename":"<frozen importlib._bootstrap_external>","lineno":1019,"name":"exec_module"},{"filename":"<frozen importlib._bootstrap_external>","lineno":1157,"name":"get_code"},{"filename":"<frozen importlib._bootstrap_external>","lineno":1087,"name":"source_to_code"},{"filename":"<frozen importlib._bootstrap>","lineno":488,"name":"_call_with_frames_removed"}],"is_group":false,"exceptions":[]}]}
{"timestamp":"2026-09-03T11:01:16.662337Z","level":"error","event":"Error loading DAG from dag_api_dimension_sync.py: expected an indented block after 'try' statement on line 32 (dag_api_dimension_sync.py, line 34)","logger":"airflow.dag_processing.dagbag.BundleDagBag","filename":"dagbag.py","lineno":319}
{"timestamp":"2026-09-03T11:01:46.966239Z","level":"info","event":"Filling up the DagBag from /opt/airflow/dags/dag_api_dimension_sync.py","logger":"airflow.dag_processing.dagbag.BundleDagBag","filename":"dagbag.py","lineno":460}
{"timestamp":"2026-09-03T11:01:46.978318Z","level":"error","event":"Failed to import: /opt/airflow/dags/dag_api_dimension_sync.py","logger":"airflow.dag_processing.importers.python_importer","filename":"python_importer.py","lineno":244,"error_detail":[{"exc_type":"IndentationError","exc_value":"expected an indented block after 'try' statement on line 32 (dag_api_dimension_sync.py, line 34)","exc_notes":[],"syntax_error":{"offset":9,"filename":"/opt/airflow/dags/dag_api_dimension_sync.py","line":"        except json.decoder.JSONDecodeError:\n","lineno":34,"msg":"expected an indented block after 'try' statement on line 32"},"is_cause":false,"frames":[{"filename":"/home/airflow/.local/lib/python3.13/site-packages/airflow/dag_processing/importers/python_importer.py","lineno":238,"name":"parse"},{"filename":"<frozen importlib._bootstrap_external>","lineno":1019,"name":"exec_module"},{"filename":"<frozen importlib._bootstrap_external>","lineno":1157,"name":"get_code"},{"filename":"<frozen importlib._bootstrap_external>","lineno":1087,"name":"source_to_code"},{"filename":"<frozen importlib._bootstrap>","lineno":488,"name":"_call_with_frames_removed"}],"is_group":false,"exceptions":[]}]}
{"timestamp":"2026-09-03T11:01:46.979197Z","level":"error","event":"Error loading DAG from dag_api_dimension_sync.py: expected an indented block after 'try' statement on line 32 (dag_api_dimension_sync.py, line 34)","logger":"airflow.dag_processing.dagbag.BundleDagBag","filename":"dagbag.py","lineno":319}
{"timestamp":"2026-09-03T11:01:51.039656Z","level":"info","event":"Filling up the DagBag from /opt/airflow/dags/dag_api_dimension_sync.py","logger":"airflow.dag_processing.dagbag.BundleDagBag","filename":"dagbag.py","lineno":460}
{"timestamp":"2026-09-03T11:02:21.742791Z","level":"info","event":"Filling up the DagBag from /opt/airflow/dags/dag_api_dimension_sync.py","logger":"airflow.dag_processing.dagbag.BundleDagBag","filename":"dagbag.py","lineno":460}
{"timestamp":"2026-09-03T11:02:52.394985Z","level":"info","event":"Filling up the DagBag from /opt/airflow/dags/dag_api_dimension_sync.py","logger":"airflow.dag_processing.dagbag.BundleDagBag","filename":"dagbag.py","lineno":460}
{"timestamp":"2026-09-03T11:03:20.020902Z","level":"info","event":"Filling up the DagBag from /opt/airflow/dags/dag_api_dimension_sync.py","logger":"airflow.dag_processing.dagbag.BundleDagBag","filename":"dagbag.py","lineno":460}
{"timestamp":"2026-09-03T11:03:50.686470Z","level":"info","event":"Filling up the DagBag from /opt/airflow/dags/dag_api_dimension_sync.py","logger":"airflow.dag_processing.dagbag.BundleDagBag","filename":"dagbag.py","lineno":460}
{"timestamp":"2026-09-03T11:04:21.298715Z","level":"info","event":"Filling up the DagBag from /opt/airflow/dags/dag_api_dimension_sync.py","logger":"airflow.dag_processing.dagbag.BundleDagBag","filename":"dagbag.py","lineno":460}
{"timestamp":"2026-09-03T11:04:51.904150Z","level":"info","event":"Filling up the DagBag from /opt/airflow/dags/dag_api_dimension_sync.py","logger":"airflow.dag_processing.dagbag.BundleDagBag","filename":"dagbag.py","lineno":460}
{"timestamp":"2026-09-03T11:05:22.528258Z","level":"info","event":"Filling up the DagBag from /opt/airflow/dags/dag_api_dimension_sync.py","logger":"airflow.dag_processing.dagbag.BundleDagBag","filename":"dagbag.py","lineno":460}
{"timestamp":"2026-09-03T11:05:53.138493Z","level":"info","event":"Filling up the DagBag from /opt/airflow/dags/dag_api_dimension_sync.py","logger":"airflow.dag_processing.dagbag.BundleDagBag","filename":"dagbag.py","lineno":460}
{"timestamp":"2026-09-03T11:06:23.738082Z","level":"info","event":"Filling up the DagBag from /opt/airflow/dags/dag_api_dimension_sync.py","logger":"airflow.dag_processing.dagbag.BundleDagBag","filename":"dagbag.py","lineno":460}
{"timestamp":"2026-09-03T11:06:54.374710Z","level":"info","event":"Filling up the DagBag from /opt/airflow/dags/dag_api_dimension_sync.py","logger":"airflow.dag_processing.dagbag.BundleDagBag","filename":"dagbag.py","lineno":460}
{"timestamp":"2026-09-03T11:07:25.003363Z","level":"info","event":"Filling up the DagBag from /opt/airflow/dags/dag_api_dimension_sync.py","logger":"airflow.dag_processing.dagbag.BundleDagBag","filename":"dagbag.py","lineno":460}
{"timestamp":"2026-09-03T11:07:34.471117Z","level":"info","event":"Filling up the DagBag from /opt/airflow/dags/dag_api_dimension_sync.py","logger":"airflow.dag_processing.dagbag.BundleDagBag","filename":"dagbag.py","lineno":460}
{"timestamp":"2026-09-03T11:08:05.161269Z","level":"info","event":"Filling up the DagBag from /opt/airflow/dags/dag_api_dimension_sync.py","logger":"airflow.dag_processing.dagbag.BundleDagBag","filename":"dagbag.py","lineno":460}
{"timestamp":"2026-09-03T11:08:35.754202Z","level":"info","event":"Filling up the DagBag from /opt/airflow/dags/dag_api_dimension_sync.py","logger":"airflow.dag_processing.dagbag.BundleDagBag","filename":"dagbag.py","lineno":460}
{"timestamp":"2026-09-03T11:09:06.378334Z","level":"info","event":"Filling up the DagBag from /opt/airflow/dags/dag_api_dimension_sync.py","logger":"airflow.dag_processing.dagbag.BundleDagBag","filename":"dagbag.py","lineno":460}
{"timestamp":"2026-09-03T11:09:36.968294Z","level":"info","event":"Filling up the DagBag from /opt/airflow/dags/dag_api_dimension_sync.py","logger":"airflow.dag_processing.dagbag.BundleDagBag","filename":"dagbag.py","lineno":460}
{"timestamp":"2026-09-03T11:10:04.555618Z","level":"info","event":"Filling up the DagBag from /opt/airflow/dags/dag_api_dimension_sync.py","logger":"airflow.dag_processing.dagbag.BundleDagBag","filename":"dagbag.py","lineno":460}
{"timestamp":"2026-09-03T11:10:35.217978Z","level":"info","event":"Filling up the DagBag from /opt/airflow/dags/dag_api_dimension_sync.py","logger":"airflow.dag_processing.dagbag.BundleDagBag","filename":"dagbag.py","lineno":460}
{"timestamp":"2026-09-03T11:11:05.855712Z","level":"info","event":"Filling up the DagBag from /opt/airflow/dags/dag_api_dimension_sync.py","logger":"airflow.dag_processing.dagbag.BundleDagBag","filename":"dagbag.py","lineno":460}
{"timestamp":"2026-09-03T11:11:36.454818Z","level":"info","event":"Filling up the DagBag from /opt/airflow/dags/dag_api_dimension_sync.py","logger":"airflow.dag_processing.dagbag.BundleDagBag","filename":"dagbag.py","lineno":460}
{"timestamp":"2026-09-03T11:12:07.094961Z","level":"info","event":"Filling up the DagBag from /opt/airflow/dags/dag_api_dimension_sync.py","logger":"airflow.dag_processing.dagbag.BundleDagBag","filename":"dagbag.py","lineno":460}
{"timestamp":"2026-09-03T11:12:37.688271Z","level":"info","event":"Filling up the DagBag from /opt/airflow/dags/dag_api_dimension_sync.py","logger":"airflow.dag_processing.dagbag.BundleDagBag","filename":"dagbag.py","lineno":460}
{"timestamp":"2026-09-03T11:13:08.279216Z","level":"info","event":"Filling up the DagBag from /opt/airflow/dags/dag_api_dimension_sync.py","logger":"airflow.dag_processing.dagbag.BundleDagBag","filename":"dagbag.py","lineno":460}
{"timestamp":"2026-09-03T11:13:38.934376Z","level":"info","event":"Filling up the DagBag from /opt/airflow/dags/dag_api_dimension_sync.py","logger":"airflow.dag_processing.dagbag.BundleDagBag","filename":"dagbag.py","lineno":460}
{"timestamp":"2026-09-03T11:14:09.533344Z","level":"info","event":"Filling up the DagBag from /opt/airflow/dags/dag_api_dimension_sync.py","logger":"airflow.dag_processing.dagbag.BundleDagBag","filename":"dagbag.py","lineno":460}
{"timestamp":"2026-09-03T11:14:40.200863Z","level":"info","event":"Filling up the DagBag from /opt/airflow/dags/dag_api_dimension_sync.py","logger":"airflow.dag_processing.dagbag.BundleDagBag","filename":"dagbag.py","lineno":460}
{"timestamp":"2026-09-03T11:15:10.898682Z","level":"info","event":"Filling up the DagBag from /opt/airflow/dags/dag_api_dimension_sync.py","logger":"airflow.dag_processing.dagbag.BundleDagBag","filename":"dagbag.py","lineno":460}
{"timestamp":"2026-09-03T11:15:41.578410Z","level":"info","event":"Filling up the DagBag from /opt/airflow/dags/dag_api_dimension_sync.py","logger":"airflow.dag_processing.dagbag.BundleDagBag","filename":"dagbag.py","lineno":460}
{"timestamp":"2026-09-03T11:16:12.218101Z","level":"info","event":"Filling up the DagBag from /opt/airflow/dags/dag_api_dimension_sync.py","logger":"airflow.dag_processing.dagbag.BundleDagBag","filename":"dagbag.py","lineno":460}
{"timestamp":"2026-09-03T11:16:42.844479Z","level":"info","event":"Filling up the DagBag from /opt/airflow/dags/dag_api_dimension_sync.py","logger":"airflow.dag_processing.dagbag.BundleDagBag","filename":"dagbag.py","lineno":460}
{"timestamp":"2026-09-03T11:17:13.470581Z","level":"info","event":"Filling up the DagBag from /opt/airflow/dags/dag_api_dimension_sync.py","logger":"airflow.dag_processing.dagbag.BundleDagBag","filename":"dagbag.py","lineno":460}
{"timestamp":"2026-09-03T11:17:44.072291Z","level":"info","event":"Filling up the DagBag from /opt/airflow/dags/dag_api_dimension_sync.py","logger":"airflow.dag_processing.dagbag.BundleDagBag","filename":"dagbag.py","lineno":460}
{"timestamp":"2026-09-03T11:18:10.586992Z","level":"info","event":"Filling up the DagBag from /opt/airflow/dags/dag_api_dimension_sync.py","logger":"airflow.dag_processing.dagbag.BundleDagBag","filename":"dagbag.py","lineno":460}
{"timestamp":"2026-09-03T11:18:41.203437Z","level":"info","event":"Filling up the DagBag from /opt/airflow/dags/dag_api_dimension_sync.py","logger":"airflow.dag_processing.dagbag.BundleDagBag","filename":"dagbag.py","lineno":460}
{"timestamp":"2026-09-03T11:19:11.832828Z","level":"info","event":"Filling up the DagBag from /opt/airflow/dags/dag_api_dimension_sync.py","logger":"airflow.dag_processing.dagbag.BundleDagBag","filename":"dagbag.py","lineno":460}
{"timestamp":"2026-09-03T11:19:42.433880Z","level":"info","event":"Filling up the DagBag from /opt/airflow/dags/dag_api_dimension_sync.py","logger":"airflow.dag_processing.dagbag.BundleDagBag","filename":"dagbag.py","lineno":460}
{"timestamp":"2026-09-03T11:19:50.942874Z","level":"info","event":"Filling up the DagBag from /opt/airflow/dags/dag_api_dimension_sync.py","logger":"airflow.dag_processing.dagbag.BundleDagBag","filename":"dagbag.py","lineno":460}
{"timestamp":"2026-09-03T11:20:10.458637Z","level":"info","event":"Filling up the DagBag from /opt/airflow/dags/dag_api_dimension_sync.py","logger":"airflow.dag_processing.dagbag.BundleDagBag","filename":"dagbag.py","lineno":460}
{"timestamp":"2026-09-03T11:20:41.100520Z","level":"info","event":"Filling up the DagBag from /opt/airflow/dags/dag_api_dimension_sync.py","logger":"airflow.dag_processing.dagbag.BundleDagBag","filename":"dagbag.py","lineno":460}
{"timestamp":"2026-09-03T11:21:11.705740Z","level":"info","event":"Filling up the DagBag from /opt/airflow/dags/dag_api_dimension_sync.py","logger":"airflow.dag_processing.dagbag.BundleDagBag","filename":"dagbag.py","lineno":460}
{"timestamp":"2026-09-03T11:21:42.313722Z","level":"info","event":"Filling up the DagBag from /opt/airflow/dags/dag_api_dimension_sync.py","logger":"airflow.dag_processing.dagbag.BundleDagBag","filename":"dagbag.py","lineno":460}
{"timestamp":"2026-09-03T11:22:12.905676Z","level":"info","event":"Filling up the DagBag from /opt/airflow/dags/dag_api_dimension_sync.py","logger":"airflow.dag_processing.dagbag.BundleDagBag","filename":"dagbag.py","lineno":460}
{"timestamp":"2026-09-03T11:22:43.557863Z","level":"info","event":"Filling up the DagBag from /opt/airflow/dags/dag_api_dimension_sync.py","logger":"airflow.dag_processing.dagbag.BundleDagBag","filename":"dagbag.py","lineno":460}
{"timestamp":"2026-09-03T11:23:14.168057Z","level":"info","event":"Filling up the DagBag from /opt/airflow/dags/dag_api_dimension_sync.py","logger":"airflow.dag_processing.dagbag.BundleDagBag","filename":"dagbag.py","lineno":460}
{"timestamp":"2026-09-03T11:23:44.910816Z","level":"info","event":"Filling up the DagBag from /opt/airflow/dags/dag_api_dimension_sync.py","logger":"airflow.dag_processing.dagbag.BundleDagBag","filename":"dagbag.py","lineno":460}
{"timestamp":"2026-09-03T11:24:15.627555Z","level":"info","event":"Filling up the DagBag from /opt/airflow/dags/dag_api_dimension_sync.py","logger":"airflow.dag_processing.dagbag.BundleDagBag","filename":"dagbag.py","lineno":460}
{"timestamp":"2026-09-03T11:24:46.398538Z","level":"info","event":"Filling up the DagBag from /opt/airflow/dags/dag_api_dimension_sync.py","logger":"airflow.dag_processing.dagbag.BundleDagBag","filename":"dagbag.py","lineno":460}
{"timestamp":"2026-09-03T11:25:17.200042Z","level":"info","event":"Filling up the DagBag from /opt/airflow/dags/dag_api_dimension_sync.py","logger":"airflow.dag_processing.dagbag.BundleDagBag","filename":"dagbag.py","lineno":460}
{"timestamp":"2026-09-03T11:25:48.033328Z","level":"info","event":"Filling up the DagBag from /opt/airflow/dags/dag_api_dimension_sync.py","logger":"airflow.dag_processing.dagbag.BundleDagBag","filename":"dagbag.py","lineno":460}
{"timestamp":"2026-09-03T11:26:18.782481Z","level":"info","event":"Filling up the DagBag from /opt/airflow/dags/dag_api_dimension_sync.py","logger":"airflow.dag_processing.dagbag.BundleDagBag","filename":"dagbag.py","lineno":460}
{"timestamp":"2026-09-03T11:26:49.522290Z","level":"info","event":"Filling up the DagBag from /opt/airflow/dags/dag_api_dimension_sync.py","logger":"airflow.dag_processing.dagbag.BundleDagBag","filename":"dagbag.py","lineno":460}
{"timestamp":"2026-09-03T11:27:20.287403Z","level":"info","event":"Filling up the DagBag from /opt/airflow/dags/dag_api_dimension_sync.py","logger":"airflow.dag_processing.dagbag.BundleDagBag","filename":"dagbag.py","lineno":460}
{"timestamp":"2026-09-03T11:27:50.936275Z","level":"info","event":"Filling up the DagBag from /opt/airflow/dags/dag_api_dimension_sync.py","logger":"airflow.dag_processing.dagbag.BundleDagBag","filename":"dagbag.py","lineno":460}
{"timestamp":"2026-09-03T11:28:21.610317Z","level":"info","event":"Filling up the DagBag from /opt/airflow/dags/dag_api_dimension_sync.py","logger":"airflow.dag_processing.dagbag.BundleDagBag","filename":"dagbag.py","lineno":460}
{"timestamp":"2026-09-03T11:28:52.249567Z","level":"info","event":"Filling up the DagBag from /opt/airflow/dags/dag_api_dimension_sync.py","logger":"airflow.dag_processing.dagbag.BundleDagBag","filename":"dagbag.py","lineno":460}
{"timestamp":"2026-09-03T11:29:22.939469Z","level":"info","event":"Filling up the DagBag from /opt/airflow/dags/dag_api_dimension_sync.py","logger":"airflow.dag_processing.dagbag.BundleDagBag","filename":"dagbag.py","lineno":460}
{"timestamp":"2026-09-03T11:29:53.585236Z","level":"info","event":"Filling up the DagBag from /opt/airflow/dags/dag_api_dimension_sync.py","logger":"airflow.dag_processing.dagbag.BundleDagBag","filename":"dagbag.py","lineno":460}
{"timestamp":"2026-09-03T11:30:24.248632Z","level":"info","event":"Filling up the DagBag from /opt/airflow/dags/dag_api_dimension_sync.py","logger":"airflow.dag_processing.dagbag.BundleDagBag","filename":"dagbag.py","lineno":460}
{"timestamp":"2026-09-03T11:30:54.936207Z","level":"info","event":"Filling up the DagBag from /opt/airflow/dags/dag_api_dimension_sync.py","logger":"airflow.dag_processing.dagbag.BundleDagBag","filename":"dagbag.py","lineno":460}
{"timestamp":"2026-09-03T11:31:25.624848Z","level":"info","event":"Filling up the DagBag from /opt/airflow/dags/dag_api_dimension_sync.py","logger":"airflow.dag_processing.dagbag.BundleDagBag","filename":"dagbag.py","lineno":460}
{"timestamp":"2026-09-03T11:31:56.292838Z","level":"info","event":"Filling up the DagBag from /opt/airflow/dags/dag_api_dimension_sync.py","logger":"airflow.dag_processing.dagbag.BundleDagBag","filename":"dagbag.py","lineno":460}
{"timestamp":"2026-09-03T11:32:26.985850Z","level":"info","event":"Filling up the DagBag from /opt/airflow/dags/dag_api_dimension_sync.py","logger":"airflow.dag_processing.dagbag.BundleDagBag","filename":"dagbag.py","lineno":460}
{"timestamp":"2026-09-03T11:32:57.633382Z","level":"info","event":"Filling up the DagBag from /opt/airflow/dags/dag_api_dimension_sync.py","logger":"airflow.dag_processing.dagbag.BundleDagBag","filename":"dagbag.py","lineno":460}
{"timestamp":"2026-09-03T11:33:28.367623Z","level":"info","event":"Filling up the DagBag from /opt/airflow/dags/dag_api_dimension_sync.py","logger":"airflow.dag_processing.dagbag.BundleDagBag","filename":"dagbag.py","lineno":460}
{"timestamp":"2026-09-03T11:33:59.153023Z","level":"info","event":"Filling up the DagBag from /opt/airflow/dags/dag_api_dimension_sync.py","logger":"airflow.dag_processing.dagbag.BundleDagBag","filename":"dagbag.py","lineno":460}
{"timestamp":"2026-09-03T11:34:29.791921Z","level":"info","event":"Filling up the DagBag from /opt/airflow/dags/dag_api_dimension_sync.py","logger":"airflow.dag_processing.dagbag.BundleDagBag","filename":"dagbag.py","lineno":460}
{"timestamp":"2026-09-03T11:35:00.433573Z","level":"info","event":"Filling up the DagBag from /opt/airflow/dags/dag_api_dimension_sync.py","logger":"airflow.dag_processing.dagbag.BundleDagBag","filename":"dagbag.py","lineno":460}
{"timestamp":"2026-09-03T11:35:31.114984Z","level":"info","event":"Filling up the DagBag from /opt/airflow/dags/dag_api_dimension_sync.py","logger":"airflow.dag_processing.dagbag.BundleDagBag","filename":"dagbag.py","lineno":460}
{"timestamp":"2026-09-03T11:36:01.831364Z","level":"info","event":"Filling up the DagBag from /opt/airflow/dags/dag_api_dimension_sync.py","logger":"airflow.dag_processing.dagbag.BundleDagBag","filename":"dagbag.py","lineno":460}
{"timestamp":"2026-09-03T11:36:32.486527Z","level":"info","event":"Filling up the DagBag from /opt/airflow/dags/dag_api_dimension_sync.py","logger":"airflow.dag_processing.dagbag.BundleDagBag","filename":"dagbag.py","lineno":460}
{"timestamp":"2026-09-03T11:37:03.133110Z","level":"info","event":"Filling up the DagBag from /opt/airflow/dags/dag_api_dimension_sync.py","logger":"airflow.dag_processing.dagbag.BundleDagBag","filename":"dagbag.py","lineno":460}
{"timestamp":"2026-09-03T11:37:33.774756Z","level":"info","event":"Filling up the DagBag from /opt/airflow/dags/dag_api_dimension_sync.py","logger":"airflow.dag_processing.dagbag.BundleDagBag","filename":"dagbag.py","lineno":460}
{"timestamp":"2026-09-03T11:38:04.507829Z","level":"info","event":"Filling up the DagBag from /opt/airflow/dags/dag_api_dimension_sync.py","logger":"airflow.dag_processing.dagbag.BundleDagBag","filename":"dagbag.py","lineno":460}
{"timestamp":"2026-09-03T11:38:35.165024Z","level":"info","event":"Filling up the DagBag from /opt/airflow/dags/dag_api_dimension_sync.py","logger":"airflow.dag_processing.dagbag.BundleDagBag","filename":"dagbag.py","lineno":460}
{"timestamp":"2026-09-03T11:39:05.808503Z","level":"info","event":"Filling up the DagBag from /opt/airflow/dags/dag_api_dimension_sync.py","logger":"airflow.dag_processing.dagbag.BundleDagBag","filename":"dagbag.py","lineno":460}
{"timestamp":"2026-09-03T11:39:36.483637Z","level":"info","event":"Filling up the DagBag from /opt/airflow/dags/dag_api_dimension_sync.py","logger":"airflow.dag_processing.dagbag.BundleDagBag","filename":"dagbag.py","lineno":460}
{"timestamp":"2026-09-03T11:40:07.161066Z","level":"info","event":"Filling up the DagBag from /opt/airflow/dags/dag_api_dimension_sync.py","logger":"airflow.dag_processing.dagbag.BundleDagBag","filename":"dagbag.py","lineno":460}
{"timestamp":"2026-09-03T11:40:37.833151Z","level":"info","event":"Filling up the DagBag from /opt/airflow/dags/dag_api_dimension_sync.py","logger":"airflow.dag_processing.dagbag.BundleDagBag","filename":"dagbag.py","lineno":460}
{"timestamp":"2026-09-03T11:41:08.477954Z","level":"info","event":"Filling up the DagBag from /opt/airflow/dags/dag_api_dimension_sync.py","logger":"airflow.dag_processing.dagbag.BundleDagBag","filename":"dagbag.py","lineno":460}
{"timestamp":"2026-09-03T11:41:39.145813Z","level":"info","event":"Filling up the DagBag from /opt/airflow/dags/dag_api_dimension_sync.py","logger":"airflow.dag_processing.dagbag.BundleDagBag","filename":"dagbag.py","lineno":460}
{"timestamp":"2026-09-03T11:42:09.804883Z","level":"info","event":"Filling up the DagBag from /opt/airflow/dags/dag_api_dimension_sync.py","logger":"airflow.dag_processing.dagbag.BundleDagBag","filename":"dagbag.py","lineno":460}
{"timestamp":"2026-09-03T11:42:40.532428Z","level":"info","event":"Filling up the DagBag from /opt/airflow/dags/dag_api_dimension_sync.py","logger":"airflow.dag_processing.dagbag.BundleDagBag","filename":"dagbag.py","lineno":460}
{"timestamp":"2026-09-03T11:43:11.311191Z","level":"info","event":"Filling up the DagBag from /opt/airflow/dags/dag_api_dimension_sync.py","logger":"airflow.dag_processing.dagbag.BundleDagBag","filename":"dagbag.py","lineno":460}
{"timestamp":"2026-09-03T11:43:42.061414Z","level":"info","event":"Filling up the DagBag from /opt/airflow/dags/dag_api_dimension_sync.py","logger":"airflow.dag_processing.dagbag.BundleDagBag","filename":"dagbag.py","lineno":460}
{"timestamp":"2026-09-03T11:44:12.805488Z","level":"info","event":"Filling up the DagBag from /opt/airflow/dags/dag_api_dimension_sync.py","logger":"airflow.dag_processing.dagbag.BundleDagBag","filename":"dagbag.py","lineno":460}
{"timestamp":"2026-09-03T11:44:43.484831Z","level":"info","event":"Filling up the DagBag from /opt/airflow/dags/dag_api_dimension_sync.py","logger":"airflow.dag_processing.dagbag.BundleDagBag","filename":"dagbag.py","lineno":460}
{"timestamp":"2026-09-03T11:45:14.201122Z","level":"info","event":"Filling up the DagBag from /opt/airflow/dags/dag_api_dimension_sync.py","logger":"airflow.dag_processing.dagbag.BundleDagBag","filename":"dagbag.py","lineno":460}
{"timestamp":"2026-09-03T11:45:44.958151Z","level":"info","event":"Filling up the DagBag from /opt/airflow/dags/dag_api_dimension_sync.py","logger":"airflow.dag_processing.dagbag.BundleDagBag","filename":"dagbag.py","lineno":460}
{"timestamp":"2026-09-03T11:46:15.632167Z","level":"info","event":"Filling up the DagBag from /opt/airflow/dags/dag_api_dimension_sync.py","logger":"airflow.dag_processing.dagbag.BundleDagBag","filename":"dagbag.py","lineno":460}
{"timestamp":"2026-09-03T11:46:46.267076Z","level":"info","event":"Filling up the DagBag from /opt/airflow/dags/dag_api_dimension_sync.py","logger":"airflow.dag_processing.dagbag.BundleDagBag","filename":"dagbag.py","lineno":460}
{"timestamp":"2026-09-03T11:47:16.923025Z","level":"info","event":"Filling up the DagBag from /opt/airflow/dags/dag_api_dimension_sync.py","logger":"airflow.dag_processing.dagbag.BundleDagBag","filename":"dagbag.py","lineno":460}
{"timestamp":"2026-09-03T11:47:47.567433Z","level":"info","event":"Filling up the DagBag from /opt/airflow/dags/dag_api_dimension_sync.py","logger":"airflow.dag_processing.dagbag.BundleDagBag","filename":"dagbag.py","lineno":460}
{"timestamp":"2026-09-03T11:48:18.216097Z","level":"info","event":"Filling up the DagBag from /opt/airflow/dags/dag_api_dimension_sync.py","logger":"airflow.dag_processing.dagbag.BundleDagBag","filename":"dagbag.py","lineno":460}
{"timestamp":"2026-09-03T11:48:48.886190Z","level":"info","event":"Filling up the DagBag from /opt/airflow/dags/dag_api_dimension_sync.py","logger":"airflow.dag_processing.dagbag.BundleDagBag","filename":"dagbag.py","lineno":460}
{"timestamp":"2026-09-03T11:49:19.559406Z","level":"info","event":"Filling up the DagBag from /opt/airflow/dags/dag_api_dimension_sync.py","logger":"airflow.dag_processing.dagbag.BundleDagBag","filename":"dagbag.py","lineno":460}
{"timestamp":"2026-09-03T11:49:50.201192Z","level":"info","event":"Filling up the DagBag from /opt/airflow/dags/dag_api_dimension_sync.py","logger":"airflow.dag_processing.dagbag.BundleDagBag","filename":"dagbag.py","lineno":460}
{"timestamp":"2026-09-03T11:50:20.897823Z","level":"info","event":"Filling up the DagBag from /opt/airflow/dags/dag_api_dimension_sync.py","logger":"airflow.dag_processing.dagbag.BundleDagBag","filename":"dagbag.py","lineno":460}
{"timestamp":"2026-09-03T11:50:51.551634Z","level":"info","event":"Filling up the DagBag from /opt/airflow/dags/dag_api_dimension_sync.py","logger":"airflow.dag_processing.dagbag.BundleDagBag","filename":"dagbag.py","lineno":460}
{"timestamp":"2026-09-03T11:51:22.185977Z","level":"info","event":"Filling up the DagBag from /opt/airflow/dags/dag_api_dimension_sync.py","logger":"airflow.dag_processing.dagbag.BundleDagBag","filename":"dagbag.py","lineno":460}
{"timestamp":"2026-09-03T11:51:52.848820Z","level":"info","event":"Filling up the DagBag from /opt/airflow/dags/dag_api_dimension_sync.py","logger":"airflow.dag_processing.dagbag.BundleDagBag","filename":"dagbag.py","lineno":460}
{"timestamp":"2026-09-03T11:52:23.511481Z","level":"info","event":"Filling up the DagBag from /opt/airflow/dags/dag_api_dimension_sync.py","logger":"airflow.dag_processing.dagbag.BundleDagBag","filename":"dagbag.py","lineno":460}
{"timestamp":"2026-09-03T11:52:54.204720Z","level":"info","event":"Filling up the DagBag from /opt/airflow/dags/dag_api_dimension_sync.py","logger":"airflow.dag_processing.dagbag.BundleDagBag","filename":"dagbag.py","lineno":460}
{"timestamp":"2026-09-03T11:53:25.006250Z","level":"info","event":"Filling up the DagBag from /opt/airflow/dags/dag_api_dimension_sync.py","logger":"airflow.dag_processing.dagbag.BundleDagBag","filename":"dagbag.py","lineno":460}
{"timestamp":"2026-09-03T11:53:55.657074Z","level":"info","event":"Filling up the DagBag from /opt/airflow/dags/dag_api_dimension_sync.py","logger":"airflow.dag_processing.dagbag.BundleDagBag","filename":"dagbag.py","lineno":460}
{"timestamp":"2026-09-03T11:54:26.306889Z","level":"info","event":"Filling up the DagBag from /opt/airflow/dags/dag_api_dimension_sync.py","logger":"airflow.dag_processing.dagbag.BundleDagBag","filename":"dagbag.py","lineno":460}
{"timestamp":"2026-09-03T11:54:56.973897Z","level":"info","event":"Filling up the DagBag from /opt/airflow/dags/dag_api_dimension_sync.py","logger":"airflow.dag_processing.dagbag.BundleDagBag","filename":"dagbag.py","lineno":460}
{"timestamp":"2026-09-03T11:55:27.688249Z","level":"info","event":"Filling up the DagBag from /opt/airflow/dags/dag_api_dimension_sync.py","logger":"airflow.dag_processing.dagbag.BundleDagBag","filename":"dagbag.py","lineno":460}
{"timestamp":"2026-09-03T11:55:58.434947Z","level":"info","event":"Filling up the DagBag from /opt/airflow/dags/dag_api_dimension_sync.py","logger":"airflow.dag_processing.dagbag.BundleDagBag","filename":"dagbag.py","lineno":460}
{"timestamp":"2026-09-03T11:56:29.091703Z","level":"info","event":"Filling up the DagBag from /opt/airflow/dags/dag_api_dimension_sync.py","logger":"airflow.dag_processing.dagbag.BundleDagBag","filename":"dagbag.py","lineno":460}
{"timestamp":"2026-09-03T11:56:59.746956Z","level":"info","event":"Filling up the DagBag from /opt/airflow/dags/dag_api_dimension_sync.py","logger":"airflow.dag_processing.dagbag.BundleDagBag","filename":"dagbag.py","lineno":460}
{"timestamp":"2026-09-03T11:57:30.608248Z","level":"info","event":"Filling up the DagBag from /opt/airflow/dags/dag_api_dimension_sync.py","logger":"airflow.dag_processing.dagbag.BundleDagBag","filename":"dagbag.py","lineno":460}
{"timestamp":"2026-09-03T11:58:01.337723Z","level":"info","event":"Filling up the DagBag from /opt/airflow/dags/dag_api_dimension_sync.py","logger":"airflow.dag_processing.dagbag.BundleDagBag","filename":"dagbag.py","lineno":460}
{"timestamp":"2026-09-03T11:58:32.043156Z","level":"info","event":"Filling up the DagBag from /opt/airflow/dags/dag_api_dimension_sync.py","logger":"airflow.dag_processing.dagbag.BundleDagBag","filename":"dagbag.py","lineno":460}
{"timestamp":"2026-09-03T11:59:02.681552Z","level":"info","event":"Filling up the DagBag from /opt/airflow/dags/dag_api_dimension_sync.py","logger":"airflow.dag_processing.dagbag.BundleDagBag","filename":"dagbag.py","lineno":460}
{"timestamp":"2026-09-03T11:59:33.330425Z","level":"info","event":"Filling up the DagBag from /opt/airflow/dags/dag_api_dimension_sync.py","logger":"airflow.dag_processing.dagbag.BundleDagBag","filename":"dagbag.py","lineno":460}
{"timestamp":"2026-09-03T12:00:04.022615Z","level":"info","event":"Filling up the DagBag from /opt/airflow/dags/dag_api_dimension_sync.py","logger":"airflow.dag_processing.dagbag.BundleDagBag","filename":"dagbag.py","lineno":460}
{"timestamp":"2026-09-03T12:00:34.727840Z","level":"info","event":"Filling up the DagBag from /opt/airflow/dags/dag_api_dimension_sync.py","logger":"airflow.dag_processing.dagbag.BundleDagBag","filename":"dagbag.py","lineno":460}
{"timestamp":"2026-09-03T12:01:05.431554Z","level":"info","event":"Filling up the DagBag from /opt/airflow/dags/dag_api_dimension_sync.py","logger":"airflow.dag_processing.dagbag.BundleDagBag","filename":"dagbag.py","lineno":460}
{"timestamp":"2026-09-03T12:01:36.098868Z","level":"info","event":"Filling up the DagBag from /opt/airflow/dags/dag_api_dimension_sync.py","logger":"airflow.dag_processing.dagbag.BundleDagBag","filename":"dagbag.py","lineno":460}
{"timestamp":"2026-09-03T12:02:06.751808Z","level":"info","event":"Filling up the DagBag from /opt/airflow/dags/dag_api_dimension_sync.py","logger":"airflow.dag_processing.dagbag.BundleDagBag","filename":"dagbag.py","lineno":460}
{"timestamp":"2026-09-03T12:02:37.492146Z","level":"info","event":"Filling up the DagBag from /opt/airflow/dags/dag_api_dimension_sync.py","logger":"airflow.dag_processing.dagbag.BundleDagBag","filename":"dagbag.py","lineno":460}
{"timestamp":"2026-09-03T12:03:08.242901Z","level":"info","event":"Filling up the DagBag from /opt/airflow/dags/dag_api_dimension_sync.py","logger":"airflow.dag_processing.dagbag.BundleDagBag","filename":"dagbag.py","lineno":460}
{"timestamp":"2026-09-03T12:03:38.892979Z","level":"info","event":"Filling up the DagBag from /opt/airflow/dags/dag_api_dimension_sync.py","logger":"airflow.dag_processing.dagbag.BundleDagBag","filename":"dagbag.py","lineno":460}
{"timestamp":"2026-09-03T12:04:09.581334Z","level":"info","event":"Filling up the DagBag from /opt/airflow/dags/dag_api_dimension_sync.py","logger":"airflow.dag_processing.dagbag.BundleDagBag","filename":"dagbag.py","lineno":460}
{"timestamp":"2026-09-03T12:04:40.255286Z","level":"info","event":"Filling up the DagBag from /opt/airflow/dags/dag_api_dimension_sync.py","logger":"airflow.dag_processing.dagbag.BundleDagBag","filename":"dagbag.py","lineno":460}
{"timestamp":"2026-09-03T12:05:10.928005Z","level":"info","event":"Filling up the DagBag from /opt/airflow/dags/dag_api_dimension_sync.py","logger":"airflow.dag_processing.dagbag.BundleDagBag","filename":"dagbag.py","lineno":460}
{"timestamp":"2026-09-03T12:05:41.601641Z","level":"info","event":"Filling up the DagBag from /opt/airflow/dags/dag_api_dimension_sync.py","logger":"airflow.dag_processing.dagbag.BundleDagBag","filename":"dagbag.py","lineno":460}
{"timestamp":"2026-09-03T12:06:12.243494Z","level":"info","event":"Filling up the DagBag from /opt/airflow/dags/dag_api_dimension_sync.py","logger":"airflow.dag_processing.dagbag.BundleDagBag","filename":"dagbag.py","lineno":460}
{"timestamp":"2026-09-03T12:06:42.912800Z","level":"info","event":"Filling up the DagBag from /opt/airflow/dags/dag_api_dimension_sync.py","logger":"airflow.dag_processing.dagbag.BundleDagBag","filename":"dagbag.py","lineno":460}
{"timestamp":"2026-09-03T12:07:13.649452Z","level":"info","event":"Filling up the DagBag from /opt/airflow/dags/dag_api_dimension_sync.py","logger":"airflow.dag_processing.dagbag.BundleDagBag","filename":"dagbag.py","lineno":460}
{"timestamp":"2026-09-03T12:07:44.304081Z","level":"info","event":"Filling up the DagBag from /opt/airflow/dags/dag_api_dimension_sync.py","logger":"airflow.dag_processing.dagbag.BundleDagBag","filename":"dagbag.py","lineno":460}
{"timestamp":"2026-09-03T12:08:14.957577Z","level":"info","event":"Filling up the DagBag from /opt/airflow/dags/dag_api_dimension_sync.py","logger":"airflow.dag_processing.dagbag.BundleDagBag","filename":"dagbag.py","lineno":460}
{"timestamp":"2026-09-03T12:08:45.627721Z","level":"info","event":"Filling up the DagBag from /opt/airflow/dags/dag_api_dimension_sync.py","logger":"airflow.dag_processing.dagbag.BundleDagBag","filename":"dagbag.py","lineno":460}
{"timestamp":"2026-09-03T12:09:16.275412Z","level":"info","event":"Filling up the DagBag from /opt/airflow/dags/dag_api_dimension_sync.py","logger":"airflow.dag_processing.dagbag.BundleDagBag","filename":"dagbag.py","lineno":460}
{"timestamp":"2026-09-03T12:09:46.950260Z","level":"info","event":"Filling up the DagBag from /opt/airflow/dags/dag_api_dimension_sync.py","logger":"airflow.dag_processing.dagbag.BundleDagBag","filename":"dagbag.py","lineno":460}
{"timestamp":"2026-09-03T12:10:17.663862Z","level":"info","event":"Filling up the DagBag from /opt/airflow/dags/dag_api_dimension_sync.py","logger":"airflow.dag_processing.dagbag.BundleDagBag","filename":"dagbag.py","lineno":460}
{"timestamp":"2026-09-03T12:10:48.367577Z","level":"info","event":"Filling up the DagBag from /opt/airflow/dags/dag_api_dimension_sync.py","logger":"airflow.dag_processing.dagbag.BundleDagBag","filename":"dagbag.py","lineno":460}
{"timestamp":"2026-09-03T12:11:19.006959Z","level":"info","event":"Filling up the DagBag from /opt/airflow/dags/dag_api_dimension_sync.py","logger":"airflow.dag_processing.dagbag.BundleDagBag","filename":"dagbag.py","lineno":460}
{"timestamp":"2026-09-03T12:11:49.680536Z","level":"info","event":"Filling up the DagBag from /opt/airflow/dags/dag_api_dimension_sync.py","logger":"airflow.dag_processing.dagbag.BundleDagBag","filename":"dagbag.py","lineno":460}
{"timestamp":"2026-09-03T12:12:20.350413Z","level":"info","event":"Filling up the DagBag from /opt/airflow/dags/dag_api_dimension_sync.py","logger":"airflow.dag_processing.dagbag.BundleDagBag","filename":"dagbag.py","lineno":460}
{"timestamp":"2026-09-03T12:12:51.003554Z","level":"info","event":"Filling up the DagBag from /opt/airflow/dags/dag_api_dimension_sync.py","logger":"airflow.dag_processing.dagbag.BundleDagBag","filename":"dagbag.py","lineno":460}
{"timestamp":"2026-09-03T12:13:21.657051Z","level":"info","event":"Filling up the DagBag from /opt/airflow/dags/dag_api_dimension_sync.py","logger":"airflow.dag_processing.dagbag.BundleDagBag","filename":"dagbag.py","lineno":460}
{"timestamp":"2026-09-03T12:13:52.320932Z","level":"info","event":"Filling up the DagBag from /opt/airflow/dags/dag_api_dimension_sync.py","logger":"airflow.dag_processing.dagbag.BundleDagBag","filename":"dagbag.py","lineno":460}
{"timestamp":"2026-09-03T12:14:22.959984Z","level":"info","event":"Filling up the DagBag from /opt/airflow/dags/dag_api_dimension_sync.py","logger":"airflow.dag_processing.dagbag.BundleDagBag","filename":"dagbag.py","lineno":460}
{"timestamp":"2026-09-03T12:14:53.657488Z","level":"info","event":"Filling up the DagBag from /opt/airflow/dags/dag_api_dimension_sync.py","logger":"airflow.dag_processing.dagbag.BundleDagBag","filename":"dagbag.py","lineno":460}
{"timestamp":"2026-09-03T12:15:24.398688Z","level":"info","event":"Filling up the DagBag from /opt/airflow/dags/dag_api_dimension_sync.py","logger":"airflow.dag_processing.dagbag.BundleDagBag","filename":"dagbag.py","lineno":460}
{"timestamp":"2026-09-03T12:15:55.127715Z","level":"info","event":"Filling up the DagBag from /opt/airflow/dags/dag_api_dimension_sync.py","logger":"airflow.dag_processing.dagbag.BundleDagBag","filename":"dagbag.py","lineno":460}
{"timestamp":"2026-09-03T12:16:25.767618Z","level":"info","event":"Filling up the DagBag from /opt/airflow/dags/dag_api_dimension_sync.py","logger":"airflow.dag_processing.dagbag.BundleDagBag","filename":"dagbag.py","lineno":460}
{"timestamp":"2026-09-03T12:16:56.422462Z","level":"info","event":"Filling up the DagBag from /opt/airflow/dags/dag_api_dimension_sync.py","logger":"airflow.dag_processing.dagbag.BundleDagBag","filename":"dagbag.py","lineno":460}
{"timestamp":"2026-09-03T12:17:27.143953Z","level":"info","event":"Filling up the DagBag from /opt/airflow/dags/dag_api_dimension_sync.py","logger":"airflow.dag_processing.dagbag.BundleDagBag","filename":"dagbag.py","lineno":460}
{"timestamp":"2026-09-03T12:17:57.819091Z","level":"info","event":"Filling up the DagBag from /opt/airflow/dags/dag_api_dimension_sync.py","logger":"airflow.dag_processing.dagbag.BundleDagBag","filename":"dagbag.py","lineno":460}
{"timestamp":"2026-09-03T12:18:28.535057Z","level":"info","event":"Filling up the DagBag from /opt/airflow/dags/dag_api_dimension_sync.py","logger":"airflow.dag_processing.dagbag.BundleDagBag","filename":"dagbag.py","lineno":460}
{"timestamp":"2026-09-03T12:18:59.223981Z","level":"info","event":"Filling up the DagBag from /opt/airflow/dags/dag_api_dimension_sync.py","logger":"airflow.dag_processing.dagbag.BundleDagBag","filename":"dagbag.py","lineno":460}
{"timestamp":"2026-09-03T12:19:29.867090Z","level":"info","event":"Filling up the DagBag from /opt/airflow/dags/dag_api_dimension_sync.py","logger":"airflow.dag_processing.dagbag.BundleDagBag","filename":"dagbag.py","lineno":460}
{"timestamp":"2026-09-03T12:20:00.521464Z","level":"info","event":"Filling up the DagBag from /opt/airflow/dags/dag_api_dimension_sync.py","logger":"airflow.dag_processing.dagbag.BundleDagBag","filename":"dagbag.py","lineno":460}
{"timestamp":"2026-09-03T12:20:31.191050Z","level":"info","event":"Filling up the DagBag from /opt/airflow/dags/dag_api_dimension_sync.py","logger":"airflow.dag_processing.dagbag.BundleDagBag","filename":"dagbag.py","lineno":460}
{"timestamp":"2026-09-03T12:21:01.891061Z","level":"info","event":"Filling up the DagBag from /opt/airflow/dags/dag_api_dimension_sync.py","logger":"airflow.dag_processing.dagbag.BundleDagBag","filename":"dagbag.py","lineno":460}
{"timestamp":"2026-09-03T12:21:32.610887Z","level":"info","event":"Filling up the DagBag from /opt/airflow/dags/dag_api_dimension_sync.py","logger":"airflow.dag_processing.dagbag.BundleDagBag","filename":"dagbag.py","lineno":460}
{"timestamp":"2026-09-03T12:22:03.269247Z","level":"info","event":"Filling up the DagBag from /opt/airflow/dags/dag_api_dimension_sync.py","logger":"airflow.dag_processing.dagbag.BundleDagBag","filename":"dagbag.py","lineno":460}
{"timestamp":"2026-09-03T12:22:33.911952Z","level":"info","event":"Filling up the DagBag from /opt/airflow/dags/dag_api_dimension_sync.py","logger":"airflow.dag_processing.dagbag.BundleDagBag","filename":"dagbag.py","lineno":460}
{"timestamp":"2026-09-03T12:23:04.605088Z","level":"info","event":"Filling up the DagBag from /opt/airflow/dags/dag_api_dimension_sync.py","logger":"airflow.dag_processing.dagbag.BundleDagBag","filename":"dagbag.py","lineno":460}
{"timestamp":"2026-09-03T12:23:35.254799Z","level":"info","event":"Filling up the DagBag from /opt/airflow/dags/dag_api_dimension_sync.py","logger":"airflow.dag_processing.dagbag.BundleDagBag","filename":"dagbag.py","lineno":460}
{"timestamp":"2026-09-03T12:24:05.930814Z","level":"info","event":"Filling up the DagBag from /opt/airflow/dags/dag_api_dimension_sync.py","logger":"airflow.dag_processing.dagbag.BundleDagBag","filename":"dagbag.py","lineno":460}
{"timestamp":"2026-09-03T12:24:36.642782Z","level":"info","event":"Filling up the DagBag from /opt/airflow/dags/dag_api_dimension_sync.py","logger":"airflow.dag_processing.dagbag.BundleDagBag","filename":"dagbag.py","lineno":460}
{"timestamp":"2026-09-03T12:25:07.343732Z","level":"info","event":"Filling up the DagBag from /opt/airflow/dags/dag_api_dimension_sync.py","logger":"airflow.dag_processing.dagbag.BundleDagBag","filename":"dagbag.py","lineno":460}
{"timestamp":"2026-09-03T12:25:38.001861Z","level":"info","event":"Filling up the DagBag from /opt/airflow/dags/dag_api_dimension_sync.py","logger":"airflow.dag_processing.dagbag.BundleDagBag","filename":"dagbag.py","lineno":460}
{"timestamp":"2026-09-03T12:26:08.660432Z","level":"info","event":"Filling up the DagBag from /opt/airflow/dags/dag_api_dimension_sync.py","logger":"airflow.dag_processing.dagbag.BundleDagBag","filename":"dagbag.py","lineno":460}
{"timestamp":"2026-09-03T12:26:39.366125Z","level":"info","event":"Filling up the DagBag from /opt/airflow/dags/dag_api_dimension_sync.py","logger":"airflow.dag_processing.dagbag.BundleDagBag","filename":"dagbag.py","lineno":460}
{"timestamp":"2026-09-03T12:27:10.036269Z","level":"info","event":"Filling up the DagBag from /opt/airflow/dags/dag_api_dimension_sync.py","logger":"airflow.dag_processing.dagbag.BundleDagBag","filename":"dagbag.py","lineno":460}
{"timestamp":"2026-09-03T12:27:40.728934Z","level":"info","event":"Filling up the DagBag from /opt/airflow/dags/dag_api_dimension_sync.py","logger":"airflow.dag_processing.dagbag.BundleDagBag","filename":"dagbag.py","lineno":460}
{"timestamp":"2026-09-03T12:28:11.374150Z","level":"info","event":"Filling up the DagBag from /opt/airflow/dags/dag_api_dimension_sync.py","logger":"airflow.dag_processing.dagbag.BundleDagBag","filename":"dagbag.py","lineno":460}
{"timestamp":"2026-09-03T12:28:42.013505Z","level":"info","event":"Filling up the DagBag from /opt/airflow/dags/dag_api_dimension_sync.py","logger":"airflow.dag_processing.dagbag.BundleDagBag","filename":"dagbag.py","lineno":460}
{"timestamp":"2026-09-03T12:29:12.645095Z","level":"info","event":"Filling up the DagBag from /opt/airflow/dags/dag_api_dimension_sync.py","logger":"airflow.dag_processing.dagbag.BundleDagBag","filename":"dagbag.py","lineno":460}
{"timestamp":"2026-09-03T12:29:43.398191Z","level":"info","event":"Filling up the DagBag from /opt/airflow/dags/dag_api_dimension_sync.py","logger":"airflow.dag_processing.dagbag.BundleDagBag","filename":"dagbag.py","lineno":460}
{"timestamp":"2026-09-03T12:30:14.183380Z","level":"info","event":"Filling up the DagBag from /opt/airflow/dags/dag_api_dimension_sync.py","logger":"airflow.dag_processing.dagbag.BundleDagBag","filename":"dagbag.py","lineno":460}
{"timestamp":"2026-09-03T12:30:44.888252Z","level":"info","event":"Filling up the DagBag from /opt/airflow/dags/dag_api_dimension_sync.py","logger":"airflow.dag_processing.dagbag.BundleDagBag","filename":"dagbag.py","lineno":460}
{"timestamp":"2026-09-03T12:31:15.591069Z","level":"info","event":"Filling up the DagBag from /opt/airflow/dags/dag_api_dimension_sync.py","logger":"airflow.dag_processing.dagbag.BundleDagBag","filename":"dagbag.py","lineno":460}
{"timestamp":"2026-09-03T12:31:46.276575Z","level":"info","event":"Filling up the DagBag from /opt/airflow/dags/dag_api_dimension_sync.py","logger":"airflow.dag_processing.dagbag.BundleDagBag","filename":"dagbag.py","lineno":460}
{"timestamp":"2026-09-03T12:32:16.998965Z","level":"info","event":"Filling up the DagBag from /opt/airflow/dags/dag_api_dimension_sync.py","logger":"airflow.dag_processing.dagbag.BundleDagBag","filename":"dagbag.py","lineno":460}
{"timestamp":"2026-09-03T12:32:47.706549Z","level":"info","event":"Filling up the DagBag from /opt/airflow/dags/dag_api_dimension_sync.py","logger":"airflow.dag_processing.dagbag.BundleDagBag","filename":"dagbag.py","lineno":460}
{"timestamp":"2026-09-03T12:33:18.402940Z","level":"info","event":"Filling up the DagBag from /opt/airflow/dags/dag_api_dimension_sync.py","logger":"airflow.dag_processing.dagbag.BundleDagBag","filename":"dagbag.py","lineno":460}
{"timestamp":"2026-09-03T12:33:49.064291Z","level":"info","event":"Filling up the DagBag from /opt/airflow/dags/dag_api_dimension_sync.py","logger":"airflow.dag_processing.dagbag.BundleDagBag","filename":"dagbag.py","lineno":460}
{"timestamp":"2026-09-03T12:34:19.734448Z","level":"info","event":"Filling up the DagBag from /opt/airflow/dags/dag_api_dimension_sync.py","logger":"airflow.dag_processing.dagbag.BundleDagBag","filename":"dagbag.py","lineno":460}
{"timestamp":"2026-09-03T12:34:50.415040Z","level":"info","event":"Filling up the DagBag from /opt/airflow/dags/dag_api_dimension_sync.py","logger":"airflow.dag_processing.dagbag.BundleDagBag","filename":"dagbag.py","lineno":460}
{"timestamp":"2026-09-03T12:35:21.116473Z","level":"info","event":"Filling up the DagBag from /opt/airflow/dags/dag_api_dimension_sync.py","logger":"airflow.dag_processing.dagbag.BundleDagBag","filename":"dagbag.py","lineno":460}
{"timestamp":"2026-09-03T12:35:51.844079Z","level":"info","event":"Filling up the DagBag from /opt/airflow/dags/dag_api_dimension_sync.py","logger":"airflow.dag_processing.dagbag.BundleDagBag","filename":"dagbag.py","lineno":460}
{"timestamp":"2026-09-03T12:36:22.487560Z","level":"info","event":"Filling up the DagBag from /opt/airflow/dags/dag_api_dimension_sync.py","logger":"airflow.dag_processing.dagbag.BundleDagBag","filename":"dagbag.py","lineno":460}
{"timestamp":"2026-09-03T12:36:53.124795Z","level":"info","event":"Filling up the DagBag from /opt/airflow/dags/dag_api_dimension_sync.py","logger":"airflow.dag_processing.dagbag.BundleDagBag","filename":"dagbag.py","lineno":460}
{"timestamp":"2026-09-03T12:37:23.766860Z","level":"info","event":"Filling up the DagBag from /opt/airflow/dags/dag_api_dimension_sync.py","logger":"airflow.dag_processing.dagbag.BundleDagBag","filename":"dagbag.py","lineno":460}
{"timestamp":"2026-09-03T12:37:54.424525Z","level":"info","event":"Filling up the DagBag from /opt/airflow/dags/dag_api_dimension_sync.py","logger":"airflow.dag_processing.dagbag.BundleDagBag","filename":"dagbag.py","lineno":460}
{"timestamp":"2026-09-03T12:38:25.057396Z","level":"info","event":"Filling up the DagBag from /opt/airflow/dags/dag_api_dimension_sync.py","logger":"airflow.dag_processing.dagbag.BundleDagBag","filename":"dagbag.py","lineno":460}
{"timestamp":"2026-09-03T12:38:55.722434Z","level":"info","event":"Filling up the DagBag from /opt/airflow/dags/dag_api_dimension_sync.py","logger":"airflow.dag_processing.dagbag.BundleDagBag","filename":"dagbag.py","lineno":460}
{"timestamp":"2026-09-03T12:39:26.384780Z","level":"info","event":"Filling up the DagBag from /opt/airflow/dags/dag_api_dimension_sync.py","logger":"airflow.dag_processing.dagbag.BundleDagBag","filename":"dagbag.py","lineno":460}
{"timestamp":"2026-09-03T12:39:57.142642Z","level":"info","event":"Filling up the DagBag from /opt/airflow/dags/dag_api_dimension_sync.py","logger":"airflow.dag_processing.dagbag.BundleDagBag","filename":"dagbag.py","lineno":460}
{"timestamp":"2026-09-03T12:40:27.809597Z","level":"info","event":"Filling up the DagBag from /opt/airflow/dags/dag_api_dimension_sync.py","logger":"airflow.dag_processing.dagbag.BundleDagBag","filename":"dagbag.py","lineno":460}
{"timestamp":"2026-09-03T12:40:58.559046Z","level":"info","event":"Filling up the DagBag from /opt/airflow/dags/dag_api_dimension_sync.py","logger":"airflow.dag_processing.dagbag.BundleDagBag","filename":"dagbag.py","lineno":460}
{"timestamp":"2026-09-03T12:41:29.303475Z","level":"info","event":"Filling up the DagBag from /opt/airflow/dags/dag_api_dimension_sync.py","logger":"airflow.dag_processing.dagbag.BundleDagBag","filename":"dagbag.py","lineno":460}
{"timestamp":"2026-09-03T12:41:59.939167Z","level":"info","event":"Filling up the DagBag from /opt/airflow/dags/dag_api_dimension_sync.py","logger":"airflow.dag_processing.dagbag.BundleDagBag","filename":"dagbag.py","lineno":460}
{"timestamp":"2026-09-03T12:42:30.597722Z","level":"info","event":"Filling up the DagBag from /opt/airflow/dags/dag_api_dimension_sync.py","logger":"airflow.dag_processing.dagbag.BundleDagBag","filename":"dagbag.py","lineno":460}
{"timestamp":"2026-09-03T12:43:01.259507Z","level":"info","event":"Filling up the DagBag from /opt/airflow/dags/dag_api_dimension_sync.py","logger":"airflow.dag_processing.dagbag.BundleDagBag","filename":"dagbag.py","lineno":460}
{"timestamp":"2026-09-03T12:43:31.916259Z","level":"info","event":"Filling up the DagBag from /opt/airflow/dags/dag_api_dimension_sync.py","logger":"airflow.dag_processing.dagbag.BundleDagBag","filename":"dagbag.py","lineno":460}
{"timestamp":"2026-09-03T12:44:02.556836Z","level":"info","event":"Filling up the DagBag from /opt/airflow/dags/dag_api_dimension_sync.py","logger":"airflow.dag_processing.dagbag.BundleDagBag","filename":"dagbag.py","lineno":460}
{"timestamp":"2026-09-03T12:44:33.223212Z","level":"info","event":"Filling up the DagBag from /opt/airflow/dags/dag_api_dimension_sync.py","logger":"airflow.dag_processing.dagbag.BundleDagBag","filename":"dagbag.py","lineno":460}
{"timestamp":"2026-09-03T12:45:03.894171Z","level":"info","event":"Filling up the DagBag from /opt/airflow/dags/dag_api_dimension_sync.py","logger":"airflow.dag_processing.dagbag.BundleDagBag","filename":"dagbag.py","lineno":460}
{"timestamp":"2026-09-03T12:45:34.560710Z","level":"info","event":"Filling up the DagBag from /opt/airflow/dags/dag_api_dimension_sync.py","logger":"airflow.dag_processing.dagbag.BundleDagBag","filename":"dagbag.py","lineno":460}
{"timestamp":"2026-09-03T12:46:05.191162Z","level":"info","event":"Filling up the DagBag from /opt/airflow/dags/dag_api_dimension_sync.py","logger":"airflow.dag_processing.dagbag.BundleDagBag","filename":"dagbag.py","lineno":460}
{"timestamp":"2026-09-03T12:46:35.817429Z","level":"info","event":"Filling up the DagBag from /opt/airflow/dags/dag_api_dimension_sync.py","logger":"airflow.dag_processing.dagbag.BundleDagBag","filename":"dagbag.py","lineno":460}
{"timestamp":"2026-09-03T12:47:06.450278Z","level":"info","event":"Filling up the DagBag from /opt/airflow/dags/dag_api_dimension_sync.py","logger":"airflow.dag_processing.dagbag.BundleDagBag","filename":"dagbag.py","lineno":460}
{"timestamp":"2026-09-03T12:47:37.096381Z","level":"info","event":"Filling up the DagBag from /opt/airflow/dags/dag_api_dimension_sync.py","logger":"airflow.dag_processing.dagbag.BundleDagBag","filename":"dagbag.py","lineno":460}
{"timestamp":"2026-09-03T12:48:07.813567Z","level":"info","event":"Filling up the DagBag from /opt/airflow/dags/dag_api_dimension_sync.py","logger":"airflow.dag_processing.dagbag.BundleDagBag","filename":"dagbag.py","lineno":460}
{"timestamp":"2026-09-03T12:48:38.553010Z","level":"info","event":"Filling up the DagBag from /opt/airflow/dags/dag_api_dimension_sync.py","logger":"airflow.dag_processing.dagbag.BundleDagBag","filename":"dagbag.py","lineno":460}
{"timestamp":"2026-09-03T12:49:09.285558Z","level":"info","event":"Filling up the DagBag from /opt/airflow/dags/dag_api_dimension_sync.py","logger":"airflow.dag_processing.dagbag.BundleDagBag","filename":"dagbag.py","lineno":460}
{"timestamp":"2026-09-03T12:49:39.950408Z","level":"info","event":"Filling up the DagBag from /opt/airflow/dags/dag_api_dimension_sync.py","logger":"airflow.dag_processing.dagbag.BundleDagBag","filename":"dagbag.py","lineno":460}
{"timestamp":"2026-09-03T12:50:10.606719Z","level":"info","event":"Filling up the DagBag from /opt/airflow/dags/dag_api_dimension_sync.py","logger":"airflow.dag_processing.dagbag.BundleDagBag","filename":"dagbag.py","lineno":460}
{"timestamp":"2026-09-03T12:50:41.268886Z","level":"info","event":"Filling up the DagBag from /opt/airflow/dags/dag_api_dimension_sync.py","logger":"airflow.dag_processing.dagbag.BundleDagBag","filename":"dagbag.py","lineno":460}
{"timestamp":"2026-09-03T12:51:11.969844Z","level":"info","event":"Filling up the DagBag from /opt/airflow/dags/dag_api_dimension_sync.py","logger":"airflow.dag_processing.dagbag.BundleDagBag","filename":"dagbag.py","lineno":460}
{"timestamp":"2026-09-03T12:51:42.706698Z","level":"info","event":"Filling up the DagBag from /opt/airflow/dags/dag_api_dimension_sync.py","logger":"airflow.dag_processing.dagbag.BundleDagBag","filename":"dagbag.py","lineno":460}
{"timestamp":"2026-09-03T12:51:48.358197Z","level":"info","event":"Filling up the DagBag from /opt/airflow/dags/dag_api_dimension_sync.py","logger":"airflow.dag_processing.dagbag.BundleDagBag","filename":"dagbag.py","lineno":460}
{"timestamp":"2026-09-03T12:51:48.783035Z","level":"error","event":"Failed to import: /opt/airflow/dags/dag_api_dimension_sync.py","logger":"airflow.dag_processing.importers.python_importer","filename":"python_importer.py","lineno":244,"error_detail":[{"exc_type":"NameError","exc_value":"name 'JSON_transformation' is not defined","exc_notes":[],"syntax_error":null,"is_cause":false,"frames":[{"filename":"/home/airflow/.local/lib/python3.13/site-packages/airflow/dag_processing/importers/python_importer.py","lineno":238,"name":"parse"},{"filename":"<frozen importlib._bootstrap_external>","lineno":1023,"name":"exec_module"},{"filename":"<frozen importlib._bootstrap>","lineno":488,"name":"_call_with_frames_removed"},{"filename":"/opt/airflow/dags/dag_api_dimension_sync.py","lineno":43,"name":"<module>"},{"filename":"/home/airflow/.local/lib/python3.13/site-packages/airflow/sdk/definitions/dag.py","lineno":1696,"name":"factory"},{"filename":"/opt/airflow/dags/dag_api_dimension_sync.py","lineno":41,"name":"API_dimension_sync"}],"is_group":false,"exceptions":[]}]}
{"timestamp":"2026-09-03T12:51:48.787067Z","level":"error","event":"Error loading DAG from dag_api_dimension_sync.py: name 'JSON_transformation' is not defined","logger":"airflow.dag_processing.dagbag.BundleDagBag","filename":"dagbag.py","lineno":319}
{"timestamp":"2026-09-03T12:52:19.073984Z","level":"info","event":"Filling up the DagBag from /opt/airflow/dags/dag_api_dimension_sync.py","logger":"airflow.dag_processing.dagbag.BundleDagBag","filename":"dagbag.py","lineno":460}
{"timestamp":"2026-09-03T12:52:19.519359Z","level":"error","event":"Failed to import: /opt/airflow/dags/dag_api_dimension_sync.py","logger":"airflow.dag_processing.importers.python_importer","filename":"python_importer.py","lineno":244,"error_detail":[{"exc_type":"NameError","exc_value":"name 'JSON_transformation' is not defined","exc_notes":[],"syntax_error":null,"is_cause":false,"frames":[{"filename":"/home/airflow/.local/lib/python3.13/site-packages/airflow/dag_processing/importers/python_importer.py","lineno":238,"name":"parse"},{"filename":"<frozen importlib._bootstrap_external>","lineno":1023,"name":"exec_module"},{"filename":"<frozen importlib._bootstrap>","lineno":488,"name":"_call_with_frames_removed"},{"filename":"/opt/airflow/dags/dag_api_dimension_sync.py","lineno":43,"name":"<module>"},{"filename":"/home/airflow/.local/lib/python3.13/site-packages/airflow/sdk/definitions/dag.py","lineno":1696,"name":"factory"},{"filename":"/opt/airflow/dags/dag_api_dimension_sync.py","lineno":41,"name":"API_dimension_sync"}],"is_group":false,"exceptions":[]}]}
{"timestamp":"2026-09-03T12:52:19.522619Z","level":"error","event":"Error loading DAG from dag_api_dimension_sync.py: name 'JSON_transformation' is not defined","logger":"airflow.dag_processing.dagbag.BundleDagBag","filename":"dagbag.py","lineno":319}
{"timestamp":"2026-09-03T12:52:49.752868Z","level":"info","event":"Filling up the DagBag from /opt/airflow/dags/dag_api_dimension_sync.py","logger":"airflow.dag_processing.dagbag.BundleDagBag","filename":"dagbag.py","lineno":460}
{"timestamp":"2026-09-03T12:52:50.194875Z","level":"error","event":"Failed to import: /opt/airflow/dags/dag_api_dimension_sync.py","logger":"airflow.dag_processing.importers.python_importer","filename":"python_importer.py","lineno":244,"error_detail":[{"exc_type":"NameError","exc_value":"name 'JSON_transformation' is not defined","exc_notes":[],"syntax_error":null,"is_cause":false,"frames":[{"filename":"/home/airflow/.local/lib/python3.13/site-packages/airflow/dag_processing/importers/python_importer.py","lineno":238,"name":"parse"},{"filename":"<frozen importlib._bootstrap_external>","lineno":1023,"name":"exec_module"},{"filename":"<frozen importlib._bootstrap>","lineno":488,"name":"_call_with_frames_removed"},{"filename":"/opt/airflow/dags/dag_api_dimension_sync.py","lineno":43,"name":"<module>"},{"filename":"/home/airflow/.local/lib/python3.13/site-packages/airflow/sdk/definitions/dag.py","lineno":1696,"name":"factory"},{"filename":"/opt/airflow/dags/dag_api_dimension_sync.py","lineno":41,"name":"API_dimension_sync"}],"is_group":false,"exceptions":[]}]}
{"timestamp":"2026-09-03T12:52:50.198597Z","level":"error","event":"Error loading DAG from dag_api_dimension_sync.py: name 'JSON_transformation' is not defined","logger":"airflow.dag_processing.dagbag.BundleDagBag","filename":"dagbag.py","lineno":319}
{"timestamp":"2026-09-03T12:53:20.434691Z","level":"info","event":"Filling up the DagBag from /opt/airflow/dags/dag_api_dimension_sync.py","logger":"airflow.dag_processing.dagbag.BundleDagBag","filename":"dagbag.py","lineno":460}
{"timestamp":"2026-09-03T12:53:20.904425Z","level":"error","event":"Failed to import: /opt/airflow/dags/dag_api_dimension_sync.py","logger":"airflow.dag_processing.importers.python_importer","filename":"python_importer.py","lineno":244,"error_detail":[{"exc_type":"NameError","exc_value":"name 'JSON_transformation' is not defined","exc_notes":[],"syntax_error":null,"is_cause":false,"frames":[{"filename":"/home/airflow/.local/lib/python3.13/site-packages/airflow/dag_processing/importers/python_importer.py","lineno":238,"name":"parse"},{"filename":"<frozen importlib._bootstrap_external>","lineno":1023,"name":"exec_module"},{"filename":"<frozen importlib._bootstrap>","lineno":488,"name":"_call_with_frames_removed"},{"filename":"/opt/airflow/dags/dag_api_dimension_sync.py","lineno":43,"name":"<module>"},{"filename":"/home/airflow/.local/lib/python3.13/site-packages/airflow/sdk/definitions/dag.py","lineno":1696,"name":"factory"},{"filename":"/opt/airflow/dags/dag_api_dimension_sync.py","lineno":41,"name":"API_dimension_sync"}],"is_group":false,"exceptions":[]}]}
{"timestamp":"2026-09-03T12:53:20.908568Z","level":"error","event":"Error loading DAG from dag_api_dimension_sync.py: name 'JSON_transformation' is not defined","logger":"airflow.dag_processing.dagbag.BundleDagBag","filename":"dagbag.py","lineno":319}
{"timestamp":"2026-09-03T12:53:51.123066Z","level":"info","event":"Filling up the DagBag from /opt/airflow/dags/dag_api_dimension_sync.py","logger":"airflow.dag_processing.dagbag.BundleDagBag","filename":"dagbag.py","lineno":460}
{"timestamp":"2026-09-03T12:53:51.583123Z","level":"error","event":"Failed to import: /opt/airflow/dags/dag_api_dimension_sync.py","logger":"airflow.dag_processing.importers.python_importer","filename":"python_importer.py","lineno":244,"error_detail":[{"exc_type":"NameError","exc_value":"name 'JSON_transformation' is not defined","exc_notes":[],"syntax_error":null,"is_cause":false,"frames":[{"filename":"/home/airflow/.local/lib/python3.13/site-packages/airflow/dag_processing/importers/python_importer.py","lineno":238,"name":"parse"},{"filename":"<frozen importlib._bootstrap_external>","lineno":1023,"name":"exec_module"},{"filename":"<frozen importlib._bootstrap>","lineno":488,"name":"_call_with_frames_removed"},{"filename":"/opt/airflow/dags/dag_api_dimension_sync.py","lineno":43,"name":"<module>"},{"filename":"/home/airflow/.local/lib/python3.13/site-packages/airflow/sdk/definitions/dag.py","lineno":1696,"name":"factory"},{"filename":"/opt/airflow/dags/dag_api_dimension_sync.py","lineno":41,"name":"API_dimension_sync"}],"is_group":false,"exceptions":[]}]}
{"timestamp":"2026-09-03T12:53:51.588543Z","level":"error","event":"Error loading DAG from dag_api_dimension_sync.py: name 'JSON_transformation' is not defined","logger":"airflow.dag_processing.dagbag.BundleDagBag","filename":"dagbag.py","lineno":319}
{"timestamp":"2026-09-03T12:54:21.805488Z","level":"info","event":"Filling up the DagBag from /opt/airflow/dags/dag_api_dimension_sync.py","logger":"airflow.dag_processing.dagbag.BundleDagBag","filename":"dagbag.py","lineno":460}
{"timestamp":"2026-09-03T12:54:22.250358Z","level":"error","event":"Failed to import: /opt/airflow/dags/dag_api_dimension_sync.py","logger":"airflow.dag_processing.importers.python_importer","filename":"python_importer.py","lineno":244,"error_detail":[{"exc_type":"NameError","exc_value":"name 'JSON_transformation' is not defined","exc_notes":[],"syntax_error":null,"is_cause":false,"frames":[{"filename":"/home/airflow/.local/lib/python3.13/site-packages/airflow/dag_processing/importers/python_importer.py","lineno":238,"name":"parse"},{"filename":"<frozen importlib._bootstrap_external>","lineno":1023,"name":"exec_module"},{"filename":"<frozen importlib._bootstrap>","lineno":488,"name":"_call_with_frames_removed"},{"filename":"/opt/airflow/dags/dag_api_dimension_sync.py","lineno":43,"name":"<module>"},{"filename":"/home/airflow/.local/lib/python3.13/site-packages/airflow/sdk/definitions/dag.py","lineno":1696,"name":"factory"},{"filename":"/opt/airflow/dags/dag_api_dimension_sync.py","lineno":41,"name":"API_dimension_sync"}],"is_group":false,"exceptions":[]}]}
{"timestamp":"2026-09-03T12:54:22.253532Z","level":"error","event":"Error loading DAG from dag_api_dimension_sync.py: name 'JSON_transformation' is not defined","logger":"airflow.dag_processing.dagbag.BundleDagBag","filename":"dagbag.py","lineno":319}
{"timestamp":"2026-09-03T12:54:52.463362Z","level":"info","event":"Filling up the DagBag from /opt/airflow/dags/dag_api_dimension_sync.py","logger":"airflow.dag_processing.dagbag.BundleDagBag","filename":"dagbag.py","lineno":460}
{"timestamp":"2026-09-03T12:54:52.886807Z","level":"error","event":"Failed to import: /opt/airflow/dags/dag_api_dimension_sync.py","logger":"airflow.dag_processing.importers.python_importer","filename":"python_importer.py","lineno":244,"error_detail":[{"exc_type":"NameError","exc_value":"name 'JSON_transformation' is not defined","exc_notes":[],"syntax_error":null,"is_cause":false,"frames":[{"filename":"/home/airflow/.local/lib/python3.13/site-packages/airflow/dag_processing/importers/python_importer.py","lineno":238,"name":"parse"},{"filename":"<frozen importlib._bootstrap_external>","lineno":1023,"name":"exec_module"},{"filename":"<frozen importlib._bootstrap>","lineno":488,"name":"_call_with_frames_removed"},{"filename":"/opt/airflow/dags/dag_api_dimension_sync.py","lineno":43,"name":"<module>"},{"filename":"/home/airflow/.local/lib/python3.13/site-packages/airflow/sdk/definitions/dag.py","lineno":1696,"name":"factory"},{"filename":"/opt/airflow/dags/dag_api_dimension_sync.py","lineno":41,"name":"API_dimension_sync"}],"is_group":false,"exceptions":[]}]}
{"timestamp":"2026-09-03T12:54:52.891438Z","level":"error","event":"Error loading DAG from dag_api_dimension_sync.py: name 'JSON_transformation' is not defined","logger":"airflow.dag_processing.dagbag.BundleDagBag","filename":"dagbag.py","lineno":319}
{"timestamp":"2026-09-03T12:55:23.099561Z","level":"info","event":"Filling up the DagBag from /opt/airflow/dags/dag_api_dimension_sync.py","logger":"airflow.dag_processing.dagbag.BundleDagBag","filename":"dagbag.py","lineno":460}
{"timestamp":"2026-09-03T12:55:23.491138Z","level":"error","event":"Failed to import: /opt/airflow/dags/dag_api_dimension_sync.py","logger":"airflow.dag_processing.importers.python_importer","filename":"python_importer.py","lineno":244,"error_detail":[{"exc_type":"NameError","exc_value":"name 'JSON_transformation' is not defined","exc_notes":[],"syntax_error":null,"is_cause":false,"frames":[{"filename":"/home/airflow/.local/lib/python3.13/site-packages/airflow/dag_processing/importers/python_importer.py","lineno":238,"name":"parse"},{"filename":"<frozen importlib._bootstrap_external>","lineno":1023,"name":"exec_module"},{"filename":"<frozen importlib._bootstrap>","lineno":488,"name":"_call_with_frames_removed"},{"filename":"/opt/airflow/dags/dag_api_dimension_sync.py","lineno":43,"name":"<module>"},{"filename":"/home/airflow/.local/lib/python3.13/site-packages/airflow/sdk/definitions/dag.py","lineno":1696,"name":"factory"},{"filename":"/opt/airflow/dags/dag_api_dimension_sync.py","lineno":41,"name":"API_dimension_sync"}],"is_group":false,"exceptions":[]}]}
{"timestamp":"2026-09-03T12:55:23.494105Z","level":"error","event":"Error loading DAG from dag_api_dimension_sync.py: name 'JSON_transformation' is not defined","logger":"airflow.dag_processing.dagbag.BundleDagBag","filename":"dagbag.py","lineno":319}
{"timestamp":"2026-09-03T12:55:53.697992Z","level":"info","event":"Filling up the DagBag from /opt/airflow/dags/dag_api_dimension_sync.py","logger":"airflow.dag_processing.dagbag.BundleDagBag","filename":"dagbag.py","lineno":460}
{"timestamp":"2026-09-03T12:55:54.132575Z","level":"error","event":"Failed to import: /opt/airflow/dags/dag_api_dimension_sync.py","logger":"airflow.dag_processing.importers.python_importer","filename":"python_importer.py","lineno":244,"error_detail":[{"exc_type":"NameError","exc_value":"name 'JSON_transformation' is not defined","exc_notes":[],"syntax_error":null,"is_cause":false,"frames":[{"filename":"/home/airflow/.local/lib/python3.13/site-packages/airflow/dag_processing/importers/python_importer.py","lineno":238,"name":"parse"},{"filename":"<frozen importlib._bootstrap_external>","lineno":1023,"name":"exec_module"},{"filename":"<frozen importlib._bootstrap>","lineno":488,"name":"_call_with_frames_removed"},{"filename":"/opt/airflow/dags/dag_api_dimension_sync.py","lineno":43,"name":"<module>"},{"filename":"/home/airflow/.local/lib/python3.13/site-packages/airflow/sdk/definitions/dag.py","lineno":1696,"name":"factory"},{"filename":"/opt/airflow/dags/dag_api_dimension_sync.py","lineno":41,"name":"API_dimension_sync"}],"is_group":false,"exceptions":[]}]}
{"timestamp":"2026-09-03T12:55:54.138666Z","level":"error","event":"Error loading DAG from dag_api_dimension_sync.py: name 'JSON_transformation' is not defined","logger":"airflow.dag_processing.dagbag.BundleDagBag","filename":"dagbag.py","lineno":319}
{"timestamp":"2026-09-03T12:56:24.352906Z","level":"info","event":"Filling up the DagBag from /opt/airflow/dags/dag_api_dimension_sync.py","logger":"airflow.dag_processing.dagbag.BundleDagBag","filename":"dagbag.py","lineno":460}
{"timestamp":"2026-09-03T12:56:24.770484Z","level":"error","event":"Failed to import: /opt/airflow/dags/dag_api_dimension_sync.py","logger":"airflow.dag_processing.importers.python_importer","filename":"python_importer.py","lineno":244,"error_detail":[{"exc_type":"NameError","exc_value":"name 'JSON_transformation' is not defined","exc_notes":[],"syntax_error":null,"is_cause":false,"frames":[{"filename":"/home/airflow/.local/lib/python3.13/site-packages/airflow/dag_processing/importers/python_importer.py","lineno":238,"name":"parse"},{"filename":"<frozen importlib._bootstrap_external>","lineno":1023,"name":"exec_module"},{"filename":"<frozen importlib._bootstrap>","lineno":488,"name":"_call_with_frames_removed"},{"filename":"/opt/airflow/dags/dag_api_dimension_sync.py","lineno":43,"name":"<module>"},{"filename":"/home/airflow/.local/lib/python3.13/site-packages/airflow/sdk/definitions/dag.py","lineno":1696,"name":"factory"},{"filename":"/opt/airflow/dags/dag_api_dimension_sync.py","lineno":41,"name":"API_dimension_sync"}],"is_group":false,"exceptions":[]}]}
{"timestamp":"2026-09-03T12:56:24.773732Z","level":"error","event":"Error loading DAG from dag_api_dimension_sync.py: name 'JSON_transformation' is not defined","logger":"airflow.dag_processing.dagbag.BundleDagBag","filename":"dagbag.py","lineno":319}
{"timestamp":"2026-09-03T12:56:55.035614Z","level":"info","event":"Filling up the DagBag from /opt/airflow/dags/dag_api_dimension_sync.py","logger":"airflow.dag_processing.dagbag.BundleDagBag","filename":"dagbag.py","lineno":460}
{"timestamp":"2026-09-03T12:56:55.471969Z","level":"error","event":"Failed to import: /opt/airflow/dags/dag_api_dimension_sync.py","logger":"airflow.dag_processing.importers.python_importer","filename":"python_importer.py","lineno":244,"error_detail":[{"exc_type":"NameError","exc_value":"name 'JSON_transformation' is not defined","exc_notes":[],"syntax_error":null,"is_cause":false,"frames":[{"filename":"/home/airflow/.local/lib/python3.13/site-packages/airflow/dag_processing/importers/python_importer.py","lineno":238,"name":"parse"},{"filename":"<frozen importlib._bootstrap_external>","lineno":1023,"name":"exec_module"},{"filename":"<frozen importlib._bootstrap>","lineno":488,"name":"_call_with_frames_removed"},{"filename":"/opt/airflow/dags/dag_api_dimension_sync.py","lineno":43,"name":"<module>"},{"filename":"/home/airflow/.local/lib/python3.13/site-packages/airflow/sdk/definitions/dag.py","lineno":1696,"name":"factory"},{"filename":"/opt/airflow/dags/dag_api_dimension_sync.py","lineno":41,"name":"API_dimension_sync"}],"is_group":false,"exceptions":[]}]}
{"timestamp":"2026-09-03T12:56:55.475374Z","level":"error","event":"Error loading DAG from dag_api_dimension_sync.py: name 'JSON_transformation' is not defined","logger":"airflow.dag_processing.dagbag.BundleDagBag","filename":"dagbag.py","lineno":319}
{"timestamp":"2026-09-03T12:57:25.700138Z","level":"info","event":"Filling up the DagBag from /opt/airflow/dags/dag_api_dimension_sync.py","logger":"airflow.dag_processing.dagbag.BundleDagBag","filename":"dagbag.py","lineno":460}
{"timestamp":"2026-09-03T12:57:26.126017Z","level":"error","event":"Failed to import: /opt/airflow/dags/dag_api_dimension_sync.py","logger":"airflow.dag_processing.importers.python_importer","filename":"python_importer.py","lineno":244,"error_detail":[{"exc_type":"NameError","exc_value":"name 'JSON_transformation' is not defined","exc_notes":[],"syntax_error":null,"is_cause":false,"frames":[{"filename":"/home/airflow/.local/lib/python3.13/site-packages/airflow/dag_processing/importers/python_importer.py","lineno":238,"name":"parse"},{"filename":"<frozen importlib._bootstrap_external>","lineno":1023,"name":"exec_module"},{"filename":"<frozen importlib._bootstrap>","lineno":488,"name":"_call_with_frames_removed"},{"filename":"/opt/airflow/dags/dag_api_dimension_sync.py","lineno":43,"name":"<module>"},{"filename":"/home/airflow/.local/lib/python3.13/site-packages/airflow/sdk/definitions/dag.py","lineno":1696,"name":"factory"},{"filename":"/opt/airflow/dags/dag_api_dimension_sync.py","lineno":41,"name":"API_dimension_sync"}],"is_group":false,"exceptions":[]}]}
{"timestamp":"2026-09-03T12:57:26.128661Z","level":"error","event":"Error loading DAG from dag_api_dimension_sync.py: name 'JSON_transformation' is not defined","logger":"airflow.dag_processing.dagbag.BundleDagBag","filename":"dagbag.py","lineno":319}
{"timestamp":"2026-09-03T12:57:56.365504Z","level":"info","event":"Filling up the DagBag from /opt/airflow/dags/dag_api_dimension_sync.py","logger":"airflow.dag_processing.dagbag.BundleDagBag","filename":"dagbag.py","lineno":460}
{"timestamp":"2026-09-03T12:57:56.796595Z","level":"error","event":"Failed to import: /opt/airflow/dags/dag_api_dimension_sync.py","logger":"airflow.dag_processing.importers.python_importer","filename":"python_importer.py","lineno":244,"error_detail":[{"exc_type":"NameError","exc_value":"name 'JSON_transformation' is not defined","exc_notes":[],"syntax_error":null,"is_cause":false,"frames":[{"filename":"/home/airflow/.local/lib/python3.13/site-packages/airflow/dag_processing/importers/python_importer.py","lineno":238,"name":"parse"},{"filename":"<frozen importlib._bootstrap_external>","lineno":1023,"name":"exec_module"},{"filename":"<frozen importlib._bootstrap>","lineno":488,"name":"_call_with_frames_removed"},{"filename":"/opt/airflow/dags/dag_api_dimension_sync.py","lineno":43,"name":"<module>"},{"filename":"/home/airflow/.local/lib/python3.13/site-packages/airflow/sdk/definitions/dag.py","lineno":1696,"name":"factory"},{"filename":"/opt/airflow/dags/dag_api_dimension_sync.py","lineno":41,"name":"API_dimension_sync"}],"is_group":false,"exceptions":[]}]}
{"timestamp":"2026-09-03T12:57:56.799863Z","level":"error","event":"Error loading DAG from dag_api_dimension_sync.py: name 'JSON_transformation' is not defined","logger":"airflow.dag_processing.dagbag.BundleDagBag","filename":"dagbag.py","lineno":319}
{"timestamp":"2026-09-03T12:58:27.018401Z","level":"info","event":"Filling up the DagBag from /opt/airflow/dags/dag_api_dimension_sync.py","logger":"airflow.dag_processing.dagbag.BundleDagBag","filename":"dagbag.py","lineno":460}
{"timestamp":"2026-09-03T12:58:27.428081Z","level":"error","event":"Failed to import: /opt/airflow/dags/dag_api_dimension_sync.py","logger":"airflow.dag_processing.importers.python_importer","filename":"python_importer.py","lineno":244,"error_detail":[{"exc_type":"NameError","exc_value":"name 'JSON_transformation' is not defined","exc_notes":[],"syntax_error":null,"is_cause":false,"frames":[{"filename":"/home/airflow/.local/lib/python3.13/site-packages/airflow/dag_processing/importers/python_importer.py","lineno":238,"name":"parse"},{"filename":"<frozen importlib._bootstrap_external>","lineno":1023,"name":"exec_module"},{"filename":"<frozen importlib._bootstrap>","lineno":488,"name":"_call_with_frames_removed"},{"filename":"/opt/airflow/dags/dag_api_dimension_sync.py","lineno":43,"name":"<module>"},{"filename":"/home/airflow/.local/lib/python3.13/site-packages/airflow/sdk/definitions/dag.py","lineno":1696,"name":"factory"},{"filename":"/opt/airflow/dags/dag_api_dimension_sync.py","lineno":41,"name":"API_dimension_sync"}],"is_group":false,"exceptions":[]}]}
{"timestamp":"2026-09-03T12:58:27.431763Z","level":"error","event":"Error loading DAG from dag_api_dimension_sync.py: name 'JSON_transformation' is not defined","logger":"airflow.dag_processing.dagbag.BundleDagBag","filename":"dagbag.py","lineno":319}
{"timestamp":"2026-09-03T12:58:57.669244Z","level":"info","event":"Filling up the DagBag from /opt/airflow/dags/dag_api_dimension_sync.py","logger":"airflow.dag_processing.dagbag.BundleDagBag","filename":"dagbag.py","lineno":460}
{"timestamp":"2026-09-03T12:58:58.111019Z","level":"error","event":"Failed to import: /opt/airflow/dags/dag_api_dimension_sync.py","logger":"airflow.dag_processing.importers.python_importer","filename":"python_importer.py","lineno":244,"error_detail":[{"exc_type":"NameError","exc_value":"name 'JSON_transformation' is not defined","exc_notes":[],"syntax_error":null,"is_cause":false,"frames":[{"filename":"/home/airflow/.local/lib/python3.13/site-packages/airflow/dag_processing/importers/python_importer.py","lineno":238,"name":"parse"},{"filename":"<frozen importlib._bootstrap_external>","lineno":1023,"name":"exec_module"},{"filename":"<frozen importlib._bootstrap>","lineno":488,"name":"_call_with_frames_removed"},{"filename":"/opt/airflow/dags/dag_api_dimension_sync.py","lineno":43,"name":"<module>"},{"filename":"/home/airflow/.local/lib/python3.13/site-packages/airflow/sdk/definitions/dag.py","lineno":1696,"name":"factory"},{"filename":"/opt/airflow/dags/dag_api_dimension_sync.py","lineno":41,"name":"API_dimension_sync"}],"is_group":false,"exceptions":[]}]}
{"timestamp":"2026-09-03T12:58:58.114390Z","level":"error","event":"Error loading DAG from dag_api_dimension_sync.py: name 'JSON_transformation' is not defined","logger":"airflow.dag_processing.dagbag.BundleDagBag","filename":"dagbag.py","lineno":319}
{"timestamp":"2026-09-03T12:59:28.334912Z","level":"info","event":"Filling up the DagBag from /opt/airflow/dags/dag_api_dimension_sync.py","logger":"airflow.dag_processing.dagbag.BundleDagBag","filename":"dagbag.py","lineno":460}
{"timestamp":"2026-09-03T12:59:28.767940Z","level":"error","event":"Failed to import: /opt/airflow/dags/dag_api_dimension_sync.py","logger":"airflow.dag_processing.importers.python_importer","filename":"python_importer.py","lineno":244,"error_detail":[{"exc_type":"NameError","exc_value":"name 'JSON_transformation' is not defined","exc_notes":[],"syntax_error":null,"is_cause":false,"frames":[{"filename":"/home/airflow/.local/lib/python3.13/site-packages/airflow/dag_processing/importers/python_importer.py","lineno":238,"name":"parse"},{"filename":"<frozen importlib._bootstrap_external>","lineno":1023,"name":"exec_module"},{"filename":"<frozen importlib._bootstrap>","lineno":488,"name":"_call_with_frames_removed"},{"filename":"/opt/airflow/dags/dag_api_dimension_sync.py","lineno":43,"name":"<module>"},{"filename":"/home/airflow/.local/lib/python3.13/site-packages/airflow/sdk/definitions/dag.py","lineno":1696,"name":"factory"},{"filename":"/opt/airflow/dags/dag_api_dimension_sync.py","lineno":41,"name":"API_dimension_sync"}],"is_group":false,"exceptions":[]}]}
{"timestamp":"2026-09-03T12:59:28.771101Z","level":"error","event":"Error loading DAG from dag_api_dimension_sync.py: name 'JSON_transformation' is not defined","logger":"airflow.dag_processing.dagbag.BundleDagBag","filename":"dagbag.py","lineno":319}
{"timestamp":"2026-09-03T12:59:58.991088Z","level":"info","event":"Filling up the DagBag from /opt/airflow/dags/dag_api_dimension_sync.py","logger":"airflow.dag_processing.dagbag.BundleDagBag","filename":"dagbag.py","lineno":460}
{"timestamp":"2026-09-03T12:59:59.427301Z","level":"error","event":"Failed to import: /opt/airflow/dags/dag_api_dimension_sync.py","logger":"airflow.dag_processing.importers.python_importer","filename":"python_importer.py","lineno":244,"error_detail":[{"exc_type":"NameError","exc_value":"name 'JSON_transformation' is not defined","exc_notes":[],"syntax_error":null,"is_cause":false,"frames":[{"filename":"/home/airflow/.local/lib/python3.13/site-packages/airflow/dag_processing/importers/python_importer.py","lineno":238,"name":"parse"},{"filename":"<frozen importlib._bootstrap_external>","lineno":1023,"name":"exec_module"},{"filename":"<frozen importlib._bootstrap>","lineno":488,"name":"_call_with_frames_removed"},{"filename":"/opt/airflow/dags/dag_api_dimension_sync.py","lineno":43,"name":"<module>"},{"filename":"/home/airflow/.local/lib/python3.13/site-packages/airflow/sdk/definitions/dag.py","lineno":1696,"name":"factory"},{"filename":"/opt/airflow/dags/dag_api_dimension_sync.py","lineno":41,"name":"API_dimension_sync"}],"is_group":false,"exceptions":[]}]}
{"timestamp":"2026-09-03T12:59:59.431310Z","level":"error","event":"Error loading DAG from dag_api_dimension_sync.py: name 'JSON_transformation' is not defined","logger":"airflow.dag_processing.dagbag.BundleDagBag","filename":"dagbag.py","lineno":319}
{"timestamp":"2026-09-03T13:00:29.652800Z","level":"info","event":"Filling up the DagBag from /opt/airflow/dags/dag_api_dimension_sync.py","logger":"airflow.dag_processing.dagbag.BundleDagBag","filename":"dagbag.py","lineno":460}
{"timestamp":"2026-09-03T13:00:30.081523Z","level":"error","event":"Failed to import: /opt/airflow/dags/dag_api_dimension_sync.py","logger":"airflow.dag_processing.importers.python_importer","filename":"python_importer.py","lineno":244,"error_detail":[{"exc_type":"NameError","exc_value":"name 'JSON_transformation' is not defined","exc_notes":[],"syntax_error":null,"is_cause":false,"frames":[{"filename":"/home/airflow/.local/lib/python3.13/site-packages/airflow/dag_processing/importers/python_importer.py","lineno":238,"name":"parse"},{"filename":"<frozen importlib._bootstrap_external>","lineno":1023,"name":"exec_module"},{"filename":"<frozen importlib._bootstrap>","lineno":488,"name":"_call_with_frames_removed"},{"filename":"/opt/airflow/dags/dag_api_dimension_sync.py","lineno":43,"name":"<module>"},{"filename":"/home/airflow/.local/lib/python3.13/site-packages/airflow/sdk/definitions/dag.py","lineno":1696,"name":"factory"},{"filename":"/opt/airflow/dags/dag_api_dimension_sync.py","lineno":41,"name":"API_dimension_sync"}],"is_group":false,"exceptions":[]}]}
{"timestamp":"2026-09-03T13:00:30.084703Z","level":"error","event":"Error loading DAG from dag_api_dimension_sync.py: name 'JSON_transformation' is not defined","logger":"airflow.dag_processing.dagbag.BundleDagBag","filename":"dagbag.py","lineno":319}
{"timestamp":"2026-09-03T13:01:00.301260Z","level":"info","event":"Filling up the DagBag from /opt/airflow/dags/dag_api_dimension_sync.py","logger":"airflow.dag_processing.dagbag.BundleDagBag","filename":"dagbag.py","lineno":460}
{"timestamp":"2026-09-03T13:01:00.730611Z","level":"error","event":"Failed to import: /opt/airflow/dags/dag_api_dimension_sync.py","logger":"airflow.dag_processing.importers.python_importer","filename":"python_importer.py","lineno":244,"error_detail":[{"exc_type":"NameError","exc_value":"name 'JSON_transformation' is not defined","exc_notes":[],"syntax_error":null,"is_cause":false,"frames":[{"filename":"/home/airflow/.local/lib/python3.13/site-packages/airflow/dag_processing/importers/python_importer.py","lineno":238,"name":"parse"},{"filename":"<frozen importlib._bootstrap_external>","lineno":1023,"name":"exec_module"},{"filename":"<frozen importlib._bootstrap>","lineno":488,"name":"_call_with_frames_removed"},{"filename":"/opt/airflow/dags/dag_api_dimension_sync.py","lineno":43,"name":"<module>"},{"filename":"/home/airflow/.local/lib/python3.13/site-packages/airflow/sdk/definitions/dag.py","lineno":1696,"name":"factory"},{"filename":"/opt/airflow/dags/dag_api_dimension_sync.py","lineno":41,"name":"API_dimension_sync"}],"is_group":false,"exceptions":[]}]}
{"timestamp":"2026-09-03T13:01:00.733707Z","level":"error","event":"Error loading DAG from dag_api_dimension_sync.py: name 'JSON_transformation' is not defined","logger":"airflow.dag_processing.dagbag.BundleDagBag","filename":"dagbag.py","lineno":319}
{"timestamp":"2026-09-03T13:01:30.959646Z","level":"info","event":"Filling up the DagBag from /opt/airflow/dags/dag_api_dimension_sync.py","logger":"airflow.dag_processing.dagbag.BundleDagBag","filename":"dagbag.py","lineno":460}
{"timestamp":"2026-09-03T13:01:31.412030Z","level":"error","event":"Failed to import: /opt/airflow/dags/dag_api_dimension_sync.py","logger":"airflow.dag_processing.importers.python_importer","filename":"python_importer.py","lineno":244,"error_detail":[{"exc_type":"NameError","exc_value":"name 'JSON_transformation' is not defined","exc_notes":[],"syntax_error":null,"is_cause":false,"frames":[{"filename":"/home/airflow/.local/lib/python3.13/site-packages/airflow/dag_processing/importers/python_importer.py","lineno":238,"name":"parse"},{"filename":"<frozen importlib._bootstrap_external>","lineno":1023,"name":"exec_module"},{"filename":"<frozen importlib._bootstrap>","lineno":488,"name":"_call_with_frames_removed"},{"filename":"/opt/airflow/dags/dag_api_dimension_sync.py","lineno":43,"name":"<module>"},{"filename":"/home/airflow/.local/lib/python3.13/site-packages/airflow/sdk/definitions/dag.py","lineno":1696,"name":"factory"},{"filename":"/opt/airflow/dags/dag_api_dimension_sync.py","lineno":41,"name":"API_dimension_sync"}],"is_group":false,"exceptions":[]}]}
{"timestamp":"2026-09-03T13:01:31.415304Z","level":"error","event":"Error loading DAG from dag_api_dimension_sync.py: name 'JSON_transformation' is not defined","logger":"airflow.dag_processing.dagbag.BundleDagBag","filename":"dagbag.py","lineno":319}
{"timestamp":"2026-09-03T13:02:01.633842Z","level":"info","event":"Filling up the DagBag from /opt/airflow/dags/dag_api_dimension_sync.py","logger":"airflow.dag_processing.dagbag.BundleDagBag","filename":"dagbag.py","lineno":460}
{"timestamp":"2026-09-03T13:02:02.059212Z","level":"error","event":"Failed to import: /opt/airflow/dags/dag_api_dimension_sync.py","logger":"airflow.dag_processing.importers.python_importer","filename":"python_importer.py","lineno":244,"error_detail":[{"exc_type":"NameError","exc_value":"name 'JSON_transformation' is not defined","exc_notes":[],"syntax_error":null,"is_cause":false,"frames":[{"filename":"/home/airflow/.local/lib/python3.13/site-packages/airflow/dag_processing/importers/python_importer.py","lineno":238,"name":"parse"},{"filename":"<frozen importlib._bootstrap_external>","lineno":1023,"name":"exec_module"},{"filename":"<frozen importlib._bootstrap>","lineno":488,"name":"_call_with_frames_removed"},{"filename":"/opt/airflow/dags/dag_api_dimension_sync.py","lineno":43,"name":"<module>"},{"filename":"/home/airflow/.local/lib/python3.13/site-packages/airflow/sdk/definitions/dag.py","lineno":1696,"name":"factory"},{"filename":"/opt/airflow/dags/dag_api_dimension_sync.py","lineno":41,"name":"API_dimension_sync"}],"is_group":false,"exceptions":[]}]}
{"timestamp":"2026-09-03T13:02:02.062522Z","level":"error","event":"Error loading DAG from dag_api_dimension_sync.py: name 'JSON_transformation' is not defined","logger":"airflow.dag_processing.dagbag.BundleDagBag","filename":"dagbag.py","lineno":319}
{"timestamp":"2026-09-03T13:02:32.292265Z","level":"info","event":"Filling up the DagBag from /opt/airflow/dags/dag_api_dimension_sync.py","logger":"airflow.dag_processing.dagbag.BundleDagBag","filename":"dagbag.py","lineno":460}
{"timestamp":"2026-09-03T13:02:32.714818Z","level":"error","event":"Failed to import: /opt/airflow/dags/dag_api_dimension_sync.py","logger":"airflow.dag_processing.importers.python_importer","filename":"python_importer.py","lineno":244,"error_detail":[{"exc_type":"NameError","exc_value":"name 'JSON_transformation' is not defined","exc_notes":[],"syntax_error":null,"is_cause":false,"frames":[{"filename":"/home/airflow/.local/lib/python3.13/site-packages/airflow/dag_processing/importers/python_importer.py","lineno":238,"name":"parse"},{"filename":"<frozen importlib._bootstrap_external>","lineno":1023,"name":"exec_module"},{"filename":"<frozen importlib._bootstrap>","lineno":488,"name":"_call_with_frames_removed"},{"filename":"/opt/airflow/dags/dag_api_dimension_sync.py","lineno":43,"name":"<module>"},{"filename":"/home/airflow/.local/lib/python3.13/site-packages/airflow/sdk/definitions/dag.py","lineno":1696,"name":"factory"},{"filename":"/opt/airflow/dags/dag_api_dimension_sync.py","lineno":41,"name":"API_dimension_sync"}],"is_group":false,"exceptions":[]}]}
{"timestamp":"2026-09-03T13:02:32.717784Z","level":"error","event":"Error loading DAG from dag_api_dimension_sync.py: name 'JSON_transformation' is not defined","logger":"airflow.dag_processing.dagbag.BundleDagBag","filename":"dagbag.py","lineno":319}
{"timestamp":"2026-09-03T13:03:02.951992Z","level":"info","event":"Filling up the DagBag from /opt/airflow/dags/dag_api_dimension_sync.py","logger":"airflow.dag_processing.dagbag.BundleDagBag","filename":"dagbag.py","lineno":460}
{"timestamp":"2026-09-03T13:03:03.417689Z","level":"error","event":"Failed to import: /opt/airflow/dags/dag_api_dimension_sync.py","logger":"airflow.dag_processing.importers.python_importer","filename":"python_importer.py","lineno":244,"error_detail":[{"exc_type":"NameError","exc_value":"name 'JSON_transformation' is not defined","exc_notes":[],"syntax_error":null,"is_cause":false,"frames":[{"filename":"/home/airflow/.local/lib/python3.13/site-packages/airflow/dag_processing/importers/python_importer.py","lineno":238,"name":"parse"},{"filename":"<frozen importlib._bootstrap_external>","lineno":1023,"name":"exec_module"},{"filename":"<frozen importlib._bootstrap>","lineno":488,"name":"_call_with_frames_removed"},{"filename":"/opt/airflow/dags/dag_api_dimension_sync.py","lineno":43,"name":"<module>"},{"filename":"/home/airflow/.local/lib/python3.13/site-packages/airflow/sdk/definitions/dag.py","lineno":1696,"name":"factory"},{"filename":"/opt/airflow/dags/dag_api_dimension_sync.py","lineno":41,"name":"API_dimension_sync"}],"is_group":false,"exceptions":[]}]}
{"timestamp":"2026-09-03T13:03:03.420556Z","level":"error","event":"Error loading DAG from dag_api_dimension_sync.py: name 'JSON_transformation' is not defined","logger":"airflow.dag_processing.dagbag.BundleDagBag","filename":"dagbag.py","lineno":319}
{"timestamp":"2026-09-03T13:03:33.635979Z","level":"info","event":"Filling up the DagBag from /opt/airflow/dags/dag_api_dimension_sync.py","logger":"airflow.dag_processing.dagbag.BundleDagBag","filename":"dagbag.py","lineno":460}
{"timestamp":"2026-09-03T13:03:34.159337Z","level":"error","event":"Failed to import: /opt/airflow/dags/dag_api_dimension_sync.py","logger":"airflow.dag_processing.importers.python_importer","filename":"python_importer.py","lineno":244,"error_detail":[{"exc_type":"NameError","exc_value":"name 'JSON_transformation' is not defined","exc_notes":[],"syntax_error":null,"is_cause":false,"frames":[{"filename":"/home/airflow/.local/lib/python3.13/site-packages/airflow/dag_processing/importers/python_importer.py","lineno":238,"name":"parse"},{"filename":"<frozen importlib._bootstrap_external>","lineno":1023,"name":"exec_module"},{"filename":"<frozen importlib._bootstrap>","lineno":488,"name":"_call_with_frames_removed"},{"filename":"/opt/airflow/dags/dag_api_dimension_sync.py","lineno":43,"name":"<module>"},{"filename":"/home/airflow/.local/lib/python3.13/site-packages/airflow/sdk/definitions/dag.py","lineno":1696,"name":"factory"},{"filename":"/opt/airflow/dags/dag_api_dimension_sync.py","lineno":41,"name":"API_dimension_sync"}],"is_group":false,"exceptions":[]}]}
{"timestamp":"2026-09-03T13:03:34.163539Z","level":"error","event":"Error loading DAG from dag_api_dimension_sync.py: name 'JSON_transformation' is not defined","logger":"airflow.dag_processing.dagbag.BundleDagBag","filename":"dagbag.py","lineno":319}
{"timestamp":"2026-09-03T13:04:04.384874Z","level":"info","event":"Filling up the DagBag from /opt/airflow/dags/dag_api_dimension_sync.py","logger":"airflow.dag_processing.dagbag.BundleDagBag","filename":"dagbag.py","lineno":460}
{"timestamp":"2026-09-03T13:04:04.826483Z","level":"error","event":"Failed to import: /opt/airflow/dags/dag_api_dimension_sync.py","logger":"airflow.dag_processing.importers.python_importer","filename":"python_importer.py","lineno":244,"error_detail":[{"exc_type":"NameError","exc_value":"name 'JSON_transformation' is not defined","exc_notes":[],"syntax_error":null,"is_cause":false,"frames":[{"filename":"/home/airflow/.local/lib/python3.13/site-packages/airflow/dag_processing/importers/python_importer.py","lineno":238,"name":"parse"},{"filename":"<frozen importlib._bootstrap_external>","lineno":1023,"name":"exec_module"},{"filename":"<frozen importlib._bootstrap>","lineno":488,"name":"_call_with_frames_removed"},{"filename":"/opt/airflow/dags/dag_api_dimension_sync.py","lineno":43,"name":"<module>"},{"filename":"/home/airflow/.local/lib/python3.13/site-packages/airflow/sdk/definitions/dag.py","lineno":1696,"name":"factory"},{"filename":"/opt/airflow/dags/dag_api_dimension_sync.py","lineno":41,"name":"API_dimension_sync"}],"is_group":false,"exceptions":[]}]}
{"timestamp":"2026-09-03T13:04:04.829319Z","level":"error","event":"Error loading DAG from dag_api_dimension_sync.py: name 'JSON_transformation' is not defined","logger":"airflow.dag_processing.dagbag.BundleDagBag","filename":"dagbag.py","lineno":319}
{"timestamp":"2026-09-03T13:04:35.057722Z","level":"info","event":"Filling up the DagBag from /opt/airflow/dags/dag_api_dimension_sync.py","logger":"airflow.dag_processing.dagbag.BundleDagBag","filename":"dagbag.py","lineno":460}
{"timestamp":"2026-09-03T13:04:35.500054Z","level":"error","event":"Failed to import: /opt/airflow/dags/dag_api_dimension_sync.py","logger":"airflow.dag_processing.importers.python_importer","filename":"python_importer.py","lineno":244,"error_detail":[{"exc_type":"NameError","exc_value":"name 'JSON_transformation' is not defined","exc_notes":[],"syntax_error":null,"is_cause":false,"frames":[{"filename":"/home/airflow/.local/lib/python3.13/site-packages/airflow/dag_processing/importers/python_importer.py","lineno":238,"name":"parse"},{"filename":"<frozen importlib._bootstrap_external>","lineno":1023,"name":"exec_module"},{"filename":"<frozen importlib._bootstrap>","lineno":488,"name":"_call_with_frames_removed"},{"filename":"/opt/airflow/dags/dag_api_dimension_sync.py","lineno":43,"name":"<module>"},{"filename":"/home/airflow/.local/lib/python3.13/site-packages/airflow/sdk/definitions/dag.py","lineno":1696,"name":"factory"},{"filename":"/opt/airflow/dags/dag_api_dimension_sync.py","lineno":41,"name":"API_dimension_sync"}],"is_group":false,"exceptions":[]}]}
{"timestamp":"2026-09-03T13:04:35.503098Z","level":"error","event":"Error loading DAG from dag_api_dimension_sync.py: name 'JSON_transformation' is not defined","logger":"airflow.dag_processing.dagbag.BundleDagBag","filename":"dagbag.py","lineno":319}
{"timestamp":"2026-09-03T13:05:05.732071Z","level":"info","event":"Filling up the DagBag from /opt/airflow/dags/dag_api_dimension_sync.py","logger":"airflow.dag_processing.dagbag.BundleDagBag","filename":"dagbag.py","lineno":460}
{"timestamp":"2026-09-03T13:05:06.228109Z","level":"error","event":"Failed to import: /opt/airflow/dags/dag_api_dimension_sync.py","logger":"airflow.dag_processing.importers.python_importer","filename":"python_importer.py","lineno":244,"error_detail":[{"exc_type":"NameError","exc_value":"name 'JSON_transformation' is not defined","exc_notes":[],"syntax_error":null,"is_cause":false,"frames":[{"filename":"/home/airflow/.local/lib/python3.13/site-packages/airflow/dag_processing/importers/python_importer.py","lineno":238,"name":"parse"},{"filename":"<frozen importlib._bootstrap_external>","lineno":1023,"name":"exec_module"},{"filename":"<frozen importlib._bootstrap>","lineno":488,"name":"_call_with_frames_removed"},{"filename":"/opt/airflow/dags/dag_api_dimension_sync.py","lineno":43,"name":"<module>"},{"filename":"/home/airflow/.local/lib/python3.13/site-packages/airflow/sdk/definitions/dag.py","lineno":1696,"name":"factory"},{"filename":"/opt/airflow/dags/dag_api_dimension_sync.py","lineno":41,"name":"API_dimension_sync"}],"is_group":false,"exceptions":[]}]}
{"timestamp":"2026-09-03T13:05:06.231292Z","level":"error","event":"Error loading DAG from dag_api_dimension_sync.py: name 'JSON_transformation' is not defined","logger":"airflow.dag_processing.dagbag.BundleDagBag","filename":"dagbag.py","lineno":319}
{"timestamp":"2026-09-03T13:05:36.463513Z","level":"info","event":"Filling up the DagBag from /opt/airflow/dags/dag_api_dimension_sync.py","logger":"airflow.dag_processing.dagbag.BundleDagBag","filename":"dagbag.py","lineno":460}
{"timestamp":"2026-09-03T13:05:36.903930Z","level":"error","event":"Failed to import: /opt/airflow/dags/dag_api_dimension_sync.py","logger":"airflow.dag_processing.importers.python_importer","filename":"python_importer.py","lineno":244,"error_detail":[{"exc_type":"NameError","exc_value":"name 'JSON_transformation' is not defined","exc_notes":[],"syntax_error":null,"is_cause":false,"frames":[{"filename":"/home/airflow/.local/lib/python3.13/site-packages/airflow/dag_processing/importers/python_importer.py","lineno":238,"name":"parse"},{"filename":"<frozen importlib._bootstrap_external>","lineno":1023,"name":"exec_module"},{"filename":"<frozen importlib._bootstrap>","lineno":488,"name":"_call_with_frames_removed"},{"filename":"/opt/airflow/dags/dag_api_dimension_sync.py","lineno":43,"name":"<module>"},{"filename":"/home/airflow/.local/lib/python3.13/site-packages/airflow/sdk/definitions/dag.py","lineno":1696,"name":"factory"},{"filename":"/opt/airflow/dags/dag_api_dimension_sync.py","lineno":41,"name":"API_dimension_sync"}],"is_group":false,"exceptions":[]}]}
{"timestamp":"2026-09-03T13:05:36.907511Z","level":"error","event":"Error loading DAG from dag_api_dimension_sync.py: name 'JSON_transformation' is not defined","logger":"airflow.dag_processing.dagbag.BundleDagBag","filename":"dagbag.py","lineno":319}
{"timestamp":"2026-09-03T13:06:07.141596Z","level":"info","event":"Filling up the DagBag from /opt/airflow/dags/dag_api_dimension_sync.py","logger":"airflow.dag_processing.dagbag.BundleDagBag","filename":"dagbag.py","lineno":460}
{"timestamp":"2026-09-03T13:06:07.567390Z","level":"error","event":"Failed to import: /opt/airflow/dags/dag_api_dimension_sync.py","logger":"airflow.dag_processing.importers.python_importer","filename":"python_importer.py","lineno":244,"error_detail":[{"exc_type":"NameError","exc_value":"name 'JSON_transformation' is not defined","exc_notes":[],"syntax_error":null,"is_cause":false,"frames":[{"filename":"/home/airflow/.local/lib/python3.13/site-packages/airflow/dag_processing/importers/python_importer.py","lineno":238,"name":"parse"},{"filename":"<frozen importlib._bootstrap_external>","lineno":1023,"name":"exec_module"},{"filename":"<frozen importlib._bootstrap>","lineno":488,"name":"_call_with_frames_removed"},{"filename":"/opt/airflow/dags/dag_api_dimension_sync.py","lineno":43,"name":"<module>"},{"filename":"/home/airflow/.local/lib/python3.13/site-packages/airflow/sdk/definitions/dag.py","lineno":1696,"name":"factory"},{"filename":"/opt/airflow/dags/dag_api_dimension_sync.py","lineno":41,"name":"API_dimension_sync"}],"is_group":false,"exceptions":[]}]}
{"timestamp":"2026-09-03T13:06:07.571233Z","level":"error","event":"Error loading DAG from dag_api_dimension_sync.py: name 'JSON_transformation' is not defined","logger":"airflow.dag_processing.dagbag.BundleDagBag","filename":"dagbag.py","lineno":319}
{"timestamp":"2026-09-03T13:06:37.790430Z","level":"info","event":"Filling up the DagBag from /opt/airflow/dags/dag_api_dimension_sync.py","logger":"airflow.dag_processing.dagbag.BundleDagBag","filename":"dagbag.py","lineno":460}
{"timestamp":"2026-09-03T13:06:38.279597Z","level":"error","event":"Failed to import: /opt/airflow/dags/dag_api_dimension_sync.py","logger":"airflow.dag_processing.importers.python_importer","filename":"python_importer.py","lineno":244,"error_detail":[{"exc_type":"NameError","exc_value":"name 'JSON_transformation' is not defined","exc_notes":[],"syntax_error":null,"is_cause":false,"frames":[{"filename":"/home/airflow/.local/lib/python3.13/site-packages/airflow/dag_processing/importers/python_importer.py","lineno":238,"name":"parse"},{"filename":"<frozen importlib._bootstrap_external>","lineno":1023,"name":"exec_module"},{"filename":"<frozen importlib._bootstrap>","lineno":488,"name":"_call_with_frames_removed"},{"filename":"/opt/airflow/dags/dag_api_dimension_sync.py","lineno":43,"name":"<module>"},{"filename":"/home/airflow/.local/lib/python3.13/site-packages/airflow/sdk/definitions/dag.py","lineno":1696,"name":"factory"},{"filename":"/opt/airflow/dags/dag_api_dimension_sync.py","lineno":41,"name":"API_dimension_sync"}],"is_group":false,"exceptions":[]}]}
{"timestamp":"2026-09-03T13:06:38.283016Z","level":"error","event":"Error loading DAG from dag_api_dimension_sync.py: name 'JSON_transformation' is not defined","logger":"airflow.dag_processing.dagbag.BundleDagBag","filename":"dagbag.py","lineno":319}
{"timestamp":"2026-09-03T13:07:08.509474Z","level":"info","event":"Filling up the DagBag from /opt/airflow/dags/dag_api_dimension_sync.py","logger":"airflow.dag_processing.dagbag.BundleDagBag","filename":"dagbag.py","lineno":460}
{"timestamp":"2026-09-03T13:07:08.940236Z","level":"error","event":"Failed to import: /opt/airflow/dags/dag_api_dimension_sync.py","logger":"airflow.dag_processing.importers.python_importer","filename":"python_importer.py","lineno":244,"error_detail":[{"exc_type":"NameError","exc_value":"name 'JSON_transformation' is not defined","exc_notes":[],"syntax_error":null,"is_cause":false,"frames":[{"filename":"/home/airflow/.local/lib/python3.13/site-packages/airflow/dag_processing/importers/python_importer.py","lineno":238,"name":"parse"},{"filename":"<frozen importlib._bootstrap_external>","lineno":1023,"name":"exec_module"},{"filename":"<frozen importlib._bootstrap>","lineno":488,"name":"_call_with_frames_removed"},{"filename":"/opt/airflow/dags/dag_api_dimension_sync.py","lineno":43,"name":"<module>"},{"filename":"/home/airflow/.local/lib/python3.13/site-packages/airflow/sdk/definitions/dag.py","lineno":1696,"name":"factory"},{"filename":"/opt/airflow/dags/dag_api_dimension_sync.py","lineno":41,"name":"API_dimension_sync"}],"is_group":false,"exceptions":[]}]}
{"timestamp":"2026-09-03T13:07:08.943652Z","level":"error","event":"Error loading DAG from dag_api_dimension_sync.py: name 'JSON_transformation' is not defined","logger":"airflow.dag_processing.dagbag.BundleDagBag","filename":"dagbag.py","lineno":319}
{"timestamp":"2026-09-03T13:07:39.171722Z","level":"info","event":"Filling up the DagBag from /opt/airflow/dags/dag_api_dimension_sync.py","logger":"airflow.dag_processing.dagbag.BundleDagBag","filename":"dagbag.py","lineno":460}
{"timestamp":"2026-09-03T13:07:39.595885Z","level":"error","event":"Failed to import: /opt/airflow/dags/dag_api_dimension_sync.py","logger":"airflow.dag_processing.importers.python_importer","filename":"python_importer.py","lineno":244,"error_detail":[{"exc_type":"NameError","exc_value":"name 'JSON_transformation' is not defined","exc_notes":[],"syntax_error":null,"is_cause":false,"frames":[{"filename":"/home/airflow/.local/lib/python3.13/site-packages/airflow/dag_processing/importers/python_importer.py","lineno":238,"name":"parse"},{"filename":"<frozen importlib._bootstrap_external>","lineno":1023,"name":"exec_module"},{"filename":"<frozen importlib._bootstrap>","lineno":488,"name":"_call_with_frames_removed"},{"filename":"/opt/airflow/dags/dag_api_dimension_sync.py","lineno":43,"name":"<module>"},{"filename":"/home/airflow/.local/lib/python3.13/site-packages/airflow/sdk/definitions/dag.py","lineno":1696,"name":"factory"},{"filename":"/opt/airflow/dags/dag_api_dimension_sync.py","lineno":41,"name":"API_dimension_sync"}],"is_group":false,"exceptions":[]}]}
{"timestamp":"2026-09-03T13:07:39.599290Z","level":"error","event":"Error loading DAG from dag_api_dimension_sync.py: name 'JSON_transformation' is not defined","logger":"airflow.dag_processing.dagbag.BundleDagBag","filename":"dagbag.py","lineno":319}
{"timestamp":"2026-09-03T13:08:09.826741Z","level":"info","event":"Filling up the DagBag from /opt/airflow/dags/dag_api_dimension_sync.py","logger":"airflow.dag_processing.dagbag.BundleDagBag","filename":"dagbag.py","lineno":460}
{"timestamp":"2026-09-03T13:08:10.261300Z","level":"error","event":"Failed to import: /opt/airflow/dags/dag_api_dimension_sync.py","logger":"airflow.dag_processing.importers.python_importer","filename":"python_importer.py","lineno":244,"error_detail":[{"exc_type":"NameError","exc_value":"name 'JSON_transformation' is not defined","exc_notes":[],"syntax_error":null,"is_cause":false,"frames":[{"filename":"/home/airflow/.local/lib/python3.13/site-packages/airflow/dag_processing/importers/python_importer.py","lineno":238,"name":"parse"},{"filename":"<frozen importlib._bootstrap_external>","lineno":1023,"name":"exec_module"},{"filename":"<frozen importlib._bootstrap>","lineno":488,"name":"_call_with_frames_removed"},{"filename":"/opt/airflow/dags/dag_api_dimension_sync.py","lineno":43,"name":"<module>"},{"filename":"/home/airflow/.local/lib/python3.13/site-packages/airflow/sdk/definitions/dag.py","lineno":1696,"name":"factory"},{"filename":"/opt/airflow/dags/dag_api_dimension_sync.py","lineno":41,"name":"API_dimension_sync"}],"is_group":false,"exceptions":[]}]}
{"timestamp":"2026-09-03T13:08:10.264682Z","level":"error","event":"Error loading DAG from dag_api_dimension_sync.py: name 'JSON_transformation' is not defined","logger":"airflow.dag_processing.dagbag.BundleDagBag","filename":"dagbag.py","lineno":319}
{"timestamp":"2026-09-03T13:08:40.505127Z","level":"info","event":"Filling up the DagBag from /opt/airflow/dags/dag_api_dimension_sync.py","logger":"airflow.dag_processing.dagbag.BundleDagBag","filename":"dagbag.py","lineno":460}
{"timestamp":"2026-09-03T13:08:40.924432Z","level":"error","event":"Failed to import: /opt/airflow/dags/dag_api_dimension_sync.py","logger":"airflow.dag_processing.importers.python_importer","filename":"python_importer.py","lineno":244,"error_detail":[{"exc_type":"NameError","exc_value":"name 'JSON_transformation' is not defined","exc_notes":[],"syntax_error":null,"is_cause":false,"frames":[{"filename":"/home/airflow/.local/lib/python3.13/site-packages/airflow/dag_processing/importers/python_importer.py","lineno":238,"name":"parse"},{"filename":"<frozen importlib._bootstrap_external>","lineno":1023,"name":"exec_module"},{"filename":"<frozen importlib._bootstrap>","lineno":488,"name":"_call_with_frames_removed"},{"filename":"/opt/airflow/dags/dag_api_dimension_sync.py","lineno":43,"name":"<module>"},{"filename":"/home/airflow/.local/lib/python3.13/site-packages/airflow/sdk/definitions/dag.py","lineno":1696,"name":"factory"},{"filename":"/opt/airflow/dags/dag_api_dimension_sync.py","lineno":41,"name":"API_dimension_sync"}],"is_group":false,"exceptions":[]}]}
{"timestamp":"2026-09-03T13:08:40.928768Z","level":"error","event":"Error loading DAG from dag_api_dimension_sync.py: name 'JSON_transformation' is not defined","logger":"airflow.dag_processing.dagbag.BundleDagBag","filename":"dagbag.py","lineno":319}
{"timestamp":"2026-09-03T13:09:11.145793Z","level":"info","event":"Filling up the DagBag from /opt/airflow/dags/dag_api_dimension_sync.py","logger":"airflow.dag_processing.dagbag.BundleDagBag","filename":"dagbag.py","lineno":460}
{"timestamp":"2026-09-03T13:09:11.562696Z","level":"error","event":"Failed to import: /opt/airflow/dags/dag_api_dimension_sync.py","logger":"airflow.dag_processing.importers.python_importer","filename":"python_importer.py","lineno":244,"error_detail":[{"exc_type":"NameError","exc_value":"name 'JSON_transformation' is not defined","exc_notes":[],"syntax_error":null,"is_cause":false,"frames":[{"filename":"/home/airflow/.local/lib/python3.13/site-packages/airflow/dag_processing/importers/python_importer.py","lineno":238,"name":"parse"},{"filename":"<frozen importlib._bootstrap_external>","lineno":1023,"name":"exec_module"},{"filename":"<frozen importlib._bootstrap>","lineno":488,"name":"_call_with_frames_removed"},{"filename":"/opt/airflow/dags/dag_api_dimension_sync.py","lineno":43,"name":"<module>"},{"filename":"/home/airflow/.local/lib/python3.13/site-packages/airflow/sdk/definitions/dag.py","lineno":1696,"name":"factory"},{"filename":"/opt/airflow/dags/dag_api_dimension_sync.py","lineno":41,"name":"API_dimension_sync"}],"is_group":false,"exceptions":[]}]}
{"timestamp":"2026-09-03T13:09:11.565868Z","level":"error","event":"Error loading DAG from dag_api_dimension_sync.py: name 'JSON_transformation' is not defined","logger":"airflow.dag_processing.dagbag.BundleDagBag","filename":"dagbag.py","lineno":319}
{"timestamp":"2026-09-03T13:09:41.788711Z","level":"info","event":"Filling up the DagBag from /opt/airflow/dags/dag_api_dimension_sync.py","logger":"airflow.dag_processing.dagbag.BundleDagBag","filename":"dagbag.py","lineno":460}
{"timestamp":"2026-09-03T13:09:42.215034Z","level":"error","event":"Failed to import: /opt/airflow/dags/dag_api_dimension_sync.py","logger":"airflow.dag_processing.importers.python_importer","filename":"python_importer.py","lineno":244,"error_detail":[{"exc_type":"NameError","exc_value":"name 'JSON_transformation' is not defined","exc_notes":[],"syntax_error":null,"is_cause":false,"frames":[{"filename":"/home/airflow/.local/lib/python3.13/site-packages/airflow/dag_processing/importers/python_importer.py","lineno":238,"name":"parse"},{"filename":"<frozen importlib._bootstrap_external>","lineno":1023,"name":"exec_module"},{"filename":"<frozen importlib._bootstrap>","lineno":488,"name":"_call_with_frames_removed"},{"filename":"/opt/airflow/dags/dag_api_dimension_sync.py","lineno":43,"name":"<module>"},{"filename":"/home/airflow/.local/lib/python3.13/site-packages/airflow/sdk/definitions/dag.py","lineno":1696,"name":"factory"},{"filename":"/opt/airflow/dags/dag_api_dimension_sync.py","lineno":41,"name":"API_dimension_sync"}],"is_group":false,"exceptions":[]}]}
{"timestamp":"2026-09-03T13:09:42.218112Z","level":"error","event":"Error loading DAG from dag_api_dimension_sync.py: name 'JSON_transformation' is not defined","logger":"airflow.dag_processing.dagbag.BundleDagBag","filename":"dagbag.py","lineno":319}
{"timestamp":"2026-09-03T13:10:12.438955Z","level":"info","event":"Filling up the DagBag from /opt/airflow/dags/dag_api_dimension_sync.py","logger":"airflow.dag_processing.dagbag.BundleDagBag","filename":"dagbag.py","lineno":460}
{"timestamp":"2026-09-03T13:10:12.874956Z","level":"error","event":"Failed to import: /opt/airflow/dags/dag_api_dimension_sync.py","logger":"airflow.dag_processing.importers.python_importer","filename":"python_importer.py","lineno":244,"error_detail":[{"exc_type":"NameError","exc_value":"name 'JSON_transformation' is not defined","exc_notes":[],"syntax_error":null,"is_cause":false,"frames":[{"filename":"/home/airflow/.local/lib/python3.13/site-packages/airflow/dag_processing/importers/python_importer.py","lineno":238,"name":"parse"},{"filename":"<frozen importlib._bootstrap_external>","lineno":1023,"name":"exec_module"},{"filename":"<frozen importlib._bootstrap>","lineno":488,"name":"_call_with_frames_removed"},{"filename":"/opt/airflow/dags/dag_api_dimension_sync.py","lineno":43,"name":"<module>"},{"filename":"/home/airflow/.local/lib/python3.13/site-packages/airflow/sdk/definitions/dag.py","lineno":1696,"name":"factory"},{"filename":"/opt/airflow/dags/dag_api_dimension_sync.py","lineno":41,"name":"API_dimension_sync"}],"is_group":false,"exceptions":[]}]}
{"timestamp":"2026-09-03T13:10:12.878051Z","level":"error","event":"Error loading DAG from dag_api_dimension_sync.py: name 'JSON_transformation' is not defined","logger":"airflow.dag_processing.dagbag.BundleDagBag","filename":"dagbag.py","lineno":319}
{"timestamp":"2026-09-03T13:10:43.093270Z","level":"info","event":"Filling up the DagBag from /opt/airflow/dags/dag_api_dimension_sync.py","logger":"airflow.dag_processing.dagbag.BundleDagBag","filename":"dagbag.py","lineno":460}
{"timestamp":"2026-09-03T13:10:43.545117Z","level":"error","event":"Failed to import: /opt/airflow/dags/dag_api_dimension_sync.py","logger":"airflow.dag_processing.importers.python_importer","filename":"python_importer.py","lineno":244,"error_detail":[{"exc_type":"NameError","exc_value":"name 'JSON_transformation' is not defined","exc_notes":[],"syntax_error":null,"is_cause":false,"frames":[{"filename":"/home/airflow/.local/lib/python3.13/site-packages/airflow/dag_processing/importers/python_importer.py","lineno":238,"name":"parse"},{"filename":"<frozen importlib._bootstrap_external>","lineno":1023,"name":"exec_module"},{"filename":"<frozen importlib._bootstrap>","lineno":488,"name":"_call_with_frames_removed"},{"filename":"/opt/airflow/dags/dag_api_dimension_sync.py","lineno":43,"name":"<module>"},{"filename":"/home/airflow/.local/lib/python3.13/site-packages/airflow/sdk/definitions/dag.py","lineno":1696,"name":"factory"},{"filename":"/opt/airflow/dags/dag_api_dimension_sync.py","lineno":41,"name":"API_dimension_sync"}],"is_group":false,"exceptions":[]}]}
{"timestamp":"2026-09-03T13:10:43.548249Z","level":"error","event":"Error loading DAG from dag_api_dimension_sync.py: name 'JSON_transformation' is not defined","logger":"airflow.dag_processing.dagbag.BundleDagBag","filename":"dagbag.py","lineno":319}
{"timestamp":"2026-09-03T13:11:13.791525Z","level":"info","event":"Filling up the DagBag from /opt/airflow/dags/dag_api_dimension_sync.py","logger":"airflow.dag_processing.dagbag.BundleDagBag","filename":"dagbag.py","lineno":460}
{"timestamp":"2026-09-03T13:11:14.260978Z","level":"error","event":"Failed to import: /opt/airflow/dags/dag_api_dimension_sync.py","logger":"airflow.dag_processing.importers.python_importer","filename":"python_importer.py","lineno":244,"error_detail":[{"exc_type":"NameError","exc_value":"name 'JSON_transformation' is not defined","exc_notes":[],"syntax_error":null,"is_cause":false,"frames":[{"filename":"/home/airflow/.local/lib/python3.13/site-packages/airflow/dag_processing/importers/python_importer.py","lineno":238,"name":"parse"},{"filename":"<frozen importlib._bootstrap_external>","lineno":1023,"name":"exec_module"},{"filename":"<frozen importlib._bootstrap>","lineno":488,"name":"_call_with_frames_removed"},{"filename":"/opt/airflow/dags/dag_api_dimension_sync.py","lineno":43,"name":"<module>"},{"filename":"/home/airflow/.local/lib/python3.13/site-packages/airflow/sdk/definitions/dag.py","lineno":1696,"name":"factory"},{"filename":"/opt/airflow/dags/dag_api_dimension_sync.py","lineno":41,"name":"API_dimension_sync"}],"is_group":false,"exceptions":[]}]}
{"timestamp":"2026-09-03T13:11:14.263981Z","level":"error","event":"Error loading DAG from dag_api_dimension_sync.py: name 'JSON_transformation' is not defined","logger":"airflow.dag_processing.dagbag.BundleDagBag","filename":"dagbag.py","lineno":319}
{"timestamp":"2026-09-03T13:11:44.484370Z","level":"info","event":"Filling up the DagBag from /opt/airflow/dags/dag_api_dimension_sync.py","logger":"airflow.dag_processing.dagbag.BundleDagBag","filename":"dagbag.py","lineno":460}
{"timestamp":"2026-09-03T13:11:44.930501Z","level":"error","event":"Failed to import: /opt/airflow/dags/dag_api_dimension_sync.py","logger":"airflow.dag_processing.importers.python_importer","filename":"python_importer.py","lineno":244,"error_detail":[{"exc_type":"NameError","exc_value":"name 'JSON_transformation' is not defined","exc_notes":[],"syntax_error":null,"is_cause":false,"frames":[{"filename":"/home/airflow/.local/lib/python3.13/site-packages/airflow/dag_processing/importers/python_importer.py","lineno":238,"name":"parse"},{"filename":"<frozen importlib._bootstrap_external>","lineno":1023,"name":"exec_module"},{"filename":"<frozen importlib._bootstrap>","lineno":488,"name":"_call_with_frames_removed"},{"filename":"/opt/airflow/dags/dag_api_dimension_sync.py","lineno":43,"name":"<module>"},{"filename":"/home/airflow/.local/lib/python3.13/site-packages/airflow/sdk/definitions/dag.py","lineno":1696,"name":"factory"},{"filename":"/opt/airflow/dags/dag_api_dimension_sync.py","lineno":41,"name":"API_dimension_sync"}],"is_group":false,"exceptions":[]}]}
{"timestamp":"2026-09-03T13:11:44.933463Z","level":"error","event":"Error loading DAG from dag_api_dimension_sync.py: name 'JSON_transformation' is not defined","logger":"airflow.dag_processing.dagbag.BundleDagBag","filename":"dagbag.py","lineno":319}
{"timestamp":"2026-09-03T13:12:15.163313Z","level":"info","event":"Filling up the DagBag from /opt/airflow/dags/dag_api_dimension_sync.py","logger":"airflow.dag_processing.dagbag.BundleDagBag","filename":"dagbag.py","lineno":460}
{"timestamp":"2026-09-03T13:12:15.589497Z","level":"error","event":"Failed to import: /opt/airflow/dags/dag_api_dimension_sync.py","logger":"airflow.dag_processing.importers.python_importer","filename":"python_importer.py","lineno":244,"error_detail":[{"exc_type":"NameError","exc_value":"name 'JSON_transformation' is not defined","exc_notes":[],"syntax_error":null,"is_cause":false,"frames":[{"filename":"/home/airflow/.local/lib/python3.13/site-packages/airflow/dag_processing/importers/python_importer.py","lineno":238,"name":"parse"},{"filename":"<frozen importlib._bootstrap_external>","lineno":1023,"name":"exec_module"},{"filename":"<frozen importlib._bootstrap>","lineno":488,"name":"_call_with_frames_removed"},{"filename":"/opt/airflow/dags/dag_api_dimension_sync.py","lineno":43,"name":"<module>"},{"filename":"/home/airflow/.local/lib/python3.13/site-packages/airflow/sdk/definitions/dag.py","lineno":1696,"name":"factory"},{"filename":"/opt/airflow/dags/dag_api_dimension_sync.py","lineno":41,"name":"API_dimension_sync"}],"is_group":false,"exceptions":[]}]}
{"timestamp":"2026-09-03T13:12:15.592876Z","level":"error","event":"Error loading DAG from dag_api_dimension_sync.py: name 'JSON_transformation' is not defined","logger":"airflow.dag_processing.dagbag.BundleDagBag","filename":"dagbag.py","lineno":319}
{"timestamp":"2026-09-03T13:12:45.817266Z","level":"info","event":"Filling up the DagBag from /opt/airflow/dags/dag_api_dimension_sync.py","logger":"airflow.dag_processing.dagbag.BundleDagBag","filename":"dagbag.py","lineno":460}
{"timestamp":"2026-09-03T13:12:46.272654Z","level":"error","event":"Failed to import: /opt/airflow/dags/dag_api_dimension_sync.py","logger":"airflow.dag_processing.importers.python_importer","filename":"python_importer.py","lineno":244,"error_detail":[{"exc_type":"NameError","exc_value":"name 'JSON_transformation' is not defined","exc_notes":[],"syntax_error":null,"is_cause":false,"frames":[{"filename":"/home/airflow/.local/lib/python3.13/site-packages/airflow/dag_processing/importers/python_importer.py","lineno":238,"name":"parse"},{"filename":"<frozen importlib._bootstrap_external>","lineno":1023,"name":"exec_module"},{"filename":"<frozen importlib._bootstrap>","lineno":488,"name":"_call_with_frames_removed"},{"filename":"/opt/airflow/dags/dag_api_dimension_sync.py","lineno":43,"name":"<module>"},{"filename":"/home/airflow/.local/lib/python3.13/site-packages/airflow/sdk/definitions/dag.py","lineno":1696,"name":"factory"},{"filename":"/opt/airflow/dags/dag_api_dimension_sync.py","lineno":41,"name":"API_dimension_sync"}],"is_group":false,"exceptions":[]}]}
{"timestamp":"2026-09-03T13:12:46.275824Z","level":"error","event":"Error loading DAG from dag_api_dimension_sync.py: name 'JSON_transformation' is not defined","logger":"airflow.dag_processing.dagbag.BundleDagBag","filename":"dagbag.py","lineno":319}
{"timestamp":"2026-09-03T13:13:16.503247Z","level":"info","event":"Filling up the DagBag from /opt/airflow/dags/dag_api_dimension_sync.py","logger":"airflow.dag_processing.dagbag.BundleDagBag","filename":"dagbag.py","lineno":460}
{"timestamp":"2026-09-03T13:13:16.985997Z","level":"error","event":"Failed to import: /opt/airflow/dags/dag_api_dimension_sync.py","logger":"airflow.dag_processing.importers.python_importer","filename":"python_importer.py","lineno":244,"error_detail":[{"exc_type":"NameError","exc_value":"name 'JSON_transformation' is not defined","exc_notes":[],"syntax_error":null,"is_cause":false,"frames":[{"filename":"/home/airflow/.local/lib/python3.13/site-packages/airflow/dag_processing/importers/python_importer.py","lineno":238,"name":"parse"},{"filename":"<frozen importlib._bootstrap_external>","lineno":1023,"name":"exec_module"},{"filename":"<frozen importlib._bootstrap>","lineno":488,"name":"_call_with_frames_removed"},{"filename":"/opt/airflow/dags/dag_api_dimension_sync.py","lineno":43,"name":"<module>"},{"filename":"/home/airflow/.local/lib/python3.13/site-packages/airflow/sdk/definitions/dag.py","lineno":1696,"name":"factory"},{"filename":"/opt/airflow/dags/dag_api_dimension_sync.py","lineno":41,"name":"API_dimension_sync"}],"is_group":false,"exceptions":[]}]}
{"timestamp":"2026-09-03T13:13:16.990116Z","level":"error","event":"Error loading DAG from dag_api_dimension_sync.py: name 'JSON_transformation' is not defined","logger":"airflow.dag_processing.dagbag.BundleDagBag","filename":"dagbag.py","lineno":319}
{"timestamp":"2026-09-03T13:13:47.218792Z","level":"info","event":"Filling up the DagBag from /opt/airflow/dags/dag_api_dimension_sync.py","logger":"airflow.dag_processing.dagbag.BundleDagBag","filename":"dagbag.py","lineno":460}
{"timestamp":"2026-09-03T13:13:47.727229Z","level":"error","event":"Failed to import: /opt/airflow/dags/dag_api_dimension_sync.py","logger":"airflow.dag_processing.importers.python_importer","filename":"python_importer.py","lineno":244,"error_detail":[{"exc_type":"NameError","exc_value":"name 'JSON_transformation' is not defined","exc_notes":[],"syntax_error":null,"is_cause":false,"frames":[{"filename":"/home/airflow/.local/lib/python3.13/site-packages/airflow/dag_processing/importers/python_importer.py","lineno":238,"name":"parse"},{"filename":"<frozen importlib._bootstrap_external>","lineno":1023,"name":"exec_module"},{"filename":"<frozen importlib._bootstrap>","lineno":488,"name":"_call_with_frames_removed"},{"filename":"/opt/airflow/dags/dag_api_dimension_sync.py","lineno":43,"name":"<module>"},{"filename":"/home/airflow/.local/lib/python3.13/site-packages/airflow/sdk/definitions/dag.py","lineno":1696,"name":"factory"},{"filename":"/opt/airflow/dags/dag_api_dimension_sync.py","lineno":41,"name":"API_dimension_sync"}],"is_group":false,"exceptions":[]}]}
{"timestamp":"2026-09-03T13:13:47.731180Z","level":"error","event":"Error loading DAG from dag_api_dimension_sync.py: name 'JSON_transformation' is not defined","logger":"airflow.dag_processing.dagbag.BundleDagBag","filename":"dagbag.py","lineno":319}
{"timestamp":"2026-09-03T13:14:17.955797Z","level":"info","event":"Filling up the DagBag from /opt/airflow/dags/dag_api_dimension_sync.py","logger":"airflow.dag_processing.dagbag.BundleDagBag","filename":"dagbag.py","lineno":460}
{"timestamp":"2026-09-03T13:14:18.441858Z","level":"error","event":"Failed to import: /opt/airflow/dags/dag_api_dimension_sync.py","logger":"airflow.dag_processing.importers.python_importer","filename":"python_importer.py","lineno":244,"error_detail":[{"exc_type":"NameError","exc_value":"name 'JSON_transformation' is not defined","exc_notes":[],"syntax_error":null,"is_cause":false,"frames":[{"filename":"/home/airflow/.local/lib/python3.13/site-packages/airflow/dag_processing/importers/python_importer.py","lineno":238,"name":"parse"},{"filename":"<frozen importlib._bootstrap_external>","lineno":1023,"name":"exec_module"},{"filename":"<frozen importlib._bootstrap>","lineno":488,"name":"_call_with_frames_removed"},{"filename":"/opt/airflow/dags/dag_api_dimension_sync.py","lineno":43,"name":"<module>"},{"filename":"/home/airflow/.local/lib/python3.13/site-packages/airflow/sdk/definitions/dag.py","lineno":1696,"name":"factory"},{"filename":"/opt/airflow/dags/dag_api_dimension_sync.py","lineno":41,"name":"API_dimension_sync"}],"is_group":false,"exceptions":[]}]}
{"timestamp":"2026-09-03T13:14:18.447264Z","level":"error","event":"Error loading DAG from dag_api_dimension_sync.py: name 'JSON_transformation' is not defined","logger":"airflow.dag_processing.dagbag.BundleDagBag","filename":"dagbag.py","lineno":319}
{"timestamp":"2026-09-03T13:14:48.672681Z","level":"info","event":"Filling up the DagBag from /opt/airflow/dags/dag_api_dimension_sync.py","logger":"airflow.dag_processing.dagbag.BundleDagBag","filename":"dagbag.py","lineno":460}
{"timestamp":"2026-09-03T13:14:49.125509Z","level":"error","event":"Failed to import: /opt/airflow/dags/dag_api_dimension_sync.py","logger":"airflow.dag_processing.importers.python_importer","filename":"python_importer.py","lineno":244,"error_detail":[{"exc_type":"NameError","exc_value":"name 'JSON_transformation' is not defined","exc_notes":[],"syntax_error":null,"is_cause":false,"frames":[{"filename":"/home/airflow/.local/lib/python3.13/site-packages/airflow/dag_processing/importers/python_importer.py","lineno":238,"name":"parse"},{"filename":"<frozen importlib._bootstrap_external>","lineno":1023,"name":"exec_module"},{"filename":"<frozen importlib._bootstrap>","lineno":488,"name":"_call_with_frames_removed"},{"filename":"/opt/airflow/dags/dag_api_dimension_sync.py","lineno":43,"name":"<module>"},{"filename":"/home/airflow/.local/lib/python3.13/site-packages/airflow/sdk/definitions/dag.py","lineno":1696,"name":"factory"},{"filename":"/opt/airflow/dags/dag_api_dimension_sync.py","lineno":41,"name":"API_dimension_sync"}],"is_group":false,"exceptions":[]}]}
{"timestamp":"2026-09-03T13:14:49.129532Z","level":"error","event":"Error loading DAG from dag_api_dimension_sync.py: name 'JSON_transformation' is not defined","logger":"airflow.dag_processing.dagbag.BundleDagBag","filename":"dagbag.py","lineno":319}
{"timestamp":"2026-09-03T13:15:19.352824Z","level":"info","event":"Filling up the DagBag from /opt/airflow/dags/dag_api_dimension_sync.py","logger":"airflow.dag_processing.dagbag.BundleDagBag","filename":"dagbag.py","lineno":460}
{"timestamp":"2026-09-03T13:15:19.816428Z","level":"error","event":"Failed to import: /opt/airflow/dags/dag_api_dimension_sync.py","logger":"airflow.dag_processing.importers.python_importer","filename":"python_importer.py","lineno":244,"error_detail":[{"exc_type":"NameError","exc_value":"name 'JSON_transformation' is not defined","exc_notes":[],"syntax_error":null,"is_cause":false,"frames":[{"filename":"/home/airflow/.local/lib/python3.13/site-packages/airflow/dag_processing/importers/python_importer.py","lineno":238,"name":"parse"},{"filename":"<frozen importlib._bootstrap_external>","lineno":1023,"name":"exec_module"},{"filename":"<frozen importlib._bootstrap>","lineno":488,"name":"_call_with_frames_removed"},{"filename":"/opt/airflow/dags/dag_api_dimension_sync.py","lineno":43,"name":"<module>"},{"filename":"/home/airflow/.local/lib/python3.13/site-packages/airflow/sdk/definitions/dag.py","lineno":1696,"name":"factory"},{"filename":"/opt/airflow/dags/dag_api_dimension_sync.py","lineno":41,"name":"API_dimension_sync"}],"is_group":false,"exceptions":[]}]}
{"timestamp":"2026-09-03T13:15:19.819297Z","level":"error","event":"Error loading DAG from dag_api_dimension_sync.py: name 'JSON_transformation' is not defined","logger":"airflow.dag_processing.dagbag.BundleDagBag","filename":"dagbag.py","lineno":319}
{"timestamp":"2026-09-03T13:15:50.042768Z","level":"info","event":"Filling up the DagBag from /opt/airflow/dags/dag_api_dimension_sync.py","logger":"airflow.dag_processing.dagbag.BundleDagBag","filename":"dagbag.py","lineno":460}
{"timestamp":"2026-09-03T13:15:50.482671Z","level":"error","event":"Failed to import: /opt/airflow/dags/dag_api_dimension_sync.py","logger":"airflow.dag_processing.importers.python_importer","filename":"python_importer.py","lineno":244,"error_detail":[{"exc_type":"NameError","exc_value":"name 'JSON_transformation' is not defined","exc_notes":[],"syntax_error":null,"is_cause":false,"frames":[{"filename":"/home/airflow/.local/lib/python3.13/site-packages/airflow/dag_processing/importers/python_importer.py","lineno":238,"name":"parse"},{"filename":"<frozen importlib._bootstrap_external>","lineno":1023,"name":"exec_module"},{"filename":"<frozen importlib._bootstrap>","lineno":488,"name":"_call_with_frames_removed"},{"filename":"/opt/airflow/dags/dag_api_dimension_sync.py","lineno":43,"name":"<module>"},{"filename":"/home/airflow/.local/lib/python3.13/site-packages/airflow/sdk/definitions/dag.py","lineno":1696,"name":"factory"},{"filename":"/opt/airflow/dags/dag_api_dimension_sync.py","lineno":41,"name":"API_dimension_sync"}],"is_group":false,"exceptions":[]}]}
{"timestamp":"2026-09-03T13:15:50.488880Z","level":"error","event":"Error loading DAG from dag_api_dimension_sync.py: name 'JSON_transformation' is not defined","logger":"airflow.dag_processing.dagbag.BundleDagBag","filename":"dagbag.py","lineno":319}
{"timestamp":"2026-09-03T13:16:20.715995Z","level":"info","event":"Filling up the DagBag from /opt/airflow/dags/dag_api_dimension_sync.py","logger":"airflow.dag_processing.dagbag.BundleDagBag","filename":"dagbag.py","lineno":460}
{"timestamp":"2026-09-03T13:16:21.131390Z","level":"error","event":"Failed to import: /opt/airflow/dags/dag_api_dimension_sync.py","logger":"airflow.dag_processing.importers.python_importer","filename":"python_importer.py","lineno":244,"error_detail":[{"exc_type":"NameError","exc_value":"name 'JSON_transformation' is not defined","exc_notes":[],"syntax_error":null,"is_cause":false,"frames":[{"filename":"/home/airflow/.local/lib/python3.13/site-packages/airflow/dag_processing/importers/python_importer.py","lineno":238,"name":"parse"},{"filename":"<frozen importlib._bootstrap_external>","lineno":1023,"name":"exec_module"},{"filename":"<frozen importlib._bootstrap>","lineno":488,"name":"_call_with_frames_removed"},{"filename":"/opt/airflow/dags/dag_api_dimension_sync.py","lineno":43,"name":"<module>"},{"filename":"/home/airflow/.local/lib/python3.13/site-packages/airflow/sdk/definitions/dag.py","lineno":1696,"name":"factory"},{"filename":"/opt/airflow/dags/dag_api_dimension_sync.py","lineno":41,"name":"API_dimension_sync"}],"is_group":false,"exceptions":[]}]}
{"timestamp":"2026-09-03T13:16:21.136468Z","level":"error","event":"Error loading DAG from dag_api_dimension_sync.py: name 'JSON_transformation' is not defined","logger":"airflow.dag_processing.dagbag.BundleDagBag","filename":"dagbag.py","lineno":319}
{"timestamp":"2026-09-03T13:16:51.359839Z","level":"info","event":"Filling up the DagBag from /opt/airflow/dags/dag_api_dimension_sync.py","logger":"airflow.dag_processing.dagbag.BundleDagBag","filename":"dagbag.py","lineno":460}
{"timestamp":"2026-09-03T13:16:51.791303Z","level":"error","event":"Failed to import: /opt/airflow/dags/dag_api_dimension_sync.py","logger":"airflow.dag_processing.importers.python_importer","filename":"python_importer.py","lineno":244,"error_detail":[{"exc_type":"NameError","exc_value":"name 'JSON_transformation' is not defined","exc_notes":[],"syntax_error":null,"is_cause":false,"frames":[{"filename":"/home/airflow/.local/lib/python3.13/site-packages/airflow/dag_processing/importers/python_importer.py","lineno":238,"name":"parse"},{"filename":"<frozen importlib._bootstrap_external>","lineno":1023,"name":"exec_module"},{"filename":"<frozen importlib._bootstrap>","lineno":488,"name":"_call_with_frames_removed"},{"filename":"/opt/airflow/dags/dag_api_dimension_sync.py","lineno":43,"name":"<module>"},{"filename":"/home/airflow/.local/lib/python3.13/site-packages/airflow/sdk/definitions/dag.py","lineno":1696,"name":"factory"},{"filename":"/opt/airflow/dags/dag_api_dimension_sync.py","lineno":41,"name":"API_dimension_sync"}],"is_group":false,"exceptions":[]}]}
{"timestamp":"2026-09-03T13:16:51.795424Z","level":"error","event":"Error loading DAG from dag_api_dimension_sync.py: name 'JSON_transformation' is not defined","logger":"airflow.dag_processing.dagbag.BundleDagBag","filename":"dagbag.py","lineno":319}
{"timestamp":"2026-09-03T13:17:22.020924Z","level":"info","event":"Filling up the DagBag from /opt/airflow/dags/dag_api_dimension_sync.py","logger":"airflow.dag_processing.dagbag.BundleDagBag","filename":"dagbag.py","lineno":460}
{"timestamp":"2026-09-03T13:17:22.466569Z","level":"error","event":"Failed to import: /opt/airflow/dags/dag_api_dimension_sync.py","logger":"airflow.dag_processing.importers.python_importer","filename":"python_importer.py","lineno":244,"error_detail":[{"exc_type":"NameError","exc_value":"name 'JSON_transformation' is not defined","exc_notes":[],"syntax_error":null,"is_cause":false,"frames":[{"filename":"/home/airflow/.local/lib/python3.13/site-packages/airflow/dag_processing/importers/python_importer.py","lineno":238,"name":"parse"},{"filename":"<frozen importlib._bootstrap_external>","lineno":1023,"name":"exec_module"},{"filename":"<frozen importlib._bootstrap>","lineno":488,"name":"_call_with_frames_removed"},{"filename":"/opt/airflow/dags/dag_api_dimension_sync.py","lineno":43,"name":"<module>"},{"filename":"/home/airflow/.local/lib/python3.13/site-packages/airflow/sdk/definitions/dag.py","lineno":1696,"name":"factory"},{"filename":"/opt/airflow/dags/dag_api_dimension_sync.py","lineno":41,"name":"API_dimension_sync"}],"is_group":false,"exceptions":[]}]}
{"timestamp":"2026-09-03T13:17:22.469696Z","level":"error","event":"Error loading DAG from dag_api_dimension_sync.py: name 'JSON_transformation' is not defined","logger":"airflow.dag_processing.dagbag.BundleDagBag","filename":"dagbag.py","lineno":319}
{"timestamp":"2026-09-03T13:17:52.699713Z","level":"info","event":"Filling up the DagBag from /opt/airflow/dags/dag_api_dimension_sync.py","logger":"airflow.dag_processing.dagbag.BundleDagBag","filename":"dagbag.py","lineno":460}
{"timestamp":"2026-09-03T13:17:53.159770Z","level":"error","event":"Failed to import: /opt/airflow/dags/dag_api_dimension_sync.py","logger":"airflow.dag_processing.importers.python_importer","filename":"python_importer.py","lineno":244,"error_detail":[{"exc_type":"NameError","exc_value":"name 'JSON_transformation' is not defined","exc_notes":[],"syntax_error":null,"is_cause":false,"frames":[{"filename":"/home/airflow/.local/lib/python3.13/site-packages/airflow/dag_processing/importers/python_importer.py","lineno":238,"name":"parse"},{"filename":"<frozen importlib._bootstrap_external>","lineno":1023,"name":"exec_module"},{"filename":"<frozen importlib._bootstrap>","lineno":488,"name":"_call_with_frames_removed"},{"filename":"/opt/airflow/dags/dag_api_dimension_sync.py","lineno":43,"name":"<module>"},{"filename":"/home/airflow/.local/lib/python3.13/site-packages/airflow/sdk/definitions/dag.py","lineno":1696,"name":"factory"},{"filename":"/opt/airflow/dags/dag_api_dimension_sync.py","lineno":41,"name":"API_dimension_sync"}],"is_group":false,"exceptions":[]}]}
{"timestamp":"2026-09-03T13:17:53.163686Z","level":"error","event":"Error loading DAG from dag_api_dimension_sync.py: name 'JSON_transformation' is not defined","logger":"airflow.dag_processing.dagbag.BundleDagBag","filename":"dagbag.py","lineno":319}
{"timestamp":"2026-09-03T13:18:23.384840Z","level":"info","event":"Filling up the DagBag from /opt/airflow/dags/dag_api_dimension_sync.py","logger":"airflow.dag_processing.dagbag.BundleDagBag","filename":"dagbag.py","lineno":460}
{"timestamp":"2026-09-03T13:18:23.824598Z","level":"error","event":"Failed to import: /opt/airflow/dags/dag_api_dimension_sync.py","logger":"airflow.dag_processing.importers.python_importer","filename":"python_importer.py","lineno":244,"error_detail":[{"exc_type":"NameError","exc_value":"name 'JSON_transformation' is not defined","exc_notes":[],"syntax_error":null,"is_cause":false,"frames":[{"filename":"/home/airflow/.local/lib/python3.13/site-packages/airflow/dag_processing/importers/python_importer.py","lineno":238,"name":"parse"},{"filename":"<frozen importlib._bootstrap_external>","lineno":1023,"name":"exec_module"},{"filename":"<frozen importlib._bootstrap>","lineno":488,"name":"_call_with_frames_removed"},{"filename":"/opt/airflow/dags/dag_api_dimension_sync.py","lineno":43,"name":"<module>"},{"filename":"/home/airflow/.local/lib/python3.13/site-packages/airflow/sdk/definitions/dag.py","lineno":1696,"name":"factory"},{"filename":"/opt/airflow/dags/dag_api_dimension_sync.py","lineno":41,"name":"API_dimension_sync"}],"is_group":false,"exceptions":[]}]}
{"timestamp":"2026-09-03T13:18:23.828113Z","level":"error","event":"Error loading DAG from dag_api_dimension_sync.py: name 'JSON_transformation' is not defined","logger":"airflow.dag_processing.dagbag.BundleDagBag","filename":"dagbag.py","lineno":319}
{"timestamp":"2026-09-03T13:18:54.050207Z","level":"info","event":"Filling up the DagBag from /opt/airflow/dags/dag_api_dimension_sync.py","logger":"airflow.dag_processing.dagbag.BundleDagBag","filename":"dagbag.py","lineno":460}
{"timestamp":"2026-09-03T13:18:54.495277Z","level":"error","event":"Failed to import: /opt/airflow/dags/dag_api_dimension_sync.py","logger":"airflow.dag_processing.importers.python_importer","filename":"python_importer.py","lineno":244,"error_detail":[{"exc_type":"NameError","exc_value":"name 'JSON_transformation' is not defined","exc_notes":[],"syntax_error":null,"is_cause":false,"frames":[{"filename":"/home/airflow/.local/lib/python3.13/site-packages/airflow/dag_processing/importers/python_importer.py","lineno":238,"name":"parse"},{"filename":"<frozen importlib._bootstrap_external>","lineno":1023,"name":"exec_module"},{"filename":"<frozen importlib._bootstrap>","lineno":488,"name":"_call_with_frames_removed"},{"filename":"/opt/airflow/dags/dag_api_dimension_sync.py","lineno":43,"name":"<module>"},{"filename":"/home/airflow/.local/lib/python3.13/site-packages/airflow/sdk/definitions/dag.py","lineno":1696,"name":"factory"},{"filename":"/opt/airflow/dags/dag_api_dimension_sync.py","lineno":41,"name":"API_dimension_sync"}],"is_group":false,"exceptions":[]}]}
{"timestamp":"2026-09-03T13:18:54.498177Z","level":"error","event":"Error loading DAG from dag_api_dimension_sync.py: name 'JSON_transformation' is not defined","logger":"airflow.dag_processing.dagbag.BundleDagBag","filename":"dagbag.py","lineno":319}
{"timestamp":"2026-09-03T13:19:24.733334Z","level":"info","event":"Filling up the DagBag from /opt/airflow/dags/dag_api_dimension_sync.py","logger":"airflow.dag_processing.dagbag.BundleDagBag","filename":"dagbag.py","lineno":460}
{"timestamp":"2026-09-03T13:19:25.172378Z","level":"error","event":"Failed to import: /opt/airflow/dags/dag_api_dimension_sync.py","logger":"airflow.dag_processing.importers.python_importer","filename":"python_importer.py","lineno":244,"error_detail":[{"exc_type":"NameError","exc_value":"name 'JSON_transformation' is not defined","exc_notes":[],"syntax_error":null,"is_cause":false,"frames":[{"filename":"/home/airflow/.local/lib/python3.13/site-packages/airflow/dag_processing/importers/python_importer.py","lineno":238,"name":"parse"},{"filename":"<frozen importlib._bootstrap_external>","lineno":1023,"name":"exec_module"},{"filename":"<frozen importlib._bootstrap>","lineno":488,"name":"_call_with_frames_removed"},{"filename":"/opt/airflow/dags/dag_api_dimension_sync.py","lineno":43,"name":"<module>"},{"filename":"/home/airflow/.local/lib/python3.13/site-packages/airflow/sdk/definitions/dag.py","lineno":1696,"name":"factory"},{"filename":"/opt/airflow/dags/dag_api_dimension_sync.py","lineno":41,"name":"API_dimension_sync"}],"is_group":false,"exceptions":[]}]}
{"timestamp":"2026-09-03T13:19:25.175730Z","level":"error","event":"Error loading DAG from dag_api_dimension_sync.py: name 'JSON_transformation' is not defined","logger":"airflow.dag_processing.dagbag.BundleDagBag","filename":"dagbag.py","lineno":319}
{"timestamp":"2026-09-03T13:19:55.406785Z","level":"info","event":"Filling up the DagBag from /opt/airflow/dags/dag_api_dimension_sync.py","logger":"airflow.dag_processing.dagbag.BundleDagBag","filename":"dagbag.py","lineno":460}
{"timestamp":"2026-09-03T13:19:55.861079Z","level":"error","event":"Failed to import: /opt/airflow/dags/dag_api_dimension_sync.py","logger":"airflow.dag_processing.importers.python_importer","filename":"python_importer.py","lineno":244,"error_detail":[{"exc_type":"NameError","exc_value":"name 'JSON_transformation' is not defined","exc_notes":[],"syntax_error":null,"is_cause":false,"frames":[{"filename":"/home/airflow/.local/lib/python3.13/site-packages/airflow/dag_processing/importers/python_importer.py","lineno":238,"name":"parse"},{"filename":"<frozen importlib._bootstrap_external>","lineno":1023,"name":"exec_module"},{"filename":"<frozen importlib._bootstrap>","lineno":488,"name":"_call_with_frames_removed"},{"filename":"/opt/airflow/dags/dag_api_dimension_sync.py","lineno":43,"name":"<module>"},{"filename":"/home/airflow/.local/lib/python3.13/site-packages/airflow/sdk/definitions/dag.py","lineno":1696,"name":"factory"},{"filename":"/opt/airflow/dags/dag_api_dimension_sync.py","lineno":41,"name":"API_dimension_sync"}],"is_group":false,"exceptions":[]}]}
{"timestamp":"2026-09-03T13:19:55.864673Z","level":"error","event":"Error loading DAG from dag_api_dimension_sync.py: name 'JSON_transformation' is not defined","logger":"airflow.dag_processing.dagbag.BundleDagBag","filename":"dagbag.py","lineno":319}
{"timestamp":"2026-09-03T13:20:26.095259Z","level":"info","event":"Filling up the DagBag from /opt/airflow/dags/dag_api_dimension_sync.py","logger":"airflow.dag_processing.dagbag.BundleDagBag","filename":"dagbag.py","lineno":460}
{"timestamp":"2026-09-03T13:20:26.572923Z","level":"error","event":"Failed to import: /opt/airflow/dags/dag_api_dimension_sync.py","logger":"airflow.dag_processing.importers.python_importer","filename":"python_importer.py","lineno":244,"error_detail":[{"exc_type":"NameError","exc_value":"name 'JSON_transformation' is not defined","exc_notes":[],"syntax_error":null,"is_cause":false,"frames":[{"filename":"/home/airflow/.local/lib/python3.13/site-packages/airflow/dag_processing/importers/python_importer.py","lineno":238,"name":"parse"},{"filename":"<frozen importlib._bootstrap_external>","lineno":1023,"name":"exec_module"},{"filename":"<frozen importlib._bootstrap>","lineno":488,"name":"_call_with_frames_removed"},{"filename":"/opt/airflow/dags/dag_api_dimension_sync.py","lineno":43,"name":"<module>"},{"filename":"/home/airflow/.local/lib/python3.13/site-packages/airflow/sdk/definitions/dag.py","lineno":1696,"name":"factory"},{"filename":"/opt/airflow/dags/dag_api_dimension_sync.py","lineno":41,"name":"API_dimension_sync"}],"is_group":false,"exceptions":[]}]}
{"timestamp":"2026-09-03T13:20:26.576927Z","level":"error","event":"Error loading DAG from dag_api_dimension_sync.py: name 'JSON_transformation' is not defined","logger":"airflow.dag_processing.dagbag.BundleDagBag","filename":"dagbag.py","lineno":319}
{"timestamp":"2026-09-03T13:20:56.816482Z","level":"info","event":"Filling up the DagBag from /opt/airflow/dags/dag_api_dimension_sync.py","logger":"airflow.dag_processing.dagbag.BundleDagBag","filename":"dagbag.py","lineno":460}
{"timestamp":"2026-09-03T13:20:57.264707Z","level":"error","event":"Failed to import: /opt/airflow/dags/dag_api_dimension_sync.py","logger":"airflow.dag_processing.importers.python_importer","filename":"python_importer.py","lineno":244,"error_detail":[{"exc_type":"NameError","exc_value":"name 'JSON_transformation' is not defined","exc_notes":[],"syntax_error":null,"is_cause":false,"frames":[{"filename":"/home/airflow/.local/lib/python3.13/site-packages/airflow/dag_processing/importers/python_importer.py","lineno":238,"name":"parse"},{"filename":"<frozen importlib._bootstrap_external>","lineno":1023,"name":"exec_module"},{"filename":"<frozen importlib._bootstrap>","lineno":488,"name":"_call_with_frames_removed"},{"filename":"/opt/airflow/dags/dag_api_dimension_sync.py","lineno":43,"name":"<module>"},{"filename":"/home/airflow/.local/lib/python3.13/site-packages/airflow/sdk/definitions/dag.py","lineno":1696,"name":"factory"},{"filename":"/opt/airflow/dags/dag_api_dimension_sync.py","lineno":41,"name":"API_dimension_sync"}],"is_group":false,"exceptions":[]}]}
{"timestamp":"2026-09-03T13:20:57.268266Z","level":"error","event":"Error loading DAG from dag_api_dimension_sync.py: name 'JSON_transformation' is not defined","logger":"airflow.dag_processing.dagbag.BundleDagBag","filename":"dagbag.py","lineno":319}
{"timestamp":"2026-09-03T13:21:27.500254Z","level":"info","event":"Filling up the DagBag from /opt/airflow/dags/dag_api_dimension_sync.py","logger":"airflow.dag_processing.dagbag.BundleDagBag","filename":"dagbag.py","lineno":460}
{"timestamp":"2026-09-03T13:21:27.961151Z","level":"error","event":"Failed to import: /opt/airflow/dags/dag_api_dimension_sync.py","logger":"airflow.dag_processing.importers.python_importer","filename":"python_importer.py","lineno":244,"error_detail":[{"exc_type":"NameError","exc_value":"name 'JSON_transformation' is not defined","exc_notes":[],"syntax_error":null,"is_cause":false,"frames":[{"filename":"/home/airflow/.local/lib/python3.13/site-packages/airflow/dag_processing/importers/python_importer.py","lineno":238,"name":"parse"},{"filename":"<frozen importlib._bootstrap_external>","lineno":1023,"name":"exec_module"},{"filename":"<frozen importlib._bootstrap>","lineno":488,"name":"_call_with_frames_removed"},{"filename":"/opt/airflow/dags/dag_api_dimension_sync.py","lineno":43,"name":"<module>"},{"filename":"/home/airflow/.local/lib/python3.13/site-packages/airflow/sdk/definitions/dag.py","lineno":1696,"name":"factory"},{"filename":"/opt/airflow/dags/dag_api_dimension_sync.py","lineno":41,"name":"API_dimension_sync"}],"is_group":false,"exceptions":[]}]}
{"timestamp":"2026-09-03T13:21:27.964823Z","level":"error","event":"Error loading DAG from dag_api_dimension_sync.py: name 'JSON_transformation' is not defined","logger":"airflow.dag_processing.dagbag.BundleDagBag","filename":"dagbag.py","lineno":319}
{"timestamp":"2026-09-03T13:21:58.188697Z","level":"info","event":"Filling up the DagBag from /opt/airflow/dags/dag_api_dimension_sync.py","logger":"airflow.dag_processing.dagbag.BundleDagBag","filename":"dagbag.py","lineno":460}
{"timestamp":"2026-09-03T13:21:58.654177Z","level":"error","event":"Failed to import: /opt/airflow/dags/dag_api_dimension_sync.py","logger":"airflow.dag_processing.importers.python_importer","filename":"python_importer.py","lineno":244,"error_detail":[{"exc_type":"NameError","exc_value":"name 'JSON_transformation' is not defined","exc_notes":[],"syntax_error":null,"is_cause":false,"frames":[{"filename":"/home/airflow/.local/lib/python3.13/site-packages/airflow/dag_processing/importers/python_importer.py","lineno":238,"name":"parse"},{"filename":"<frozen importlib._bootstrap_external>","lineno":1023,"name":"exec_module"},{"filename":"<frozen importlib._bootstrap>","lineno":488,"name":"_call_with_frames_removed"},{"filename":"/opt/airflow/dags/dag_api_dimension_sync.py","lineno":43,"name":"<module>"},{"filename":"/home/airflow/.local/lib/python3.13/site-packages/airflow/sdk/definitions/dag.py","lineno":1696,"name":"factory"},{"filename":"/opt/airflow/dags/dag_api_dimension_sync.py","lineno":41,"name":"API_dimension_sync"}],"is_group":false,"exceptions":[]}]}
{"timestamp":"2026-09-03T13:21:58.658023Z","level":"error","event":"Error loading DAG from dag_api_dimension_sync.py: name 'JSON_transformation' is not defined","logger":"airflow.dag_processing.dagbag.BundleDagBag","filename":"dagbag.py","lineno":319}
{"timestamp":"2026-09-03T13:22:28.885600Z","level":"info","event":"Filling up the DagBag from /opt/airflow/dags/dag_api_dimension_sync.py","logger":"airflow.dag_processing.dagbag.BundleDagBag","filename":"dagbag.py","lineno":460}
{"timestamp":"2026-09-03T13:22:29.334803Z","level":"error","event":"Failed to import: /opt/airflow/dags/dag_api_dimension_sync.py","logger":"airflow.dag_processing.importers.python_importer","filename":"python_importer.py","lineno":244,"error_detail":[{"exc_type":"NameError","exc_value":"name 'JSON_transformation' is not defined","exc_notes":[],"syntax_error":null,"is_cause":false,"frames":[{"filename":"/home/airflow/.local/lib/python3.13/site-packages/airflow/dag_processing/importers/python_importer.py","lineno":238,"name":"parse"},{"filename":"<frozen importlib._bootstrap_external>","lineno":1023,"name":"exec_module"},{"filename":"<frozen importlib._bootstrap>","lineno":488,"name":"_call_with_frames_removed"},{"filename":"/opt/airflow/dags/dag_api_dimension_sync.py","lineno":43,"name":"<module>"},{"filename":"/home/airflow/.local/lib/python3.13/site-packages/airflow/sdk/definitions/dag.py","lineno":1696,"name":"factory"},{"filename":"/opt/airflow/dags/dag_api_dimension_sync.py","lineno":41,"name":"API_dimension_sync"}],"is_group":false,"exceptions":[]}]}
{"timestamp":"2026-09-03T13:22:29.338371Z","level":"error","event":"Error loading DAG from dag_api_dimension_sync.py: name 'JSON_transformation' is not defined","logger":"airflow.dag_processing.dagbag.BundleDagBag","filename":"dagbag.py","lineno":319}
{"timestamp":"2026-09-03T13:22:59.569428Z","level":"info","event":"Filling up the DagBag from /opt/airflow/dags/dag_api_dimension_sync.py","logger":"airflow.dag_processing.dagbag.BundleDagBag","filename":"dagbag.py","lineno":460}
{"timestamp":"2026-09-03T13:23:00.082885Z","level":"error","event":"Failed to import: /opt/airflow/dags/dag_api_dimension_sync.py","logger":"airflow.dag_processing.importers.python_importer","filename":"python_importer.py","lineno":244,"error_detail":[{"exc_type":"NameError","exc_value":"name 'JSON_transformation' is not defined","exc_notes":[],"syntax_error":null,"is_cause":false,"frames":[{"filename":"/home/airflow/.local/lib/python3.13/site-packages/airflow/dag_processing/importers/python_importer.py","lineno":238,"name":"parse"},{"filename":"<frozen importlib._bootstrap_external>","lineno":1023,"name":"exec_module"},{"filename":"<frozen importlib._bootstrap>","lineno":488,"name":"_call_with_frames_removed"},{"filename":"/opt/airflow/dags/dag_api_dimension_sync.py","lineno":43,"name":"<module>"},{"filename":"/home/airflow/.local/lib/python3.13/site-packages/airflow/sdk/definitions/dag.py","lineno":1696,"name":"factory"},{"filename":"/opt/airflow/dags/dag_api_dimension_sync.py","lineno":41,"name":"API_dimension_sync"}],"is_group":false,"exceptions":[]}]}
{"timestamp":"2026-09-03T13:23:00.085814Z","level":"error","event":"Error loading DAG from dag_api_dimension_sync.py: name 'JSON_transformation' is not defined","logger":"airflow.dag_processing.dagbag.BundleDagBag","filename":"dagbag.py","lineno":319}
{"timestamp":"2026-09-03T13:23:30.312169Z","level":"info","event":"Filling up the DagBag from /opt/airflow/dags/dag_api_dimension_sync.py","logger":"airflow.dag_processing.dagbag.BundleDagBag","filename":"dagbag.py","lineno":460}
{"timestamp":"2026-09-03T13:23:30.779875Z","level":"error","event":"Failed to import: /opt/airflow/dags/dag_api_dimension_sync.py","logger":"airflow.dag_processing.importers.python_importer","filename":"python_importer.py","lineno":244,"error_detail":[{"exc_type":"NameError","exc_value":"name 'JSON_transformation' is not defined","exc_notes":[],"syntax_error":null,"is_cause":false,"frames":[{"filename":"/home/airflow/.local/lib/python3.13/site-packages/airflow/dag_processing/importers/python_importer.py","lineno":238,"name":"parse"},{"filename":"<frozen importlib._bootstrap_external>","lineno":1023,"name":"exec_module"},{"filename":"<frozen importlib._bootstrap>","lineno":488,"name":"_call_with_frames_removed"},{"filename":"/opt/airflow/dags/dag_api_dimension_sync.py","lineno":43,"name":"<module>"},{"filename":"/home/airflow/.local/lib/python3.13/site-packages/airflow/sdk/definitions/dag.py","lineno":1696,"name":"factory"},{"filename":"/opt/airflow/dags/dag_api_dimension_sync.py","lineno":41,"name":"API_dimension_sync"}],"is_group":false,"exceptions":[]}]}
{"timestamp":"2026-09-03T13:23:30.783875Z","level":"error","event":"Error loading DAG from dag_api_dimension_sync.py: name 'JSON_transformation' is not defined","logger":"airflow.dag_processing.dagbag.BundleDagBag","filename":"dagbag.py","lineno":319}
{"timestamp":"2026-09-03T13:24:01.022911Z","level":"info","event":"Filling up the DagBag from /opt/airflow/dags/dag_api_dimension_sync.py","logger":"airflow.dag_processing.dagbag.BundleDagBag","filename":"dagbag.py","lineno":460}
{"timestamp":"2026-09-03T13:24:01.481475Z","level":"error","event":"Failed to import: /opt/airflow/dags/dag_api_dimension_sync.py","logger":"airflow.dag_processing.importers.python_importer","filename":"python_importer.py","lineno":244,"error_detail":[{"exc_type":"NameError","exc_value":"name 'JSON_transformation' is not defined","exc_notes":[],"syntax_error":null,"is_cause":false,"frames":[{"filename":"/home/airflow/.local/lib/python3.13/site-packages/airflow/dag_processing/importers/python_importer.py","lineno":238,"name":"parse"},{"filename":"<frozen importlib._bootstrap_external>","lineno":1023,"name":"exec_module"},{"filename":"<frozen importlib._bootstrap>","lineno":488,"name":"_call_with_frames_removed"},{"filename":"/opt/airflow/dags/dag_api_dimension_sync.py","lineno":43,"name":"<module>"},{"filename":"/home/airflow/.local/lib/python3.13/site-packages/airflow/sdk/definitions/dag.py","lineno":1696,"name":"factory"},{"filename":"/opt/airflow/dags/dag_api_dimension_sync.py","lineno":41,"name":"API_dimension_sync"}],"is_group":false,"exceptions":[]}]}
{"timestamp":"2026-09-03T13:24:01.484963Z","level":"error","event":"Error loading DAG from dag_api_dimension_sync.py: name 'JSON_transformation' is not defined","logger":"airflow.dag_processing.dagbag.BundleDagBag","filename":"dagbag.py","lineno":319}
{"timestamp":"2026-09-03T13:24:31.715335Z","level":"info","event":"Filling up the DagBag from /opt/airflow/dags/dag_api_dimension_sync.py","logger":"airflow.dag_processing.dagbag.BundleDagBag","filename":"dagbag.py","lineno":460}
{"timestamp":"2026-09-03T13:24:32.192289Z","level":"error","event":"Failed to import: /opt/airflow/dags/dag_api_dimension_sync.py","logger":"airflow.dag_processing.importers.python_importer","filename":"python_importer.py","lineno":244,"error_detail":[{"exc_type":"NameError","exc_value":"name 'JSON_transformation' is not defined","exc_notes":[],"syntax_error":null,"is_cause":false,"frames":[{"filename":"/home/airflow/.local/lib/python3.13/site-packages/airflow/dag_processing/importers/python_importer.py","lineno":238,"name":"parse"},{"filename":"<frozen importlib._bootstrap_external>","lineno":1023,"name":"exec_module"},{"filename":"<frozen importlib._bootstrap>","lineno":488,"name":"_call_with_frames_removed"},{"filename":"/opt/airflow/dags/dag_api_dimension_sync.py","lineno":43,"name":"<module>"},{"filename":"/home/airflow/.local/lib/python3.13/site-packages/airflow/sdk/definitions/dag.py","lineno":1696,"name":"factory"},{"filename":"/opt/airflow/dags/dag_api_dimension_sync.py","lineno":41,"name":"API_dimension_sync"}],"is_group":false,"exceptions":[]}]}
{"timestamp":"2026-09-03T13:24:32.196103Z","level":"error","event":"Error loading DAG from dag_api_dimension_sync.py: name 'JSON_transformation' is not defined","logger":"airflow.dag_processing.dagbag.BundleDagBag","filename":"dagbag.py","lineno":319}
{"timestamp":"2026-09-03T13:25:02.427691Z","level":"info","event":"Filling up the DagBag from /opt/airflow/dags/dag_api_dimension_sync.py","logger":"airflow.dag_processing.dagbag.BundleDagBag","filename":"dagbag.py","lineno":460}
{"timestamp":"2026-09-03T13:25:02.951306Z","level":"error","event":"Failed to import: /opt/airflow/dags/dag_api_dimension_sync.py","logger":"airflow.dag_processing.importers.python_importer","filename":"python_importer.py","lineno":244,"error_detail":[{"exc_type":"NameError","exc_value":"name 'JSON_transformation' is not defined","exc_notes":[],"syntax_error":null,"is_cause":false,"frames":[{"filename":"/home/airflow/.local/lib/python3.13/site-packages/airflow/dag_processing/importers/python_importer.py","lineno":238,"name":"parse"},{"filename":"<frozen importlib._bootstrap_external>","lineno":1023,"name":"exec_module"},{"filename":"<frozen importlib._bootstrap>","lineno":488,"name":"_call_with_frames_removed"},{"filename":"/opt/airflow/dags/dag_api_dimension_sync.py","lineno":43,"name":"<module>"},{"filename":"/home/airflow/.local/lib/python3.13/site-packages/airflow/sdk/definitions/dag.py","lineno":1696,"name":"factory"},{"filename":"/opt/airflow/dags/dag_api_dimension_sync.py","lineno":41,"name":"API_dimension_sync"}],"is_group":false,"exceptions":[]}]}
{"timestamp":"2026-09-03T13:25:02.954195Z","level":"error","event":"Error loading DAG from dag_api_dimension_sync.py: name 'JSON_transformation' is not defined","logger":"airflow.dag_processing.dagbag.BundleDagBag","filename":"dagbag.py","lineno":319}
{"timestamp":"2026-09-03T13:25:33.179099Z","level":"info","event":"Filling up the DagBag from /opt/airflow/dags/dag_api_dimension_sync.py","logger":"airflow.dag_processing.dagbag.BundleDagBag","filename":"dagbag.py","lineno":460}
{"timestamp":"2026-09-03T13:25:33.612906Z","level":"error","event":"Failed to import: /opt/airflow/dags/dag_api_dimension_sync.py","logger":"airflow.dag_processing.importers.python_importer","filename":"python_importer.py","lineno":244,"error_detail":[{"exc_type":"NameError","exc_value":"name 'JSON_transformation' is not defined","exc_notes":[],"syntax_error":null,"is_cause":false,"frames":[{"filename":"/home/airflow/.local/lib/python3.13/site-packages/airflow/dag_processing/importers/python_importer.py","lineno":238,"name":"parse"},{"filename":"<frozen importlib._bootstrap_external>","lineno":1023,"name":"exec_module"},{"filename":"<frozen importlib._bootstrap>","lineno":488,"name":"_call_with_frames_removed"},{"filename":"/opt/airflow/dags/dag_api_dimension_sync.py","lineno":43,"name":"<module>"},{"filename":"/home/airflow/.local/lib/python3.13/site-packages/airflow/sdk/definitions/dag.py","lineno":1696,"name":"factory"},{"filename":"/opt/airflow/dags/dag_api_dimension_sync.py","lineno":41,"name":"API_dimension_sync"}],"is_group":false,"exceptions":[]}]}
{"timestamp":"2026-09-03T13:25:33.618974Z","level":"error","event":"Error loading DAG from dag_api_dimension_sync.py: name 'JSON_transformation' is not defined","logger":"airflow.dag_processing.dagbag.BundleDagBag","filename":"dagbag.py","lineno":319}
{"timestamp":"2026-09-03T13:26:03.842673Z","level":"info","event":"Filling up the DagBag from /opt/airflow/dags/dag_api_dimension_sync.py","logger":"airflow.dag_processing.dagbag.BundleDagBag","filename":"dagbag.py","lineno":460}
{"timestamp":"2026-09-03T13:26:04.268752Z","level":"error","event":"Failed to import: /opt/airflow/dags/dag_api_dimension_sync.py","logger":"airflow.dag_processing.importers.python_importer","filename":"python_importer.py","lineno":244,"error_detail":[{"exc_type":"NameError","exc_value":"name 'JSON_transformation' is not defined","exc_notes":[],"syntax_error":null,"is_cause":false,"frames":[{"filename":"/home/airflow/.local/lib/python3.13/site-packages/airflow/dag_processing/importers/python_importer.py","lineno":238,"name":"parse"},{"filename":"<frozen importlib._bootstrap_external>","lineno":1023,"name":"exec_module"},{"filename":"<frozen importlib._bootstrap>","lineno":488,"name":"_call_with_frames_removed"},{"filename":"/opt/airflow/dags/dag_api_dimension_sync.py","lineno":43,"name":"<module>"},{"filename":"/home/airflow/.local/lib/python3.13/site-packages/airflow/sdk/definitions/dag.py","lineno":1696,"name":"factory"},{"filename":"/opt/airflow/dags/dag_api_dimension_sync.py","lineno":41,"name":"API_dimension_sync"}],"is_group":false,"exceptions":[]}]}
{"timestamp":"2026-09-03T13:26:04.271750Z","level":"error","event":"Error loading DAG from dag_api_dimension_sync.py: name 'JSON_transformation' is not defined","logger":"airflow.dag_processing.dagbag.BundleDagBag","filename":"dagbag.py","lineno":319}
{"timestamp":"2026-09-03T13:26:34.479173Z","level":"info","event":"Filling up the DagBag from /opt/airflow/dags/dag_api_dimension_sync.py","logger":"airflow.dag_processing.dagbag.BundleDagBag","filename":"dagbag.py","lineno":460}
{"timestamp":"2026-09-03T13:26:34.878772Z","level":"error","event":"Failed to import: /opt/airflow/dags/dag_api_dimension_sync.py","logger":"airflow.dag_processing.importers.python_importer","filename":"python_importer.py","lineno":244,"error_detail":[{"exc_type":"NameError","exc_value":"name 'JSON_transformation' is not defined","exc_notes":[],"syntax_error":null,"is_cause":false,"frames":[{"filename":"/home/airflow/.local/lib/python3.13/site-packages/airflow/dag_processing/importers/python_importer.py","lineno":238,"name":"parse"},{"filename":"<frozen importlib._bootstrap_external>","lineno":1023,"name":"exec_module"},{"filename":"<frozen importlib._bootstrap>","lineno":488,"name":"_call_with_frames_removed"},{"filename":"/opt/airflow/dags/dag_api_dimension_sync.py","lineno":43,"name":"<module>"},{"filename":"/home/airflow/.local/lib/python3.13/site-packages/airflow/sdk/definitions/dag.py","lineno":1696,"name":"factory"},{"filename":"/opt/airflow/dags/dag_api_dimension_sync.py","lineno":41,"name":"API_dimension_sync"}],"is_group":false,"exceptions":[]}]}
{"timestamp":"2026-09-03T13:26:34.881982Z","level":"error","event":"Error loading DAG from dag_api_dimension_sync.py: name 'JSON_transformation' is not defined","logger":"airflow.dag_processing.dagbag.BundleDagBag","filename":"dagbag.py","lineno":319}
{"timestamp":"2026-09-03T13:27:05.094288Z","level":"info","event":"Filling up the DagBag from /opt/airflow/dags/dag_api_dimension_sync.py","logger":"airflow.dag_processing.dagbag.BundleDagBag","filename":"dagbag.py","lineno":460}
{"timestamp":"2026-09-03T13:27:05.494514Z","level":"error","event":"Failed to import: /opt/airflow/dags/dag_api_dimension_sync.py","logger":"airflow.dag_processing.importers.python_importer","filename":"python_importer.py","lineno":244,"error_detail":[{"exc_type":"NameError","exc_value":"name 'JSON_transformation' is not defined","exc_notes":[],"syntax_error":null,"is_cause":false,"frames":[{"filename":"/home/airflow/.local/lib/python3.13/site-packages/airflow/dag_processing/importers/python_importer.py","lineno":238,"name":"parse"},{"filename":"<frozen importlib._bootstrap_external>","lineno":1023,"name":"exec_module"},{"filename":"<frozen importlib._bootstrap>","lineno":488,"name":"_call_with_frames_removed"},{"filename":"/opt/airflow/dags/dag_api_dimension_sync.py","lineno":43,"name":"<module>"},{"filename":"/home/airflow/.local/lib/python3.13/site-packages/airflow/sdk/definitions/dag.py","lineno":1696,"name":"factory"},{"filename":"/opt/airflow/dags/dag_api_dimension_sync.py","lineno":41,"name":"API_dimension_sync"}],"is_group":false,"exceptions":[]}]}
{"timestamp":"2026-09-03T13:27:05.497734Z","level":"error","event":"Error loading DAG from dag_api_dimension_sync.py: name 'JSON_transformation' is not defined","logger":"airflow.dag_processing.dagbag.BundleDagBag","filename":"dagbag.py","lineno":319}
{"timestamp":"2026-09-03T13:27:35.714786Z","level":"info","event":"Filling up the DagBag from /opt/airflow/dags/dag_api_dimension_sync.py","logger":"airflow.dag_processing.dagbag.BundleDagBag","filename":"dagbag.py","lineno":460}
{"timestamp":"2026-09-03T13:27:36.108081Z","level":"error","event":"Failed to import: /opt/airflow/dags/dag_api_dimension_sync.py","logger":"airflow.dag_processing.importers.python_importer","filename":"python_importer.py","lineno":244,"error_detail":[{"exc_type":"NameError","exc_value":"name 'JSON_transformation' is not defined","exc_notes":[],"syntax_error":null,"is_cause":false,"frames":[{"filename":"/home/airflow/.local/lib/python3.13/site-packages/airflow/dag_processing/importers/python_importer.py","lineno":238,"name":"parse"},{"filename":"<frozen importlib._bootstrap_external>","lineno":1023,"name":"exec_module"},{"filename":"<frozen importlib._bootstrap>","lineno":488,"name":"_call_with_frames_removed"},{"filename":"/opt/airflow/dags/dag_api_dimension_sync.py","lineno":43,"name":"<module>"},{"filename":"/home/airflow/.local/lib/python3.13/site-packages/airflow/sdk/definitions/dag.py","lineno":1696,"name":"factory"},{"filename":"/opt/airflow/dags/dag_api_dimension_sync.py","lineno":41,"name":"API_dimension_sync"}],"is_group":false,"exceptions":[]}]}
{"timestamp":"2026-09-03T13:27:36.110913Z","level":"error","event":"Error loading DAG from dag_api_dimension_sync.py: name 'JSON_transformation' is not defined","logger":"airflow.dag_processing.dagbag.BundleDagBag","filename":"dagbag.py","lineno":319}
{"timestamp":"2026-09-03T13:28:06.322347Z","level":"info","event":"Filling up the DagBag from /opt/airflow/dags/dag_api_dimension_sync.py","logger":"airflow.dag_processing.dagbag.BundleDagBag","filename":"dagbag.py","lineno":460}
{"timestamp":"2026-09-03T13:28:06.707067Z","level":"error","event":"Failed to import: /opt/airflow/dags/dag_api_dimension_sync.py","logger":"airflow.dag_processing.importers.python_importer","filename":"python_importer.py","lineno":244,"error_detail":[{"exc_type":"NameError","exc_value":"name 'JSON_transformation' is not defined","exc_notes":[],"syntax_error":null,"is_cause":false,"frames":[{"filename":"/home/airflow/.local/lib/python3.13/site-packages/airflow/dag_processing/importers/python_importer.py","lineno":238,"name":"parse"},{"filename":"<frozen importlib._bootstrap_external>","lineno":1023,"name":"exec_module"},{"filename":"<frozen importlib._bootstrap>","lineno":488,"name":"_call_with_frames_removed"},{"filename":"/opt/airflow/dags/dag_api_dimension_sync.py","lineno":43,"name":"<module>"},{"filename":"/home/airflow/.local/lib/python3.13/site-packages/airflow/sdk/definitions/dag.py","lineno":1696,"name":"factory"},{"filename":"/opt/airflow/dags/dag_api_dimension_sync.py","lineno":41,"name":"API_dimension_sync"}],"is_group":false,"exceptions":[]}]}
{"timestamp":"2026-09-03T13:28:06.710389Z","level":"error","event":"Error loading DAG from dag_api_dimension_sync.py: name 'JSON_transformation' is not defined","logger":"airflow.dag_processing.dagbag.BundleDagBag","filename":"dagbag.py","lineno":319}
{"timestamp":"2026-09-03T13:28:36.915347Z","level":"info","event":"Filling up the DagBag from /opt/airflow/dags/dag_api_dimension_sync.py","logger":"airflow.dag_processing.dagbag.BundleDagBag","filename":"dagbag.py","lineno":460}
{"timestamp":"2026-09-03T13:28:37.315062Z","level":"error","event":"Failed to import: /opt/airflow/dags/dag_api_dimension_sync.py","logger":"airflow.dag_processing.importers.python_importer","filename":"python_importer.py","lineno":244,"error_detail":[{"exc_type":"NameError","exc_value":"name 'JSON_transformation' is not defined","exc_notes":[],"syntax_error":null,"is_cause":false,"frames":[{"filename":"/home/airflow/.local/lib/python3.13/site-packages/airflow/dag_processing/importers/python_importer.py","lineno":238,"name":"parse"},{"filename":"<frozen importlib._bootstrap_external>","lineno":1023,"name":"exec_module"},{"filename":"<frozen importlib._bootstrap>","lineno":488,"name":"_call_with_frames_removed"},{"filename":"/opt/airflow/dags/dag_api_dimension_sync.py","lineno":43,"name":"<module>"},{"filename":"/home/airflow/.local/lib/python3.13/site-packages/airflow/sdk/definitions/dag.py","lineno":1696,"name":"factory"},{"filename":"/opt/airflow/dags/dag_api_dimension_sync.py","lineno":41,"name":"API_dimension_sync"}],"is_group":false,"exceptions":[]}]}
{"timestamp":"2026-09-03T13:28:37.318228Z","level":"error","event":"Error loading DAG from dag_api_dimension_sync.py: name 'JSON_transformation' is not defined","logger":"airflow.dag_processing.dagbag.BundleDagBag","filename":"dagbag.py","lineno":319}
{"timestamp":"2026-09-03T13:29:07.523125Z","level":"info","event":"Filling up the DagBag from /opt/airflow/dags/dag_api_dimension_sync.py","logger":"airflow.dag_processing.dagbag.BundleDagBag","filename":"dagbag.py","lineno":460}
{"timestamp":"2026-09-03T13:29:07.918049Z","level":"error","event":"Failed to import: /opt/airflow/dags/dag_api_dimension_sync.py","logger":"airflow.dag_processing.importers.python_importer","filename":"python_importer.py","lineno":244,"error_detail":[{"exc_type":"NameError","exc_value":"name 'JSON_transformation' is not defined","exc_notes":[],"syntax_error":null,"is_cause":false,"frames":[{"filename":"/home/airflow/.local/lib/python3.13/site-packages/airflow/dag_processing/importers/python_importer.py","lineno":238,"name":"parse"},{"filename":"<frozen importlib._bootstrap_external>","lineno":1023,"name":"exec_module"},{"filename":"<frozen importlib._bootstrap>","lineno":488,"name":"_call_with_frames_removed"},{"filename":"/opt/airflow/dags/dag_api_dimension_sync.py","lineno":43,"name":"<module>"},{"filename":"/home/airflow/.local/lib/python3.13/site-packages/airflow/sdk/definitions/dag.py","lineno":1696,"name":"factory"},{"filename":"/opt/airflow/dags/dag_api_dimension_sync.py","lineno":41,"name":"API_dimension_sync"}],"is_group":false,"exceptions":[]}]}
{"timestamp":"2026-09-03T13:29:07.921244Z","level":"error","event":"Error loading DAG from dag_api_dimension_sync.py: name 'JSON_transformation' is not defined","logger":"airflow.dag_processing.dagbag.BundleDagBag","filename":"dagbag.py","lineno":319}
{"timestamp":"2026-09-03T13:29:38.134827Z","level":"info","event":"Filling up the DagBag from /opt/airflow/dags/dag_api_dimension_sync.py","logger":"airflow.dag_processing.dagbag.BundleDagBag","filename":"dagbag.py","lineno":460}
{"timestamp":"2026-09-03T13:29:38.529382Z","level":"error","event":"Failed to import: /opt/airflow/dags/dag_api_dimension_sync.py","logger":"airflow.dag_processing.importers.python_importer","filename":"python_importer.py","lineno":244,"error_detail":[{"exc_type":"NameError","exc_value":"name 'JSON_transformation' is not defined","exc_notes":[],"syntax_error":null,"is_cause":false,"frames":[{"filename":"/home/airflow/.local/lib/python3.13/site-packages/airflow/dag_processing/importers/python_importer.py","lineno":238,"name":"parse"},{"filename":"<frozen importlib._bootstrap_external>","lineno":1023,"name":"exec_module"},{"filename":"<frozen importlib._bootstrap>","lineno":488,"name":"_call_with_frames_removed"},{"filename":"/opt/airflow/dags/dag_api_dimension_sync.py","lineno":43,"name":"<module>"},{"filename":"/home/airflow/.local/lib/python3.13/site-packages/airflow/sdk/definitions/dag.py","lineno":1696,"name":"factory"},{"filename":"/opt/airflow/dags/dag_api_dimension_sync.py","lineno":41,"name":"API_dimension_sync"}],"is_group":false,"exceptions":[]}]}
{"timestamp":"2026-09-03T13:29:38.532648Z","level":"error","event":"Error loading DAG from dag_api_dimension_sync.py: name 'JSON_transformation' is not defined","logger":"airflow.dag_processing.dagbag.BundleDagBag","filename":"dagbag.py","lineno":319}
{"timestamp":"2026-09-03T13:30:08.749308Z","level":"info","event":"Filling up the DagBag from /opt/airflow/dags/dag_api_dimension_sync.py","logger":"airflow.dag_processing.dagbag.BundleDagBag","filename":"dagbag.py","lineno":460}
{"timestamp":"2026-09-03T13:30:09.157380Z","level":"error","event":"Failed to import: /opt/airflow/dags/dag_api_dimension_sync.py","logger":"airflow.dag_processing.importers.python_importer","filename":"python_importer.py","lineno":244,"error_detail":[{"exc_type":"NameError","exc_value":"name 'JSON_transformation' is not defined","exc_notes":[],"syntax_error":null,"is_cause":false,"frames":[{"filename":"/home/airflow/.local/lib/python3.13/site-packages/airflow/dag_processing/importers/python_importer.py","lineno":238,"name":"parse"},{"filename":"<frozen importlib._bootstrap_external>","lineno":1023,"name":"exec_module"},{"filename":"<frozen importlib._bootstrap>","lineno":488,"name":"_call_with_frames_removed"},{"filename":"/opt/airflow/dags/dag_api_dimension_sync.py","lineno":43,"name":"<module>"},{"filename":"/home/airflow/.local/lib/python3.13/site-packages/airflow/sdk/definitions/dag.py","lineno":1696,"name":"factory"},{"filename":"/opt/airflow/dags/dag_api_dimension_sync.py","lineno":41,"name":"API_dimension_sync"}],"is_group":false,"exceptions":[]}]}
{"timestamp":"2026-09-03T13:30:09.161559Z","level":"error","event":"Error loading DAG from dag_api_dimension_sync.py: name 'JSON_transformation' is not defined","logger":"airflow.dag_processing.dagbag.BundleDagBag","filename":"dagbag.py","lineno":319}
{"timestamp":"2026-09-03T13:30:39.385839Z","level":"info","event":"Filling up the DagBag from /opt/airflow/dags/dag_api_dimension_sync.py","logger":"airflow.dag_processing.dagbag.BundleDagBag","filename":"dagbag.py","lineno":460}
{"timestamp":"2026-09-03T13:30:39.780527Z","level":"error","event":"Failed to import: /opt/airflow/dags/dag_api_dimension_sync.py","logger":"airflow.dag_processing.importers.python_importer","filename":"python_importer.py","lineno":244,"error_detail":[{"exc_type":"NameError","exc_value":"name 'JSON_transformation' is not defined","exc_notes":[],"syntax_error":null,"is_cause":false,"frames":[{"filename":"/home/airflow/.local/lib/python3.13/site-packages/airflow/dag_processing/importers/python_importer.py","lineno":238,"name":"parse"},{"filename":"<frozen importlib._bootstrap_external>","lineno":1023,"name":"exec_module"},{"filename":"<frozen importlib._bootstrap>","lineno":488,"name":"_call_with_frames_removed"},{"filename":"/opt/airflow/dags/dag_api_dimension_sync.py","lineno":43,"name":"<module>"},{"filename":"/home/airflow/.local/lib/python3.13/site-packages/airflow/sdk/definitions/dag.py","lineno":1696,"name":"factory"},{"filename":"/opt/airflow/dags/dag_api_dimension_sync.py","lineno":41,"name":"API_dimension_sync"}],"is_group":false,"exceptions":[]}]}
{"timestamp":"2026-09-03T13:30:39.783683Z","level":"error","event":"Error loading DAG from dag_api_dimension_sync.py: name 'JSON_transformation' is not defined","logger":"airflow.dag_processing.dagbag.BundleDagBag","filename":"dagbag.py","lineno":319}
{"timestamp":"2026-09-03T13:31:09.994693Z","level":"info","event":"Filling up the DagBag from /opt/airflow/dags/dag_api_dimension_sync.py","logger":"airflow.dag_processing.dagbag.BundleDagBag","filename":"dagbag.py","lineno":460}
{"timestamp":"2026-09-03T13:31:10.392109Z","level":"error","event":"Failed to import: /opt/airflow/dags/dag_api_dimension_sync.py","logger":"airflow.dag_processing.importers.python_importer","filename":"python_importer.py","lineno":244,"error_detail":[{"exc_type":"NameError","exc_value":"name 'JSON_transformation' is not defined","exc_notes":[],"syntax_error":null,"is_cause":false,"frames":[{"filename":"/home/airflow/.local/lib/python3.13/site-packages/airflow/dag_processing/importers/python_importer.py","lineno":238,"name":"parse"},{"filename":"<frozen importlib._bootstrap_external>","lineno":1023,"name":"exec_module"},{"filename":"<frozen importlib._bootstrap>","lineno":488,"name":"_call_with_frames_removed"},{"filename":"/opt/airflow/dags/dag_api_dimension_sync.py","lineno":43,"name":"<module>"},{"filename":"/home/airflow/.local/lib/python3.13/site-packages/airflow/sdk/definitions/dag.py","lineno":1696,"name":"factory"},{"filename":"/opt/airflow/dags/dag_api_dimension_sync.py","lineno":41,"name":"API_dimension_sync"}],"is_group":false,"exceptions":[]}]}
{"timestamp":"2026-09-03T13:31:10.394879Z","level":"error","event":"Error loading DAG from dag_api_dimension_sync.py: name 'JSON_transformation' is not defined","logger":"airflow.dag_processing.dagbag.BundleDagBag","filename":"dagbag.py","lineno":319}
{"timestamp":"2026-09-03T13:31:40.608101Z","level":"info","event":"Filling up the DagBag from /opt/airflow/dags/dag_api_dimension_sync.py","logger":"airflow.dag_processing.dagbag.BundleDagBag","filename":"dagbag.py","lineno":460}
{"timestamp":"2026-09-03T13:31:41.005862Z","level":"error","event":"Failed to import: /opt/airflow/dags/dag_api_dimension_sync.py","logger":"airflow.dag_processing.importers.python_importer","filename":"python_importer.py","lineno":244,"error_detail":[{"exc_type":"NameError","exc_value":"name 'JSON_transformation' is not defined","exc_notes":[],"syntax_error":null,"is_cause":false,"frames":[{"filename":"/home/airflow/.local/lib/python3.13/site-packages/airflow/dag_processing/importers/python_importer.py","lineno":238,"name":"parse"},{"filename":"<frozen importlib._bootstrap_external>","lineno":1023,"name":"exec_module"},{"filename":"<frozen importlib._bootstrap>","lineno":488,"name":"_call_with_frames_removed"},{"filename":"/opt/airflow/dags/dag_api_dimension_sync.py","lineno":43,"name":"<module>"},{"filename":"/home/airflow/.local/lib/python3.13/site-packages/airflow/sdk/definitions/dag.py","lineno":1696,"name":"factory"},{"filename":"/opt/airflow/dags/dag_api_dimension_sync.py","lineno":41,"name":"API_dimension_sync"}],"is_group":false,"exceptions":[]}]}
{"timestamp":"2026-09-03T13:31:41.009542Z","level":"error","event":"Error loading DAG from dag_api_dimension_sync.py: name 'JSON_transformation' is not defined","logger":"airflow.dag_processing.dagbag.BundleDagBag","filename":"dagbag.py","lineno":319}
{"timestamp":"2026-09-03T13:32:11.217296Z","level":"info","event":"Filling up the DagBag from /opt/airflow/dags/dag_api_dimension_sync.py","logger":"airflow.dag_processing.dagbag.BundleDagBag","filename":"dagbag.py","lineno":460}
{"timestamp":"2026-09-03T13:32:11.632014Z","level":"error","event":"Failed to import: /opt/airflow/dags/dag_api_dimension_sync.py","logger":"airflow.dag_processing.importers.python_importer","filename":"python_importer.py","lineno":244,"error_detail":[{"exc_type":"NameError","exc_value":"name 'JSON_transformation' is not defined","exc_notes":[],"syntax_error":null,"is_cause":false,"frames":[{"filename":"/home/airflow/.local/lib/python3.13/site-packages/airflow/dag_processing/importers/python_importer.py","lineno":238,"name":"parse"},{"filename":"<frozen importlib._bootstrap_external>","lineno":1023,"name":"exec_module"},{"filename":"<frozen importlib._bootstrap>","lineno":488,"name":"_call_with_frames_removed"},{"filename":"/opt/airflow/dags/dag_api_dimension_sync.py","lineno":43,"name":"<module>"},{"filename":"/home/airflow/.local/lib/python3.13/site-packages/airflow/sdk/definitions/dag.py","lineno":1696,"name":"factory"},{"filename":"/opt/airflow/dags/dag_api_dimension_sync.py","lineno":41,"name":"API_dimension_sync"}],"is_group":false,"exceptions":[]}]}
{"timestamp":"2026-09-03T13:32:11.635534Z","level":"error","event":"Error loading DAG from dag_api_dimension_sync.py: name 'JSON_transformation' is not defined","logger":"airflow.dag_processing.dagbag.BundleDagBag","filename":"dagbag.py","lineno":319}
{"timestamp":"2026-09-03T13:32:14.708487Z","level":"info","event":"Filling up the DagBag from /opt/airflow/dags/dag_api_dimension_sync.py","logger":"airflow.dag_processing.dagbag.BundleDagBag","filename":"dagbag.py","lineno":460}
{"timestamp":"2026-09-03T13:32:45.428524Z","level":"info","event":"Filling up the DagBag from /opt/airflow/dags/dag_api_dimension_sync.py","logger":"airflow.dag_processing.dagbag.BundleDagBag","filename":"dagbag.py","lineno":460}
{"timestamp":"2026-09-03T13:33:16.095824Z","level":"info","event":"Filling up the DagBag from /opt/airflow/dags/dag_api_dimension_sync.py","logger":"airflow.dag_processing.dagbag.BundleDagBag","filename":"dagbag.py","lineno":460}
{"timestamp":"2026-09-03T13:33:46.758185Z","level":"info","event":"Filling up the DagBag from /opt/airflow/dags/dag_api_dimension_sync.py","logger":"airflow.dag_processing.dagbag.BundleDagBag","filename":"dagbag.py","lineno":460}
{"timestamp":"2026-09-03T13:34:17.470998Z","level":"info","event":"Filling up the DagBag from /opt/airflow/dags/dag_api_dimension_sync.py","logger":"airflow.dag_processing.dagbag.BundleDagBag","filename":"dagbag.py","lineno":460}
{"timestamp":"2026-09-03T13:34:48.111533Z","level":"info","event":"Filling up the DagBag from /opt/airflow/dags/dag_api_dimension_sync.py","logger":"airflow.dag_processing.dagbag.BundleDagBag","filename":"dagbag.py","lineno":460}
{"timestamp":"2026-09-03T13:35:18.791485Z","level":"info","event":"Filling up the DagBag from /opt/airflow/dags/dag_api_dimension_sync.py","logger":"airflow.dag_processing.dagbag.BundleDagBag","filename":"dagbag.py","lineno":460}
{"timestamp":"2026-09-03T13:35:49.545973Z","level":"info","event":"Filling up the DagBag from /opt/airflow/dags/dag_api_dimension_sync.py","logger":"airflow.dag_processing.dagbag.BundleDagBag","filename":"dagbag.py","lineno":460}
{"timestamp":"2026-09-03T13:36:20.289695Z","level":"info","event":"Filling up the DagBag from /opt/airflow/dags/dag_api_dimension_sync.py","logger":"airflow.dag_processing.dagbag.BundleDagBag","filename":"dagbag.py","lineno":460}
{"timestamp":"2026-09-03T13:36:50.979256Z","level":"info","event":"Filling up the DagBag from /opt/airflow/dags/dag_api_dimension_sync.py","logger":"airflow.dag_processing.dagbag.BundleDagBag","filename":"dagbag.py","lineno":460}
{"timestamp":"2026-09-03T13:37:21.648794Z","level":"info","event":"Filling up the DagBag from /opt/airflow/dags/dag_api_dimension_sync.py","logger":"airflow.dag_processing.dagbag.BundleDagBag","filename":"dagbag.py","lineno":460}
{"timestamp":"2026-09-03T13:37:52.390693Z","level":"info","event":"Filling up the DagBag from /opt/airflow/dags/dag_api_dimension_sync.py","logger":"airflow.dag_processing.dagbag.BundleDagBag","filename":"dagbag.py","lineno":460}
{"timestamp":"2026-09-03T13:38:23.037109Z","level":"info","event":"Filling up the DagBag from /opt/airflow/dags/dag_api_dimension_sync.py","logger":"airflow.dag_processing.dagbag.BundleDagBag","filename":"dagbag.py","lineno":460}
{"timestamp":"2026-09-03T13:38:53.731567Z","level":"info","event":"Filling up the DagBag from /opt/airflow/dags/dag_api_dimension_sync.py","logger":"airflow.dag_processing.dagbag.BundleDagBag","filename":"dagbag.py","lineno":460}
{"timestamp":"2026-09-03T13:39:24.382979Z","level":"info","event":"Filling up the DagBag from /opt/airflow/dags/dag_api_dimension_sync.py","logger":"airflow.dag_processing.dagbag.BundleDagBag","filename":"dagbag.py","lineno":460}
{"timestamp":"2026-09-03T13:39:55.040611Z","level":"info","event":"Filling up the DagBag from /opt/airflow/dags/dag_api_dimension_sync.py","logger":"airflow.dag_processing.dagbag.BundleDagBag","filename":"dagbag.py","lineno":460}
{"timestamp":"2026-09-03T13:40:25.675949Z","level":"info","event":"Filling up the DagBag from /opt/airflow/dags/dag_api_dimension_sync.py","logger":"airflow.dag_processing.dagbag.BundleDagBag","filename":"dagbag.py","lineno":460}
{"timestamp":"2026-09-03T13:40:56.329236Z","level":"info","event":"Filling up the DagBag from /opt/airflow/dags/dag_api_dimension_sync.py","logger":"airflow.dag_processing.dagbag.BundleDagBag","filename":"dagbag.py","lineno":460}
{"timestamp":"2026-09-03T13:41:27.005039Z","level":"info","event":"Filling up the DagBag from /opt/airflow/dags/dag_api_dimension_sync.py","logger":"airflow.dag_processing.dagbag.BundleDagBag","filename":"dagbag.py","lineno":460}
{"timestamp":"2026-09-03T13:41:57.636993Z","level":"info","event":"Filling up the DagBag from /opt/airflow/dags/dag_api_dimension_sync.py","logger":"airflow.dag_processing.dagbag.BundleDagBag","filename":"dagbag.py","lineno":460}
{"timestamp":"2026-09-03T13:42:28.264413Z","level":"info","event":"Filling up the DagBag from /opt/airflow/dags/dag_api_dimension_sync.py","logger":"airflow.dag_processing.dagbag.BundleDagBag","filename":"dagbag.py","lineno":460}
{"timestamp":"2026-09-03T13:42:58.913724Z","level":"info","event":"Filling up the DagBag from /opt/airflow/dags/dag_api_dimension_sync.py","logger":"airflow.dag_processing.dagbag.BundleDagBag","filename":"dagbag.py","lineno":460}
{"timestamp":"2026-09-03T13:43:29.586060Z","level":"info","event":"Filling up the DagBag from /opt/airflow/dags/dag_api_dimension_sync.py","logger":"airflow.dag_processing.dagbag.BundleDagBag","filename":"dagbag.py","lineno":460}
{"timestamp":"2026-09-03T13:44:00.282152Z","level":"info","event":"Filling up the DagBag from /opt/airflow/dags/dag_api_dimension_sync.py","logger":"airflow.dag_processing.dagbag.BundleDagBag","filename":"dagbag.py","lineno":460}
{"timestamp":"2026-09-03T13:44:30.986657Z","level":"info","event":"Filling up the DagBag from /opt/airflow/dags/dag_api_dimension_sync.py","logger":"airflow.dag_processing.dagbag.BundleDagBag","filename":"dagbag.py","lineno":460}
{"timestamp":"2026-09-03T13:44:36.421840Z","level":"info","event":"Filling up the DagBag from /opt/airflow/dags/dag_api_dimension_sync.py","logger":"airflow.dag_processing.dagbag.BundleDagBag","filename":"dagbag.py","lineno":460}
{"timestamp":"2026-09-03T13:45:07.121520Z","level":"info","event":"Filling up the DagBag from /opt/airflow/dags/dag_api_dimension_sync.py","logger":"airflow.dag_processing.dagbag.BundleDagBag","filename":"dagbag.py","lineno":460}
{"timestamp":"2026-09-03T13:45:37.851894Z","level":"info","event":"Filling up the DagBag from /opt/airflow/dags/dag_api_dimension_sync.py","logger":"airflow.dag_processing.dagbag.BundleDagBag","filename":"dagbag.py","lineno":460}
{"timestamp":"2026-09-03T13:46:08.605443Z","level":"info","event":"Filling up the DagBag from /opt/airflow/dags/dag_api_dimension_sync.py","logger":"airflow.dag_processing.dagbag.BundleDagBag","filename":"dagbag.py","lineno":460}
{"timestamp":"2026-09-03T13:46:18.141763Z","level":"info","event":"Filling up the DagBag from /opt/airflow/dags/dag_api_dimension_sync.py","logger":"airflow.dag_processing.dagbag.BundleDagBag","filename":"dagbag.py","lineno":460}
{"timestamp":"2026-09-03T13:46:32.799687Z","level":"info","event":"Filling up the DagBag from /opt/airflow/dags/dag_api_dimension_sync.py","logger":"airflow.dag_processing.dagbag.BundleDagBag","filename":"dagbag.py","lineno":460}
{"timestamp":"2026-09-03T13:47:03.610501Z","level":"info","event":"Filling up the DagBag from /opt/airflow/dags/dag_api_dimension_sync.py","logger":"airflow.dag_processing.dagbag.BundleDagBag","filename":"dagbag.py","lineno":460}
{"timestamp":"2026-09-03T13:47:34.398428Z","level":"info","event":"Filling up the DagBag from /opt/airflow/dags/dag_api_dimension_sync.py","logger":"airflow.dag_processing.dagbag.BundleDagBag","filename":"dagbag.py","lineno":460}
{"timestamp":"2026-09-03T13:48:05.095718Z","level":"info","event":"Filling up the DagBag from /opt/airflow/dags/dag_api_dimension_sync.py","logger":"airflow.dag_processing.dagbag.BundleDagBag","filename":"dagbag.py","lineno":460}
{"timestamp":"2026-09-03T13:48:35.762912Z","level":"info","event":"Filling up the DagBag from /opt/airflow/dags/dag_api_dimension_sync.py","logger":"airflow.dag_processing.dagbag.BundleDagBag","filename":"dagbag.py","lineno":460}
{"timestamp":"2026-09-03T13:49:06.414779Z","level":"info","event":"Filling up the DagBag from /opt/airflow/dags/dag_api_dimension_sync.py","logger":"airflow.dag_processing.dagbag.BundleDagBag","filename":"dagbag.py","lineno":460}
{"timestamp":"2026-09-03T13:49:32.027850Z","level":"info","event":"Filling up the DagBag from /opt/airflow/dags/dag_api_dimension_sync.py","logger":"airflow.dag_processing.dagbag.BundleDagBag","filename":"dagbag.py","lineno":460}
{"timestamp":"2026-09-03T13:49:55.704445Z","level":"info","event":"Filling up the DagBag from /opt/airflow/dags/dag_api_dimension_sync.py","logger":"airflow.dag_processing.dagbag.BundleDagBag","filename":"dagbag.py","lineno":460}
{"timestamp":"2026-09-03T13:50:26.379235Z","level":"info","event":"Filling up the DagBag from /opt/airflow/dags/dag_api_dimension_sync.py","logger":"airflow.dag_processing.dagbag.BundleDagBag","filename":"dagbag.py","lineno":460}
{"timestamp":"2026-09-03T13:50:32.841164Z","level":"info","event":"Filling up the DagBag from /opt/airflow/dags/dag_api_dimension_sync.py","logger":"airflow.dag_processing.dagbag.BundleDagBag","filename":"dagbag.py","lineno":460}
{"timestamp":"2026-09-03T13:51:03.516794Z","level":"info","event":"Filling up the DagBag from /opt/airflow/dags/dag_api_dimension_sync.py","logger":"airflow.dag_processing.dagbag.BundleDagBag","filename":"dagbag.py","lineno":460}
{"timestamp":"2026-09-03T13:51:34.116525Z","level":"info","event":"Filling up the DagBag from /opt/airflow/dags/dag_api_dimension_sync.py","logger":"airflow.dag_processing.dagbag.BundleDagBag","filename":"dagbag.py","lineno":460}
{"timestamp":"2026-09-03T13:52:04.739083Z","level":"info","event":"Filling up the DagBag from /opt/airflow/dags/dag_api_dimension_sync.py","logger":"airflow.dag_processing.dagbag.BundleDagBag","filename":"dagbag.py","lineno":460}
{"timestamp":"2026-09-03T13:52:35.346138Z","level":"info","event":"Filling up the DagBag from /opt/airflow/dags/dag_api_dimension_sync.py","logger":"airflow.dag_processing.dagbag.BundleDagBag","filename":"dagbag.py","lineno":460}
{"timestamp":"2026-09-03T13:53:05.944851Z","level":"info","event":"Filling up the DagBag from /opt/airflow/dags/dag_api_dimension_sync.py","logger":"airflow.dag_processing.dagbag.BundleDagBag","filename":"dagbag.py","lineno":460}
{"timestamp":"2026-09-03T13:53:36.549360Z","level":"info","event":"Filling up the DagBag from /opt/airflow/dags/dag_api_dimension_sync.py","logger":"airflow.dag_processing.dagbag.BundleDagBag","filename":"dagbag.py","lineno":460}
{"timestamp":"2026-09-03T13:54:07.162858Z","level":"info","event":"Filling up the DagBag from /opt/airflow/dags/dag_api_dimension_sync.py","logger":"airflow.dag_processing.dagbag.BundleDagBag","filename":"dagbag.py","lineno":460}
{"timestamp":"2026-09-03T13:54:37.775507Z","level":"info","event":"Filling up the DagBag from /opt/airflow/dags/dag_api_dimension_sync.py","logger":"airflow.dag_processing.dagbag.BundleDagBag","filename":"dagbag.py","lineno":460}
{"timestamp":"2026-09-03T13:55:26.474265Z","level":"info","event":"Filling up the DagBag from /opt/airflow/dags/dag_api_dimension_sync.py","logger":"airflow.dag_processing.dagbag.BundleDagBag","filename":"dagbag.py","lineno":460}
{"timestamp":"2026-09-03T13:55:58.310561Z","level":"info","event":"Filling up the DagBag from /opt/airflow/dags/dag_api_dimension_sync.py","logger":"airflow.dag_processing.dagbag.BundleDagBag","filename":"dagbag.py","lineno":460}
{"timestamp":"2026-09-03T13:56:28.954975Z","level":"info","event":"Filling up the DagBag from /opt/airflow/dags/dag_api_dimension_sync.py","logger":"airflow.dag_processing.dagbag.BundleDagBag","filename":"dagbag.py","lineno":460}
{"timestamp":"2026-09-03T13:56:59.557852Z","level":"info","event":"Filling up the DagBag from /opt/airflow/dags/dag_api_dimension_sync.py","logger":"airflow.dag_processing.dagbag.BundleDagBag","filename":"dagbag.py","lineno":460}
{"timestamp":"2026-09-03T13:57:30.158545Z","level":"info","event":"Filling up the DagBag from /opt/airflow/dags/dag_api_dimension_sync.py","logger":"airflow.dag_processing.dagbag.BundleDagBag","filename":"dagbag.py","lineno":460}
{"timestamp":"2026-09-03T13:58:00.749925Z","level":"info","event":"Filling up the DagBag from /opt/airflow/dags/dag_api_dimension_sync.py","logger":"airflow.dag_processing.dagbag.BundleDagBag","filename":"dagbag.py","lineno":460}
{"timestamp":"2026-09-03T13:58:31.366166Z","level":"info","event":"Filling up the DagBag from /opt/airflow/dags/dag_api_dimension_sync.py","logger":"airflow.dag_processing.dagbag.BundleDagBag","filename":"dagbag.py","lineno":460}
{"timestamp":"2026-09-03T13:59:01.964368Z","level":"info","event":"Filling up the DagBag from /opt/airflow/dags/dag_api_dimension_sync.py","logger":"airflow.dag_processing.dagbag.BundleDagBag","filename":"dagbag.py","lineno":460}
{"timestamp":"2026-09-03T13:59:32.656686Z","level":"info","event":"Filling up the DagBag from /opt/airflow/dags/dag_api_dimension_sync.py","logger":"airflow.dag_processing.dagbag.BundleDagBag","filename":"dagbag.py","lineno":460}
{"timestamp":"2026-09-03T14:00:03.334454Z","level":"info","event":"Filling up the DagBag from /opt/airflow/dags/dag_api_dimension_sync.py","logger":"airflow.dag_processing.dagbag.BundleDagBag","filename":"dagbag.py","lineno":460}
{"timestamp":"2026-09-03T14:00:34.003229Z","level":"info","event":"Filling up the DagBag from /opt/airflow/dags/dag_api_dimension_sync.py","logger":"airflow.dag_processing.dagbag.BundleDagBag","filename":"dagbag.py","lineno":460}
{"timestamp":"2026-09-03T14:01:04.677659Z","level":"info","event":"Filling up the DagBag from /opt/airflow/dags/dag_api_dimension_sync.py","logger":"airflow.dag_processing.dagbag.BundleDagBag","filename":"dagbag.py","lineno":460}
{"timestamp":"2026-09-03T14:01:35.334938Z","level":"info","event":"Filling up the DagBag from /opt/airflow/dags/dag_api_dimension_sync.py","logger":"airflow.dag_processing.dagbag.BundleDagBag","filename":"dagbag.py","lineno":460}
{"timestamp":"2026-09-03T14:02:06.006747Z","level":"info","event":"Filling up the DagBag from /opt/airflow/dags/dag_api_dimension_sync.py","logger":"airflow.dag_processing.dagbag.BundleDagBag","filename":"dagbag.py","lineno":460}
{"timestamp":"2026-09-03T14:02:36.661015Z","level":"info","event":"Filling up the DagBag from /opt/airflow/dags/dag_api_dimension_sync.py","logger":"airflow.dag_processing.dagbag.BundleDagBag","filename":"dagbag.py","lineno":460}
{"timestamp":"2026-09-03T14:03:07.391704Z","level":"info","event":"Filling up the DagBag from /opt/airflow/dags/dag_api_dimension_sync.py","logger":"airflow.dag_processing.dagbag.BundleDagBag","filename":"dagbag.py","lineno":460}
{"timestamp":"2026-09-03T14:03:38.100887Z","level":"info","event":"Filling up the DagBag from /opt/airflow/dags/dag_api_dimension_sync.py","logger":"airflow.dag_processing.dagbag.BundleDagBag","filename":"dagbag.py","lineno":460}
{"timestamp":"2026-09-03T14:04:08.811307Z","level":"info","event":"Filling up the DagBag from /opt/airflow/dags/dag_api_dimension_sync.py","logger":"airflow.dag_processing.dagbag.BundleDagBag","filename":"dagbag.py","lineno":460}
{"timestamp":"2026-09-03T14:04:39.556268Z","level":"info","event":"Filling up the DagBag from /opt/airflow/dags/dag_api_dimension_sync.py","logger":"airflow.dag_processing.dagbag.BundleDagBag","filename":"dagbag.py","lineno":460}
{"timestamp":"2026-09-03T14:05:10.375773Z","level":"info","event":"Filling up the DagBag from /opt/airflow/dags/dag_api_dimension_sync.py","logger":"airflow.dag_processing.dagbag.BundleDagBag","filename":"dagbag.py","lineno":460}
{"timestamp":"2026-09-03T14:05:41.127539Z","level":"info","event":"Filling up the DagBag from /opt/airflow/dags/dag_api_dimension_sync.py","logger":"airflow.dag_processing.dagbag.BundleDagBag","filename":"dagbag.py","lineno":460}
{"timestamp":"2026-09-03T14:06:11.840742Z","level":"info","event":"Filling up the DagBag from /opt/airflow/dags/dag_api_dimension_sync.py","logger":"airflow.dag_processing.dagbag.BundleDagBag","filename":"dagbag.py","lineno":460}
{"timestamp":"2026-09-03T14:06:42.541937Z","level":"info","event":"Filling up the DagBag from /opt/airflow/dags/dag_api_dimension_sync.py","logger":"airflow.dag_processing.dagbag.BundleDagBag","filename":"dagbag.py","lineno":460}
{"timestamp":"2026-09-03T14:07:13.237974Z","level":"info","event":"Filling up the DagBag from /opt/airflow/dags/dag_api_dimension_sync.py","logger":"airflow.dag_processing.dagbag.BundleDagBag","filename":"dagbag.py","lineno":460}
{"timestamp":"2026-09-03T14:07:43.915954Z","level":"info","event":"Filling up the DagBag from /opt/airflow/dags/dag_api_dimension_sync.py","logger":"airflow.dag_processing.dagbag.BundleDagBag","filename":"dagbag.py","lineno":460}
{"timestamp":"2026-09-03T14:08:14.641295Z","level":"info","event":"Filling up the DagBag from /opt/airflow/dags/dag_api_dimension_sync.py","logger":"airflow.dag_processing.dagbag.BundleDagBag","filename":"dagbag.py","lineno":460}
{"timestamp":"2026-09-03T14:08:45.345441Z","level":"info","event":"Filling up the DagBag from /opt/airflow/dags/dag_api_dimension_sync.py","logger":"airflow.dag_processing.dagbag.BundleDagBag","filename":"dagbag.py","lineno":460}
{"timestamp":"2026-09-03T14:09:16.041115Z","level":"info","event":"Filling up the DagBag from /opt/airflow/dags/dag_api_dimension_sync.py","logger":"airflow.dag_processing.dagbag.BundleDagBag","filename":"dagbag.py","lineno":460}
{"timestamp":"2026-09-03T14:09:46.760785Z","level":"info","event":"Filling up the DagBag from /opt/airflow/dags/dag_api_dimension_sync.py","logger":"airflow.dag_processing.dagbag.BundleDagBag","filename":"dagbag.py","lineno":460}
{"timestamp":"2026-09-03T14:10:17.436298Z","level":"info","event":"Filling up the DagBag from /opt/airflow/dags/dag_api_dimension_sync.py","logger":"airflow.dag_processing.dagbag.BundleDagBag","filename":"dagbag.py","lineno":460}
{"timestamp":"2026-09-03T14:10:48.151353Z","level":"info","event":"Filling up the DagBag from /opt/airflow/dags/dag_api_dimension_sync.py","logger":"airflow.dag_processing.dagbag.BundleDagBag","filename":"dagbag.py","lineno":460}
{"timestamp":"2026-09-03T14:11:18.918455Z","level":"info","event":"Filling up the DagBag from /opt/airflow/dags/dag_api_dimension_sync.py","logger":"airflow.dag_processing.dagbag.BundleDagBag","filename":"dagbag.py","lineno":460}
{"timestamp":"2026-09-03T14:11:49.675363Z","level":"info","event":"Filling up the DagBag from /opt/airflow/dags/dag_api_dimension_sync.py","logger":"airflow.dag_processing.dagbag.BundleDagBag","filename":"dagbag.py","lineno":460}
{"timestamp":"2026-09-03T14:12:20.366331Z","level":"info","event":"Filling up the DagBag from /opt/airflow/dags/dag_api_dimension_sync.py","logger":"airflow.dag_processing.dagbag.BundleDagBag","filename":"dagbag.py","lineno":460}
{"timestamp":"2026-09-03T14:12:51.010291Z","level":"info","event":"Filling up the DagBag from /opt/airflow/dags/dag_api_dimension_sync.py","logger":"airflow.dag_processing.dagbag.BundleDagBag","filename":"dagbag.py","lineno":460}
{"timestamp":"2026-09-03T14:13:21.673573Z","level":"info","event":"Filling up the DagBag from /opt/airflow/dags/dag_api_dimension_sync.py","logger":"airflow.dag_processing.dagbag.BundleDagBag","filename":"dagbag.py","lineno":460}
{"timestamp":"2026-09-03T14:13:52.398843Z","level":"info","event":"Filling up the DagBag from /opt/airflow/dags/dag_api_dimension_sync.py","logger":"airflow.dag_processing.dagbag.BundleDagBag","filename":"dagbag.py","lineno":460}
{"timestamp":"2026-09-03T14:14:23.051368Z","level":"info","event":"Filling up the DagBag from /opt/airflow/dags/dag_api_dimension_sync.py","logger":"airflow.dag_processing.dagbag.BundleDagBag","filename":"dagbag.py","lineno":460}
{"timestamp":"2026-09-03T14:14:53.695946Z","level":"info","event":"Filling up the DagBag from /opt/airflow/dags/dag_api_dimension_sync.py","logger":"airflow.dag_processing.dagbag.BundleDagBag","filename":"dagbag.py","lineno":460}
{"timestamp":"2026-09-03T14:15:24.454024Z","level":"info","event":"Filling up the DagBag from /opt/airflow/dags/dag_api_dimension_sync.py","logger":"airflow.dag_processing.dagbag.BundleDagBag","filename":"dagbag.py","lineno":460}
{"timestamp":"2026-09-03T14:15:55.244058Z","level":"info","event":"Filling up the DagBag from /opt/airflow/dags/dag_api_dimension_sync.py","logger":"airflow.dag_processing.dagbag.BundleDagBag","filename":"dagbag.py","lineno":460}
{"timestamp":"2026-09-03T14:16:25.885907Z","level":"info","event":"Filling up the DagBag from /opt/airflow/dags/dag_api_dimension_sync.py","logger":"airflow.dag_processing.dagbag.BundleDagBag","filename":"dagbag.py","lineno":460}
{"timestamp":"2026-09-03T14:16:56.626506Z","level":"info","event":"Filling up the DagBag from /opt/airflow/dags/dag_api_dimension_sync.py","logger":"airflow.dag_processing.dagbag.BundleDagBag","filename":"dagbag.py","lineno":460}
{"timestamp":"2026-09-03T14:17:27.253854Z","level":"info","event":"Filling up the DagBag from /opt/airflow/dags/dag_api_dimension_sync.py","logger":"airflow.dag_processing.dagbag.BundleDagBag","filename":"dagbag.py","lineno":460}
{"timestamp":"2026-09-03T14:17:57.887267Z","level":"info","event":"Filling up the DagBag from /opt/airflow/dags/dag_api_dimension_sync.py","logger":"airflow.dag_processing.dagbag.BundleDagBag","filename":"dagbag.py","lineno":460}
{"timestamp":"2026-09-03T14:18:28.516441Z","level":"info","event":"Filling up the DagBag from /opt/airflow/dags/dag_api_dimension_sync.py","logger":"airflow.dag_processing.dagbag.BundleDagBag","filename":"dagbag.py","lineno":460}
{"timestamp":"2026-09-03T14:18:59.137687Z","level":"info","event":"Filling up the DagBag from /opt/airflow/dags/dag_api_dimension_sync.py","logger":"airflow.dag_processing.dagbag.BundleDagBag","filename":"dagbag.py","lineno":460}
{"timestamp":"2026-09-03T14:19:29.746376Z","level":"info","event":"Filling up the DagBag from /opt/airflow/dags/dag_api_dimension_sync.py","logger":"airflow.dag_processing.dagbag.BundleDagBag","filename":"dagbag.py","lineno":460}
{"timestamp":"2026-09-03T14:20:00.403781Z","level":"info","event":"Filling up the DagBag from /opt/airflow/dags/dag_api_dimension_sync.py","logger":"airflow.dag_processing.dagbag.BundleDagBag","filename":"dagbag.py","lineno":460}
{"timestamp":"2026-09-03T14:20:31.044972Z","level":"info","event":"Filling up the DagBag from /opt/airflow/dags/dag_api_dimension_sync.py","logger":"airflow.dag_processing.dagbag.BundleDagBag","filename":"dagbag.py","lineno":460}
{"timestamp":"2026-09-03T14:21:01.663850Z","level":"info","event":"Filling up the DagBag from /opt/airflow/dags/dag_api_dimension_sync.py","logger":"airflow.dag_processing.dagbag.BundleDagBag","filename":"dagbag.py","lineno":460}
{"timestamp":"2026-09-03T14:21:32.312997Z","level":"info","event":"Filling up the DagBag from /opt/airflow/dags/dag_api_dimension_sync.py","logger":"airflow.dag_processing.dagbag.BundleDagBag","filename":"dagbag.py","lineno":460}
{"timestamp":"2026-09-03T14:22:03.017613Z","level":"info","event":"Filling up the DagBag from /opt/airflow/dags/dag_api_dimension_sync.py","logger":"airflow.dag_processing.dagbag.BundleDagBag","filename":"dagbag.py","lineno":460}
{"timestamp":"2026-09-03T14:22:33.695411Z","level":"info","event":"Filling up the DagBag from /opt/airflow/dags/dag_api_dimension_sync.py","logger":"airflow.dag_processing.dagbag.BundleDagBag","filename":"dagbag.py","lineno":460}
{"timestamp":"2026-09-03T14:23:04.411045Z","level":"info","event":"Filling up the DagBag from /opt/airflow/dags/dag_api_dimension_sync.py","logger":"airflow.dag_processing.dagbag.BundleDagBag","filename":"dagbag.py","lineno":460}
{"timestamp":"2026-09-03T14:23:35.140656Z","level":"info","event":"Filling up the DagBag from /opt/airflow/dags/dag_api_dimension_sync.py","logger":"airflow.dag_processing.dagbag.BundleDagBag","filename":"dagbag.py","lineno":460}
{"timestamp":"2026-09-03T14:24:05.857689Z","level":"info","event":"Filling up the DagBag from /opt/airflow/dags/dag_api_dimension_sync.py","logger":"airflow.dag_processing.dagbag.BundleDagBag","filename":"dagbag.py","lineno":460}
{"timestamp":"2026-09-03T14:24:36.538608Z","level":"info","event":"Filling up the DagBag from /opt/airflow/dags/dag_api_dimension_sync.py","logger":"airflow.dag_processing.dagbag.BundleDagBag","filename":"dagbag.py","lineno":460}
{"timestamp":"2026-09-03T14:25:07.178556Z","level":"info","event":"Filling up the DagBag from /opt/airflow/dags/dag_api_dimension_sync.py","logger":"airflow.dag_processing.dagbag.BundleDagBag","filename":"dagbag.py","lineno":460}
{"timestamp":"2026-09-03T14:25:37.802362Z","level":"info","event":"Filling up the DagBag from /opt/airflow/dags/dag_api_dimension_sync.py","logger":"airflow.dag_processing.dagbag.BundleDagBag","filename":"dagbag.py","lineno":460}
{"timestamp":"2026-09-03T14:26:08.529798Z","level":"info","event":"Filling up the DagBag from /opt/airflow/dags/dag_api_dimension_sync.py","logger":"airflow.dag_processing.dagbag.BundleDagBag","filename":"dagbag.py","lineno":460}
{"timestamp":"2026-09-03T14:26:39.159090Z","level":"info","event":"Filling up the DagBag from /opt/airflow/dags/dag_api_dimension_sync.py","logger":"airflow.dag_processing.dagbag.BundleDagBag","filename":"dagbag.py","lineno":460}
{"timestamp":"2026-09-03T14:27:09.765591Z","level":"info","event":"Filling up the DagBag from /opt/airflow/dags/dag_api_dimension_sync.py","logger":"airflow.dag_processing.dagbag.BundleDagBag","filename":"dagbag.py","lineno":460}
{"timestamp":"2026-09-03T14:27:40.389483Z","level":"info","event":"Filling up the DagBag from /opt/airflow/dags/dag_api_dimension_sync.py","logger":"airflow.dag_processing.dagbag.BundleDagBag","filename":"dagbag.py","lineno":460}
{"timestamp":"2026-09-03T14:28:11.072434Z","level":"info","event":"Filling up the DagBag from /opt/airflow/dags/dag_api_dimension_sync.py","logger":"airflow.dag_processing.dagbag.BundleDagBag","filename":"dagbag.py","lineno":460}
{"timestamp":"2026-09-03T14:28:41.766835Z","level":"info","event":"Filling up the DagBag from /opt/airflow/dags/dag_api_dimension_sync.py","logger":"airflow.dag_processing.dagbag.BundleDagBag","filename":"dagbag.py","lineno":460}
{"timestamp":"2026-09-03T14:29:12.431717Z","level":"info","event":"Filling up the DagBag from /opt/airflow/dags/dag_api_dimension_sync.py","logger":"airflow.dag_processing.dagbag.BundleDagBag","filename":"dagbag.py","lineno":460}
{"timestamp":"2026-09-03T14:29:43.060052Z","level":"info","event":"Filling up the DagBag from /opt/airflow/dags/dag_api_dimension_sync.py","logger":"airflow.dag_processing.dagbag.BundleDagBag","filename":"dagbag.py","lineno":460}
{"timestamp":"2026-09-03T14:30:13.818785Z","level":"info","event":"Filling up the DagBag from /opt/airflow/dags/dag_api_dimension_sync.py","logger":"airflow.dag_processing.dagbag.BundleDagBag","filename":"dagbag.py","lineno":460}
{"timestamp":"2026-09-03T14:30:44.430213Z","level":"info","event":"Filling up the DagBag from /opt/airflow/dags/dag_api_dimension_sync.py","logger":"airflow.dag_processing.dagbag.BundleDagBag","filename":"dagbag.py","lineno":460}
{"timestamp":"2026-09-03T14:31:15.033912Z","level":"info","event":"Filling up the DagBag from /opt/airflow/dags/dag_api_dimension_sync.py","logger":"airflow.dag_processing.dagbag.BundleDagBag","filename":"dagbag.py","lineno":460}
{"timestamp":"2026-09-03T14:31:45.706139Z","level":"info","event":"Filling up the DagBag from /opt/airflow/dags/dag_api_dimension_sync.py","logger":"airflow.dag_processing.dagbag.BundleDagBag","filename":"dagbag.py","lineno":460}
{"timestamp":"2026-09-03T14:32:16.313590Z","level":"info","event":"Filling up the DagBag from /opt/airflow/dags/dag_api_dimension_sync.py","logger":"airflow.dag_processing.dagbag.BundleDagBag","filename":"dagbag.py","lineno":460}
{"timestamp":"2026-09-03T14:32:46.925982Z","level":"info","event":"Filling up the DagBag from /opt/airflow/dags/dag_api_dimension_sync.py","logger":"airflow.dag_processing.dagbag.BundleDagBag","filename":"dagbag.py","lineno":460}
{"timestamp":"2026-09-03T14:33:17.563914Z","level":"info","event":"Filling up the DagBag from /opt/airflow/dags/dag_api_dimension_sync.py","logger":"airflow.dag_processing.dagbag.BundleDagBag","filename":"dagbag.py","lineno":460}
{"timestamp":"2026-09-03T14:33:48.244354Z","level":"info","event":"Filling up the DagBag from /opt/airflow/dags/dag_api_dimension_sync.py","logger":"airflow.dag_processing.dagbag.BundleDagBag","filename":"dagbag.py","lineno":460}
{"timestamp":"2026-09-03T14:34:18.847853Z","level":"info","event":"Filling up the DagBag from /opt/airflow/dags/dag_api_dimension_sync.py","logger":"airflow.dag_processing.dagbag.BundleDagBag","filename":"dagbag.py","lineno":460}
{"timestamp":"2026-09-03T14:34:49.532853Z","level":"info","event":"Filling up the DagBag from /opt/airflow/dags/dag_api_dimension_sync.py","logger":"airflow.dag_processing.dagbag.BundleDagBag","filename":"dagbag.py","lineno":460}
{"timestamp":"2026-09-03T14:35:20.297202Z","level":"info","event":"Filling up the DagBag from /opt/airflow/dags/dag_api_dimension_sync.py","logger":"airflow.dag_processing.dagbag.BundleDagBag","filename":"dagbag.py","lineno":460}
{"timestamp":"2026-09-03T14:35:50.995795Z","level":"info","event":"Filling up the DagBag from /opt/airflow/dags/dag_api_dimension_sync.py","logger":"airflow.dag_processing.dagbag.BundleDagBag","filename":"dagbag.py","lineno":460}
{"timestamp":"2026-09-03T14:36:21.590548Z","level":"info","event":"Filling up the DagBag from /opt/airflow/dags/dag_api_dimension_sync.py","logger":"airflow.dag_processing.dagbag.BundleDagBag","filename":"dagbag.py","lineno":460}
{"timestamp":"2026-09-03T14:36:52.223609Z","level":"info","event":"Filling up the DagBag from /opt/airflow/dags/dag_api_dimension_sync.py","logger":"airflow.dag_processing.dagbag.BundleDagBag","filename":"dagbag.py","lineno":460}
{"timestamp":"2026-09-03T14:37:22.948534Z","level":"info","event":"Filling up the DagBag from /opt/airflow/dags/dag_api_dimension_sync.py","logger":"airflow.dag_processing.dagbag.BundleDagBag","filename":"dagbag.py","lineno":460}
{"timestamp":"2026-09-03T14:37:53.555873Z","level":"info","event":"Filling up the DagBag from /opt/airflow/dags/dag_api_dimension_sync.py","logger":"airflow.dag_processing.dagbag.BundleDagBag","filename":"dagbag.py","lineno":460}
{"timestamp":"2026-09-03T14:38:24.189449Z","level":"info","event":"Filling up the DagBag from /opt/airflow/dags/dag_api_dimension_sync.py","logger":"airflow.dag_processing.dagbag.BundleDagBag","filename":"dagbag.py","lineno":460}
{"timestamp":"2026-09-03T14:38:54.795470Z","level":"info","event":"Filling up the DagBag from /opt/airflow/dags/dag_api_dimension_sync.py","logger":"airflow.dag_processing.dagbag.BundleDagBag","filename":"dagbag.py","lineno":460}
{"timestamp":"2026-09-03T14:39:25.407127Z","level":"info","event":"Filling up the DagBag from /opt/airflow/dags/dag_api_dimension_sync.py","logger":"airflow.dag_processing.dagbag.BundleDagBag","filename":"dagbag.py","lineno":460}
{"timestamp":"2026-09-03T14:39:56.107115Z","level":"info","event":"Filling up the DagBag from /opt/airflow/dags/dag_api_dimension_sync.py","logger":"airflow.dag_processing.dagbag.BundleDagBag","filename":"dagbag.py","lineno":460}
{"timestamp":"2026-09-03T14:40:26.779189Z","level":"info","event":"Filling up the DagBag from /opt/airflow/dags/dag_api_dimension_sync.py","logger":"airflow.dag_processing.dagbag.BundleDagBag","filename":"dagbag.py","lineno":460}
{"timestamp":"2026-09-03T14:40:57.470134Z","level":"info","event":"Filling up the DagBag from /opt/airflow/dags/dag_api_dimension_sync.py","logger":"airflow.dag_processing.dagbag.BundleDagBag","filename":"dagbag.py","lineno":460}
{"timestamp":"2026-09-03T14:41:28.065155Z","level":"info","event":"Filling up the DagBag from /opt/airflow/dags/dag_api_dimension_sync.py","logger":"airflow.dag_processing.dagbag.BundleDagBag","filename":"dagbag.py","lineno":460}
{"timestamp":"2026-09-03T14:41:58.668507Z","level":"info","event":"Filling up the DagBag from /opt/airflow/dags/dag_api_dimension_sync.py","logger":"airflow.dag_processing.dagbag.BundleDagBag","filename":"dagbag.py","lineno":460}
{"timestamp":"2026-09-03T14:42:29.267130Z","level":"info","event":"Filling up the DagBag from /opt/airflow/dags/dag_api_dimension_sync.py","logger":"airflow.dag_processing.dagbag.BundleDagBag","filename":"dagbag.py","lineno":460}
{"timestamp":"2026-09-03T14:42:59.867838Z","level":"info","event":"Filling up the DagBag from /opt/airflow/dags/dag_api_dimension_sync.py","logger":"airflow.dag_processing.dagbag.BundleDagBag","filename":"dagbag.py","lineno":460}
{"timestamp":"2026-09-03T14:43:30.479778Z","level":"info","event":"Filling up the DagBag from /opt/airflow/dags/dag_api_dimension_sync.py","logger":"airflow.dag_processing.dagbag.BundleDagBag","filename":"dagbag.py","lineno":460}
{"timestamp":"2026-09-03T14:44:01.080541Z","level":"info","event":"Filling up the DagBag from /opt/airflow/dags/dag_api_dimension_sync.py","logger":"airflow.dag_processing.dagbag.BundleDagBag","filename":"dagbag.py","lineno":460}
{"timestamp":"2026-09-03T14:44:31.704359Z","level":"info","event":"Filling up the DagBag from /opt/airflow/dags/dag_api_dimension_sync.py","logger":"airflow.dag_processing.dagbag.BundleDagBag","filename":"dagbag.py","lineno":460}
{"timestamp":"2026-09-03T14:45:02.333187Z","level":"info","event":"Filling up the DagBag from /opt/airflow/dags/dag_api_dimension_sync.py","logger":"airflow.dag_processing.dagbag.BundleDagBag","filename":"dagbag.py","lineno":460}
{"timestamp":"2026-09-03T14:45:32.973438Z","level":"info","event":"Filling up the DagBag from /opt/airflow/dags/dag_api_dimension_sync.py","logger":"airflow.dag_processing.dagbag.BundleDagBag","filename":"dagbag.py","lineno":460}
{"timestamp":"2026-09-03T14:46:03.638640Z","level":"info","event":"Filling up the DagBag from /opt/airflow/dags/dag_api_dimension_sync.py","logger":"airflow.dag_processing.dagbag.BundleDagBag","filename":"dagbag.py","lineno":460}
{"timestamp":"2026-09-03T14:46:34.300648Z","level":"info","event":"Filling up the DagBag from /opt/airflow/dags/dag_api_dimension_sync.py","logger":"airflow.dag_processing.dagbag.BundleDagBag","filename":"dagbag.py","lineno":460}
{"timestamp":"2026-09-03T14:47:05.009700Z","level":"info","event":"Filling up the DagBag from /opt/airflow/dags/dag_api_dimension_sync.py","logger":"airflow.dag_processing.dagbag.BundleDagBag","filename":"dagbag.py","lineno":460}
{"timestamp":"2026-09-03T14:47:35.677653Z","level":"info","event":"Filling up the DagBag from /opt/airflow/dags/dag_api_dimension_sync.py","logger":"airflow.dag_processing.dagbag.BundleDagBag","filename":"dagbag.py","lineno":460}
{"timestamp":"2026-09-03T14:48:06.491175Z","level":"info","event":"Filling up the DagBag from /opt/airflow/dags/dag_api_dimension_sync.py","logger":"airflow.dag_processing.dagbag.BundleDagBag","filename":"dagbag.py","lineno":460}
{"timestamp":"2026-09-03T14:48:37.276698Z","level":"info","event":"Filling up the DagBag from /opt/airflow/dags/dag_api_dimension_sync.py","logger":"airflow.dag_processing.dagbag.BundleDagBag","filename":"dagbag.py","lineno":460}
{"timestamp":"2026-09-03T14:49:07.949473Z","level":"info","event":"Filling up the DagBag from /opt/airflow/dags/dag_api_dimension_sync.py","logger":"airflow.dag_processing.dagbag.BundleDagBag","filename":"dagbag.py","lineno":460}
{"timestamp":"2026-09-03T14:49:38.612741Z","level":"info","event":"Filling up the DagBag from /opt/airflow/dags/dag_api_dimension_sync.py","logger":"airflow.dag_processing.dagbag.BundleDagBag","filename":"dagbag.py","lineno":460}
{"timestamp":"2026-09-03T14:50:09.294156Z","level":"info","event":"Filling up the DagBag from /opt/airflow/dags/dag_api_dimension_sync.py","logger":"airflow.dag_processing.dagbag.BundleDagBag","filename":"dagbag.py","lineno":460}
{"timestamp":"2026-09-03T14:50:39.955053Z","level":"info","event":"Filling up the DagBag from /opt/airflow/dags/dag_api_dimension_sync.py","logger":"airflow.dag_processing.dagbag.BundleDagBag","filename":"dagbag.py","lineno":460}
{"timestamp":"2026-09-03T14:51:10.722628Z","level":"info","event":"Filling up the DagBag from /opt/airflow/dags/dag_api_dimension_sync.py","logger":"airflow.dag_processing.dagbag.BundleDagBag","filename":"dagbag.py","lineno":460}
{"timestamp":"2026-09-03T14:51:41.390239Z","level":"info","event":"Filling up the DagBag from /opt/airflow/dags/dag_api_dimension_sync.py","logger":"airflow.dag_processing.dagbag.BundleDagBag","filename":"dagbag.py","lineno":460}
{"timestamp":"2026-09-03T14:52:12.106114Z","level":"info","event":"Filling up the DagBag from /opt/airflow/dags/dag_api_dimension_sync.py","logger":"airflow.dag_processing.dagbag.BundleDagBag","filename":"dagbag.py","lineno":460}
{"timestamp":"2026-09-03T14:52:42.808734Z","level":"info","event":"Filling up the DagBag from /opt/airflow/dags/dag_api_dimension_sync.py","logger":"airflow.dag_processing.dagbag.BundleDagBag","filename":"dagbag.py","lineno":460}
{"timestamp":"2026-09-03T14:53:13.501899Z","level":"info","event":"Filling up the DagBag from /opt/airflow/dags/dag_api_dimension_sync.py","logger":"airflow.dag_processing.dagbag.BundleDagBag","filename":"dagbag.py","lineno":460}
{"timestamp":"2026-09-03T14:53:44.255076Z","level":"info","event":"Filling up the DagBag from /opt/airflow/dags/dag_api_dimension_sync.py","logger":"airflow.dag_processing.dagbag.BundleDagBag","filename":"dagbag.py","lineno":460}
{"timestamp":"2026-09-03T14:54:14.924511Z","level":"info","event":"Filling up the DagBag from /opt/airflow/dags/dag_api_dimension_sync.py","logger":"airflow.dag_processing.dagbag.BundleDagBag","filename":"dagbag.py","lineno":460}
{"timestamp":"2026-09-03T14:54:45.579048Z","level":"info","event":"Filling up the DagBag from /opt/airflow/dags/dag_api_dimension_sync.py","logger":"airflow.dag_processing.dagbag.BundleDagBag","filename":"dagbag.py","lineno":460}
{"timestamp":"2026-09-03T14:55:16.254127Z","level":"info","event":"Filling up the DagBag from /opt/airflow/dags/dag_api_dimension_sync.py","logger":"airflow.dag_processing.dagbag.BundleDagBag","filename":"dagbag.py","lineno":460}
{"timestamp":"2026-09-03T14:55:46.965030Z","level":"info","event":"Filling up the DagBag from /opt/airflow/dags/dag_api_dimension_sync.py","logger":"airflow.dag_processing.dagbag.BundleDagBag","filename":"dagbag.py","lineno":460}
{"timestamp":"2026-09-03T14:56:17.654743Z","level":"info","event":"Filling up the DagBag from /opt/airflow/dags/dag_api_dimension_sync.py","logger":"airflow.dag_processing.dagbag.BundleDagBag","filename":"dagbag.py","lineno":460}
{"timestamp":"2026-09-03T14:56:48.318178Z","level":"info","event":"Filling up the DagBag from /opt/airflow/dags/dag_api_dimension_sync.py","logger":"airflow.dag_processing.dagbag.BundleDagBag","filename":"dagbag.py","lineno":460}
{"timestamp":"2026-09-03T14:57:18.978033Z","level":"info","event":"Filling up the DagBag from /opt/airflow/dags/dag_api_dimension_sync.py","logger":"airflow.dag_processing.dagbag.BundleDagBag","filename":"dagbag.py","lineno":460}
{"timestamp":"2026-09-03T14:57:49.635631Z","level":"info","event":"Filling up the DagBag from /opt/airflow/dags/dag_api_dimension_sync.py","logger":"airflow.dag_processing.dagbag.BundleDagBag","filename":"dagbag.py","lineno":460}
{"timestamp":"2026-09-03T14:58:20.322500Z","level":"info","event":"Filling up the DagBag from /opt/airflow/dags/dag_api_dimension_sync.py","logger":"airflow.dag_processing.dagbag.BundleDagBag","filename":"dagbag.py","lineno":460}
{"timestamp":"2026-09-03T14:58:51.079027Z","level":"info","event":"Filling up the DagBag from /opt/airflow/dags/dag_api_dimension_sync.py","logger":"airflow.dag_processing.dagbag.BundleDagBag","filename":"dagbag.py","lineno":460}
{"timestamp":"2026-09-03T14:59:21.841898Z","level":"info","event":"Filling up the DagBag from /opt/airflow/dags/dag_api_dimension_sync.py","logger":"airflow.dag_processing.dagbag.BundleDagBag","filename":"dagbag.py","lineno":460}
{"timestamp":"2026-09-03T14:59:52.503988Z","level":"info","event":"Filling up the DagBag from /opt/airflow/dags/dag_api_dimension_sync.py","logger":"airflow.dag_processing.dagbag.BundleDagBag","filename":"dagbag.py","lineno":460}
{"timestamp":"2026-09-03T15:00:23.215902Z","level":"info","event":"Filling up the DagBag from /opt/airflow/dags/dag_api_dimension_sync.py","logger":"airflow.dag_processing.dagbag.BundleDagBag","filename":"dagbag.py","lineno":460}
{"timestamp":"2026-09-03T15:00:53.897836Z","level":"info","event":"Filling up the DagBag from /opt/airflow/dags/dag_api_dimension_sync.py","logger":"airflow.dag_processing.dagbag.BundleDagBag","filename":"dagbag.py","lineno":460}
{"timestamp":"2026-09-03T15:01:24.598265Z","level":"info","event":"Filling up the DagBag from /opt/airflow/dags/dag_api_dimension_sync.py","logger":"airflow.dag_processing.dagbag.BundleDagBag","filename":"dagbag.py","lineno":460}
{"timestamp":"2026-09-03T15:01:55.303584Z","level":"info","event":"Filling up the DagBag from /opt/airflow/dags/dag_api_dimension_sync.py","logger":"airflow.dag_processing.dagbag.BundleDagBag","filename":"dagbag.py","lineno":460}
{"timestamp":"2026-09-03T15:02:26.002805Z","level":"info","event":"Filling up the DagBag from /opt/airflow/dags/dag_api_dimension_sync.py","logger":"airflow.dag_processing.dagbag.BundleDagBag","filename":"dagbag.py","lineno":460}
{"timestamp":"2026-09-03T15:02:56.674141Z","level":"info","event":"Filling up the DagBag from /opt/airflow/dags/dag_api_dimension_sync.py","logger":"airflow.dag_processing.dagbag.BundleDagBag","filename":"dagbag.py","lineno":460}
{"timestamp":"2026-09-03T15:03:27.349912Z","level":"info","event":"Filling up the DagBag from /opt/airflow/dags/dag_api_dimension_sync.py","logger":"airflow.dag_processing.dagbag.BundleDagBag","filename":"dagbag.py","lineno":460}
{"timestamp":"2026-09-03T15:03:57.996134Z","level":"info","event":"Filling up the DagBag from /opt/airflow/dags/dag_api_dimension_sync.py","logger":"airflow.dag_processing.dagbag.BundleDagBag","filename":"dagbag.py","lineno":460}
{"timestamp":"2026-09-03T15:04:28.649807Z","level":"info","event":"Filling up the DagBag from /opt/airflow/dags/dag_api_dimension_sync.py","logger":"airflow.dag_processing.dagbag.BundleDagBag","filename":"dagbag.py","lineno":460}
{"timestamp":"2026-09-03T15:04:59.307131Z","level":"info","event":"Filling up the DagBag from /opt/airflow/dags/dag_api_dimension_sync.py","logger":"airflow.dag_processing.dagbag.BundleDagBag","filename":"dagbag.py","lineno":460}
{"timestamp":"2026-09-03T15:05:30.080479Z","level":"info","event":"Filling up the DagBag from /opt/airflow/dags/dag_api_dimension_sync.py","logger":"airflow.dag_processing.dagbag.BundleDagBag","filename":"dagbag.py","lineno":460}
{"timestamp":"2026-09-03T15:06:00.787448Z","level":"info","event":"Filling up the DagBag from /opt/airflow/dags/dag_api_dimension_sync.py","logger":"airflow.dag_processing.dagbag.BundleDagBag","filename":"dagbag.py","lineno":460}
{"timestamp":"2026-09-03T15:06:31.446157Z","level":"info","event":"Filling up the DagBag from /opt/airflow/dags/dag_api_dimension_sync.py","logger":"airflow.dag_processing.dagbag.BundleDagBag","filename":"dagbag.py","lineno":460}
{"timestamp":"2026-09-03T15:07:02.110350Z","level":"info","event":"Filling up the DagBag from /opt/airflow/dags/dag_api_dimension_sync.py","logger":"airflow.dag_processing.dagbag.BundleDagBag","filename":"dagbag.py","lineno":460}
{"timestamp":"2026-09-03T15:07:32.821603Z","level":"info","event":"Filling up the DagBag from /opt/airflow/dags/dag_api_dimension_sync.py","logger":"airflow.dag_processing.dagbag.BundleDagBag","filename":"dagbag.py","lineno":460}
{"timestamp":"2026-09-03T15:08:03.486056Z","level":"info","event":"Filling up the DagBag from /opt/airflow/dags/dag_api_dimension_sync.py","logger":"airflow.dag_processing.dagbag.BundleDagBag","filename":"dagbag.py","lineno":460}
{"timestamp":"2026-09-03T15:08:34.146290Z","level":"info","event":"Filling up the DagBag from /opt/airflow/dags/dag_api_dimension_sync.py","logger":"airflow.dag_processing.dagbag.BundleDagBag","filename":"dagbag.py","lineno":460}
{"timestamp":"2026-09-03T15:09:04.868191Z","level":"info","event":"Filling up the DagBag from /opt/airflow/dags/dag_api_dimension_sync.py","logger":"airflow.dag_processing.dagbag.BundleDagBag","filename":"dagbag.py","lineno":460}
{"timestamp":"2026-09-03T15:09:35.659455Z","level":"info","event":"Filling up the DagBag from /opt/airflow/dags/dag_api_dimension_sync.py","logger":"airflow.dag_processing.dagbag.BundleDagBag","filename":"dagbag.py","lineno":460}
{"timestamp":"2026-09-03T15:10:06.450672Z","level":"info","event":"Filling up the DagBag from /opt/airflow/dags/dag_api_dimension_sync.py","logger":"airflow.dag_processing.dagbag.BundleDagBag","filename":"dagbag.py","lineno":460}
{"timestamp":"2026-09-03T15:10:37.202310Z","level":"info","event":"Filling up the DagBag from /opt/airflow/dags/dag_api_dimension_sync.py","logger":"airflow.dag_processing.dagbag.BundleDagBag","filename":"dagbag.py","lineno":460}
{"timestamp":"2026-09-03T15:11:07.957828Z","level":"info","event":"Filling up the DagBag from /opt/airflow/dags/dag_api_dimension_sync.py","logger":"airflow.dag_processing.dagbag.BundleDagBag","filename":"dagbag.py","lineno":460}
{"timestamp":"2026-09-03T15:11:38.671175Z","level":"info","event":"Filling up the DagBag from /opt/airflow/dags/dag_api_dimension_sync.py","logger":"airflow.dag_processing.dagbag.BundleDagBag","filename":"dagbag.py","lineno":460}
{"timestamp":"2026-09-03T15:12:09.410453Z","level":"info","event":"Filling up the DagBag from /opt/airflow/dags/dag_api_dimension_sync.py","logger":"airflow.dag_processing.dagbag.BundleDagBag","filename":"dagbag.py","lineno":460}
{"timestamp":"2026-09-03T15:12:40.168932Z","level":"info","event":"Filling up the DagBag from /opt/airflow/dags/dag_api_dimension_sync.py","logger":"airflow.dag_processing.dagbag.BundleDagBag","filename":"dagbag.py","lineno":460}
{"timestamp":"2026-09-03T15:13:10.904740Z","level":"info","event":"Filling up the DagBag from /opt/airflow/dags/dag_api_dimension_sync.py","logger":"airflow.dag_processing.dagbag.BundleDagBag","filename":"dagbag.py","lineno":460}
{"timestamp":"2026-09-03T15:13:41.643792Z","level":"info","event":"Filling up the DagBag from /opt/airflow/dags/dag_api_dimension_sync.py","logger":"airflow.dag_processing.dagbag.BundleDagBag","filename":"dagbag.py","lineno":460}
{"timestamp":"2026-09-03T15:14:12.381279Z","level":"info","event":"Filling up the DagBag from /opt/airflow/dags/dag_api_dimension_sync.py","logger":"airflow.dag_processing.dagbag.BundleDagBag","filename":"dagbag.py","lineno":460}
{"timestamp":"2026-09-03T15:14:43.075796Z","level":"info","event":"Filling up the DagBag from /opt/airflow/dags/dag_api_dimension_sync.py","logger":"airflow.dag_processing.dagbag.BundleDagBag","filename":"dagbag.py","lineno":460}
{"timestamp":"2026-09-03T15:15:13.764832Z","level":"info","event":"Filling up the DagBag from /opt/airflow/dags/dag_api_dimension_sync.py","logger":"airflow.dag_processing.dagbag.BundleDagBag","filename":"dagbag.py","lineno":460}
{"timestamp":"2026-09-03T15:15:44.437210Z","level":"info","event":"Filling up the DagBag from /opt/airflow/dags/dag_api_dimension_sync.py","logger":"airflow.dag_processing.dagbag.BundleDagBag","filename":"dagbag.py","lineno":460}
{"timestamp":"2026-09-03T15:16:15.179032Z","level":"info","event":"Filling up the DagBag from /opt/airflow/dags/dag_api_dimension_sync.py","logger":"airflow.dag_processing.dagbag.BundleDagBag","filename":"dagbag.py","lineno":460}
{"timestamp":"2026-09-03T15:16:45.980621Z","level":"info","event":"Filling up the DagBag from /opt/airflow/dags/dag_api_dimension_sync.py","logger":"airflow.dag_processing.dagbag.BundleDagBag","filename":"dagbag.py","lineno":460}
{"timestamp":"2026-09-03T15:17:16.764336Z","level":"info","event":"Filling up the DagBag from /opt/airflow/dags/dag_api_dimension_sync.py","logger":"airflow.dag_processing.dagbag.BundleDagBag","filename":"dagbag.py","lineno":460}
{"timestamp":"2026-09-03T15:17:47.463229Z","level":"info","event":"Filling up the DagBag from /opt/airflow/dags/dag_api_dimension_sync.py","logger":"airflow.dag_processing.dagbag.BundleDagBag","filename":"dagbag.py","lineno":460}
{"timestamp":"2026-09-03T15:18:18.143603Z","level":"info","event":"Filling up the DagBag from /opt/airflow/dags/dag_api_dimension_sync.py","logger":"airflow.dag_processing.dagbag.BundleDagBag","filename":"dagbag.py","lineno":460}
{"timestamp":"2026-09-03T16:55:07.623409Z","level":"info","event":"Filling up the DagBag from /opt/airflow/dags/dag_api_dimension_sync.py","logger":"airflow.dag_processing.dagbag.BundleDagBag","filename":"dagbag.py","lineno":460}
{"timestamp":"2026-09-03T16:55:39.772675Z","level":"info","event":"Filling up the DagBag from /opt/airflow/dags/dag_api_dimension_sync.py","logger":"airflow.dag_processing.dagbag.BundleDagBag","filename":"dagbag.py","lineno":460}
{"timestamp":"2026-09-03T16:56:10.383981Z","level":"info","event":"Filling up the DagBag from /opt/airflow/dags/dag_api_dimension_sync.py","logger":"airflow.dag_processing.dagbag.BundleDagBag","filename":"dagbag.py","lineno":460}
{"timestamp":"2026-09-03T16:56:41.036184Z","level":"info","event":"Filling up the DagBag from /opt/airflow/dags/dag_api_dimension_sync.py","logger":"airflow.dag_processing.dagbag.BundleDagBag","filename":"dagbag.py","lineno":460}
{"timestamp":"2026-09-03T16:57:11.742373Z","level":"info","event":"Filling up the DagBag from /opt/airflow/dags/dag_api_dimension_sync.py","logger":"airflow.dag_processing.dagbag.BundleDagBag","filename":"dagbag.py","lineno":460}
{"timestamp":"2026-09-03T16:57:42.401699Z","level":"info","event":"Filling up the DagBag from /opt/airflow/dags/dag_api_dimension_sync.py","logger":"airflow.dag_processing.dagbag.BundleDagBag","filename":"dagbag.py","lineno":460}
{"timestamp":"2026-09-03T16:58:13.033890Z","level":"info","event":"Filling up the DagBag from /opt/airflow/dags/dag_api_dimension_sync.py","logger":"airflow.dag_processing.dagbag.BundleDagBag","filename":"dagbag.py","lineno":460}
{"timestamp":"2026-09-03T16:58:43.729467Z","level":"info","event":"Filling up the DagBag from /opt/airflow/dags/dag_api_dimension_sync.py","logger":"airflow.dag_processing.dagbag.BundleDagBag","filename":"dagbag.py","lineno":460}
{"timestamp":"2026-09-03T16:59:14.427734Z","level":"info","event":"Filling up the DagBag from /opt/airflow/dags/dag_api_dimension_sync.py","logger":"airflow.dag_processing.dagbag.BundleDagBag","filename":"dagbag.py","lineno":460}
{"timestamp":"2026-09-03T16:59:45.184600Z","level":"info","event":"Filling up the DagBag from /opt/airflow/dags/dag_api_dimension_sync.py","logger":"airflow.dag_processing.dagbag.BundleDagBag","filename":"dagbag.py","lineno":460}
{"timestamp":"2026-09-03T17:00:15.819913Z","level":"info","event":"Filling up the DagBag from /opt/airflow/dags/dag_api_dimension_sync.py","logger":"airflow.dag_processing.dagbag.BundleDagBag","filename":"dagbag.py","lineno":460}
{"timestamp":"2026-09-03T17:00:46.499157Z","level":"info","event":"Filling up the DagBag from /opt/airflow/dags/dag_api_dimension_sync.py","logger":"airflow.dag_processing.dagbag.BundleDagBag","filename":"dagbag.py","lineno":460}
{"timestamp":"2026-09-03T17:01:17.298421Z","level":"info","event":"Filling up the DagBag from /opt/airflow/dags/dag_api_dimension_sync.py","logger":"airflow.dag_processing.dagbag.BundleDagBag","filename":"dagbag.py","lineno":460}
{"timestamp":"2026-09-03T17:01:47.988704Z","level":"info","event":"Filling up the DagBag from /opt/airflow/dags/dag_api_dimension_sync.py","logger":"airflow.dag_processing.dagbag.BundleDagBag","filename":"dagbag.py","lineno":460}
{"timestamp":"2026-09-03T17:02:18.724683Z","level":"info","event":"Filling up the DagBag from /opt/airflow/dags/dag_api_dimension_sync.py","logger":"airflow.dag_processing.dagbag.BundleDagBag","filename":"dagbag.py","lineno":460}
{"timestamp":"2026-09-03T17:02:49.420216Z","level":"info","event":"Filling up the DagBag from /opt/airflow/dags/dag_api_dimension_sync.py","logger":"airflow.dag_processing.dagbag.BundleDagBag","filename":"dagbag.py","lineno":460}
{"timestamp":"2026-09-03T17:03:20.247919Z","level":"info","event":"Filling up the DagBag from /opt/airflow/dags/dag_api_dimension_sync.py","logger":"airflow.dag_processing.dagbag.BundleDagBag","filename":"dagbag.py","lineno":460}
{"timestamp":"2026-09-03T17:03:51.001753Z","level":"info","event":"Filling up the DagBag from /opt/airflow/dags/dag_api_dimension_sync.py","logger":"airflow.dag_processing.dagbag.BundleDagBag","filename":"dagbag.py","lineno":460}
{"timestamp":"2026-09-03T17:04:21.958918Z","level":"info","event":"Filling up the DagBag from /opt/airflow/dags/dag_api_dimension_sync.py","logger":"airflow.dag_processing.dagbag.BundleDagBag","filename":"dagbag.py","lineno":460}
{"timestamp":"2026-09-03T17:04:52.722299Z","level":"info","event":"Filling up the DagBag from /opt/airflow/dags/dag_api_dimension_sync.py","logger":"airflow.dag_processing.dagbag.BundleDagBag","filename":"dagbag.py","lineno":460}
{"timestamp":"2026-09-03T17:05:23.865488Z","level":"info","event":"Filling up the DagBag from /opt/airflow/dags/dag_api_dimension_sync.py","logger":"airflow.dag_processing.dagbag.BundleDagBag","filename":"dagbag.py","lineno":460}
{"timestamp":"2026-09-03T17:05:54.591384Z","level":"info","event":"Filling up the DagBag from /opt/airflow/dags/dag_api_dimension_sync.py","logger":"airflow.dag_processing.dagbag.BundleDagBag","filename":"dagbag.py","lineno":460}
{"timestamp":"2026-09-03T17:06:25.291976Z","level":"info","event":"Filling up the DagBag from /opt/airflow/dags/dag_api_dimension_sync.py","logger":"airflow.dag_processing.dagbag.BundleDagBag","filename":"dagbag.py","lineno":460}
{"timestamp":"2026-09-03T17:06:56.021056Z","level":"info","event":"Filling up the DagBag from /opt/airflow/dags/dag_api_dimension_sync.py","logger":"airflow.dag_processing.dagbag.BundleDagBag","filename":"dagbag.py","lineno":460}
{"timestamp":"2026-09-03T17:07:26.710744Z","level":"info","event":"Filling up the DagBag from /opt/airflow/dags/dag_api_dimension_sync.py","logger":"airflow.dag_processing.dagbag.BundleDagBag","filename":"dagbag.py","lineno":460}
{"timestamp":"2026-09-03T17:07:57.440769Z","level":"info","event":"Filling up the DagBag from /opt/airflow/dags/dag_api_dimension_sync.py","logger":"airflow.dag_processing.dagbag.BundleDagBag","filename":"dagbag.py","lineno":460}
{"timestamp":"2026-09-03T17:08:28.232922Z","level":"info","event":"Filling up the DagBag from /opt/airflow/dags/dag_api_dimension_sync.py","logger":"airflow.dag_processing.dagbag.BundleDagBag","filename":"dagbag.py","lineno":460}
{"timestamp":"2026-09-03T17:08:58.959018Z","level":"info","event":"Filling up the DagBag from /opt/airflow/dags/dag_api_dimension_sync.py","logger":"airflow.dag_processing.dagbag.BundleDagBag","filename":"dagbag.py","lineno":460}
{"timestamp":"2026-09-03T17:09:29.592942Z","level":"info","event":"Filling up the DagBag from /opt/airflow/dags/dag_api_dimension_sync.py","logger":"airflow.dag_processing.dagbag.BundleDagBag","filename":"dagbag.py","lineno":460}
{"timestamp":"2026-09-03T17:10:00.261807Z","level":"info","event":"Filling up the DagBag from /opt/airflow/dags/dag_api_dimension_sync.py","logger":"airflow.dag_processing.dagbag.BundleDagBag","filename":"dagbag.py","lineno":460}
{"timestamp":"2026-09-03T17:10:30.917089Z","level":"info","event":"Filling up the DagBag from /opt/airflow/dags/dag_api_dimension_sync.py","logger":"airflow.dag_processing.dagbag.BundleDagBag","filename":"dagbag.py","lineno":460}
{"timestamp":"2026-09-03T17:11:01.597685Z","level":"info","event":"Filling up the DagBag from /opt/airflow/dags/dag_api_dimension_sync.py","logger":"airflow.dag_processing.dagbag.BundleDagBag","filename":"dagbag.py","lineno":460}
{"timestamp":"2026-09-03T17:11:32.242731Z","level":"info","event":"Filling up the DagBag from /opt/airflow/dags/dag_api_dimension_sync.py","logger":"airflow.dag_processing.dagbag.BundleDagBag","filename":"dagbag.py","lineno":460}
{"timestamp":"2026-09-03T17:12:02.874409Z","level":"info","event":"Filling up the DagBag from /opt/airflow/dags/dag_api_dimension_sync.py","logger":"airflow.dag_processing.dagbag.BundleDagBag","filename":"dagbag.py","lineno":460}
{"timestamp":"2026-09-03T17:12:33.503829Z","level":"info","event":"Filling up the DagBag from /opt/airflow/dags/dag_api_dimension_sync.py","logger":"airflow.dag_processing.dagbag.BundleDagBag","filename":"dagbag.py","lineno":460}
